{"type":"FeatureCollection","features":[{"type":"Feature","properties":{"name":"Berkshire","code":"H10200084"},"geometry":{"type":"Polygon","coordinates":[[[-1.3037978474389342,51.787287304728466],[-1.2997147233669912,51.76780652350879],[-1.288993289403515,51.75780304448333],[-1.2886135849190832,51.74960583069587],[-1.2608337475823332,51.74101002909369],[-1.2530084442347167,51.731314462111754],[-1.2436792254044846,51.72954315721207],[-1.2416009819273968,51.733854514368886],[-1.2384213911446211,51.72867150907032],[-1.240930173176805,51.720027268496764],[-1.229603592357445,51.71327658661171],[-1.2320377203908097,51.70481468066811],[-1.220868670698571,51.68355153675243],[-1.2297220943109146,51.67297737010397],[-1.2428869118931447,51.667404760481446],[-1.2544523302260806,51.6658904533846],[-1.2696230247684035,51.66971439092689],[-1.2837347646597441,51.665560105707776],[-1.2799111515310388,51.65439342642223],[-1.2873736097224937,51.64794851344302],[-1.2876013160408137,51.642960213240755],[-1.262118084867709,51.64879843427359],[-1.216961188549556,51.640126580667214],[-1.2046135831559295,51.657553914774034],[-1.1895137040458403,51.658116968456696],[-1.1774245673777723,51.64916436363078],[-1.1777438984905524,51.634959010635356],[-1.153084162480831,51.63519894298221],[-1.1473388557632356,51.6330359709736],[-1.1427453760682817,51.62491781091862],[-1.116212522574095,51.619143874499876],[-1.112167822037629,51.613859446456765],[-1.124175722900509,51.590702814303626],[-1.1253254043830472,51.570702805947086],[-1.1392135492523279,51.56258594245722],[-1.145636681523149,51.55380814701961],[-1.1337563154612016,51.53587635679804],[-1.143189008190544,51.52354077061583],[-1.1343176880790147,51.51231484714248],[-1.1121438673515978,51.510585780631565],[-1.1030438811635699,51.49193443297409],[-1.0980602094866634,51.48936474808663],[-1.0892940381286846,51.48594424355994],[-1.0492144749508123,51.491814048759586],[-1.0399796400911254,51.48841822663685],[-1.0369051925459607,51.47634320538496],[-1.0204095091558003,51.468099520294786],[-0.9889877706492936,51.468076459566156],[-0.9903991712693865,51.482369557387024],[-0.96030008828138,51.48892610654664],[-0.9612365579790003,51.49739681638144],[-0.9584217665217513,51.48951083679461],[-0.9647168552453815,51.47917462531265],[-0.956038950907387,51.47031670805541],[-0.9585170665072018,51.463395110064305],[-0.9432081302578169,51.458448330340815],[-0.9198566532492979,51.466368642541106],[-0.9071049447195013,51.48117253284001],[-0.8953274965073823,51.485388751707916],[-0.8876025335974235,51.49585484755842],[-0.8678021727876822,51.50129844224979],[-0.8747201370960462,51.511084502925],[-0.8741974454447977,51.52152625302872],[-0.8970731842369916,51.537545663302886],[-0.883307100458017,51.56044646975091],[-0.8708268160230361,51.56162523468555],[-0.8613155466513367,51.55101144181401],[-0.8374558436766129,51.54410912543044],[-0.8274674564683066,51.54541879844365],[-0.8198863236609198,51.551413254459625],[-0.7893820910462226,51.550940329376125],[-0.7718665904757961,51.56688099335907],[-0.7546762726542724,51.56443319437148],[-0.7302047164267192,51.57620835187602],[-0.7159441982931112,51.578207125094615],[-0.7087073284107542,51.56335221786457],[-0.6957380383282926,51.56434652717093],[-0.6911170146001918,51.55791148785318],[-0.6907143131759906,51.544381023025345],[-0.6982982525898125,51.53592251385931],[-0.7014157481239408,51.523395835301095],[-0.7000396631853781,51.50878579429859],[-0.6847815959176873,51.50691825606509],[-0.6734417961669039,51.49205178315227],[-0.6505566359757603,51.482698667891256],[-0.6271802489237018,51.490929741787795],[-0.6221486560178445,51.485503954335485],[-0.6070316387209244,51.484592134285606],[-0.5976705247136872,51.49264097869454],[-0.5771023030671382,51.48098878104943],[-0.5823874138494385,51.471317279703804],[-0.5795333524159847,51.46906297068605],[-0.5589681354205595,51.47237570537601],[-0.5576606717626804,51.46571843942589],[-0.5669898781590778,51.4592668237309],[-0.5728746168642287,51.4479773853847],[-0.6007409380751632,51.43298146871621],[-0.6016902437285031,51.41956044871264],[-0.6134058940266959,51.403719102181455],[-0.6275627107105954,51.39373141339014],[-0.6345255703848277,51.39366451090514],[-0.63854608957225,51.38758479339181],[-0.6486221124143035,51.38455956594064],[-0.663587004440279,51.384253865200314],[-0.7363920647103713,51.36460664915115],[-0.7645244344699373,51.338668642516055],[-0.7769759181587375,51.332383366633394],[-0.794042784009319,51.341711191878574],[-0.8135908608840681,51.34170552108391],[-0.8147337106757635,51.346803289282235],[-0.8283132195506356,51.35217630866342],[-0.8522321772753918,51.35475960846981],[-0.8753364133257217,51.35140345495179],[-0.9184595997440048,51.364752388059095],[-0.986670737147825,51.35580276210346],[-0.9875758426382059,51.35980349433147],[-0.9989398810346195,51.36087478281488],[-1.0475278235020757,51.357382952792804],[-1.0828215029537238,51.38450110791853],[-1.1122318898035264,51.37399750127887],[-1.1130835325596284,51.36024811301583],[-1.1196301233670034,51.357157682785804],[-1.1680101433897105,51.360287249326696],[-1.1768244387752753,51.35728601342251],[-1.203238410449644,51.36654668827437],[-1.222617117898286,51.36838425074297],[-1.2393536984338744,51.36502186036899],[-1.2524862851265655,51.37031789510364],[-1.2736752250392174,51.36577472593076],[-1.315045445447545,51.37142731603829],[-1.3484358868087996,51.36581694605713],[-1.4113033160931092,51.37117188418969],[-1.428403763777642,51.35449127278251],[-1.4410001019268344,51.35422957349154],[-1.4426263763612306,51.347851991157896],[-1.4282379088398467,51.33561462590858],[-1.496139271707315,51.32886122824108],[-1.483758218400257,51.345952160004856],[-1.4986394276398725,51.35454225746405],[-1.4930218310321117,51.36735909668224],[-1.50880696385116,51.37041910208002],[-1.5141299987920376,51.37721313308809],[-1.5333257176359067,51.378241012548976],[-1.5279595831395623,51.38395113743824],[-1.53890663351808,51.3803373413934],[-1.5358804440768516,51.38574043619237],[-1.5539526029692399,51.39515617597888],[-1.552120529191035,51.40869475164692],[-1.5596067017441018,51.406784347121516],[-1.5629461439241408,51.41277235808439],[-1.568603008469362,51.41378672551994],[-1.5634888495958357,51.42118858903846],[-1.5566082865806132,51.41946680101236],[-1.539119740396311,51.42505799651975],[-1.5251296228038347,51.423265867156296],[-1.5283251555307396,51.43138174085283],[-1.521639999817927,51.44101840606614],[-1.5252145280891782,51.45254508253166],[-1.555997581781315,51.466755875323116],[-1.5707891656372657,51.48882580973403],[-1.58209566023314,51.49529281755015],[-1.5883233414454927,51.51263351394595],[-1.5864763893844949,51.52297489301155],[-1.6031991017608933,51.51726464294992],[-1.6533787025653903,51.574565184609924],[-1.6776514440351056,51.56841876120872],[-1.6920439830116467,51.581715750534585],[-1.6869341091535837,51.588781925871814],[-1.689320831016752,51.605342972794475],[-1.6825902703785136,51.611749878124954],[-1.6666514138740656,51.615899239351826],[-1.671325717601631,51.61932319169153],[-1.6689328843772053,51.623762626506654],[-1.6579261807869636,51.631414897705824],[-1.6620428098852364,51.641096666919495],[-1.6719745414543463,51.640717645221834],[-1.6792642862516913,51.6486224972902],[-1.6911389764851064,51.65103813037825],[-1.6861724348398306,51.66013865942316],[-1.698710904537277,51.670352581975465],[-1.6962868796670274,51.68053148621357],[-1.6800246711509124,51.69036082911774],[-1.6727114026010115,51.68784744169417],[-1.671854955658146,51.68274012071309],[-1.6606286537556434,51.680600523951284],[-1.6425276269912799,51.68542317461085],[-1.6296196127470426,51.68387234719806],[-1.6051570089558536,51.69271300433663],[-1.5978057907581575,51.68730380888738],[-1.576769575665805,51.69841867748751],[-1.5433467095960995,51.70208952741095],[-1.526582150647404,51.697877457133075],[-1.5144357783469562,51.701588062081775],[-1.4892506433326962,51.693732459796436],[-1.4763647979669023,51.70347325378943],[-1.462977516513612,51.69992803640586],[-1.4634235456492461,51.70844309800355],[-1.44859130859513,51.71091629426326],[-1.4399622544316295,51.71004749116434],[-1.4389518097297747,51.706312135994274],[-1.4212522978881568,51.708946457320955],[-1.3918630308813165,51.70495521826735],[-1.3773514560029105,51.712859466341925],[-1.3663998426185708,51.725246404438074],[-1.3721002507921143,51.73557034946297],[-1.3654582604321641,51.74624769583097],[-1.3610661104993238,51.7719502776821],[-1.3371038615275226,51.78400318749448],[-1.3037978474389342,51.787287304728466]]]}},{"type":"Feature","properties":{"name":"Cheshire","code":"H10200087"},"geometry":{"type":"MultiPolygon","coordinates":[[[[-3.203754111748956,53.37163518553433],[-3.2025621371025514,53.37030495992159],[-3.2058881484299238,53.371454517823786],[-3.203754111748956,53.37163518553433]]],[[[-3.220177208788273,53.37889166740148],[-3.216555057061956,53.37640687800153],[-3.2187990975945953,53.37701779773637],[-3.220177208788273,53.37889166740148]]],[[[-1.8581530484430517,53.53372177576661],[-1.8382926823817751,53.51946882720583],[-1.8240737034835293,53.52242734673042],[-1.813609599553323,53.51057379155186],[-1.8002634409901612,53.511302297944546],[-1.807174699002468,53.50644585008227],[-1.7939071115172553,53.50248997730301],[-1.7937775746533804,53.49529704601549],[-1.8159165507626065,53.49239531367794],[-1.825116411061428,53.49622235366942],[-1.86357478922125,53.49554681273003],[-1.895718180170229,53.48567922921697],[-1.9220166152624432,53.48297602772669],[-1.9501097981751936,53.47019085406968],[-1.9639771583789138,53.470625087690635],[-1.9762502852815242,53.46141137731312],[-1.9758692569530214,53.45596702040563],[-1.9853452578568387,53.45181736183548],[-1.9854703994319376,53.44781225683477],[-1.9977344114950264,53.44310147413882],[-1.9955546514351532,53.43675647457845],[-2.008110517040761,53.43838592033231],[-2.016317715250724,53.430395327783636],[-2.0290783700410544,53.427643780492545],[-2.0390456504340126,53.41887216678509],[-2.036466288044936,53.41613705810212],[-2.040204679076747,53.41221976729043],[-2.055304293410284,53.412261767403876],[-2.0495442018846135,53.388528628127574],[-2.045369601036938,53.38696187708855],[-2.050181165351639,53.38151897386659],[-2.0456742252085403,53.381809013459915],[-2.0280877347786825,53.36329912945035],[-2.016530576814901,53.36310885476454],[-2.00860386598873,53.36059904254242],[-2.0098198190758074,53.357000550917],[-1.9926910151304515,53.35425803559713],[-1.97802402097328,53.337282007399615],[-1.9864697577460266,53.32527609349758],[-1.9877363033613045,53.31349096923651],[-1.9756999198075398,53.28079811470286],[-1.9829592154813904,53.26460086819624],[-1.9721693727159972,53.24540301834557],[-1.9783624754932276,53.23790114807523],[-1.9699266886021034,53.22898081105315],[-1.9854400466526292,53.22385836308408],[-1.9842336681087,53.21374992568243],[-1.9953112194051132,53.19462681237635],[-2.013888841184531,53.18966337520757],[-2.0438903302275895,53.192539058845355],[-2.0537039465381226,53.18698207173626],[-2.0511674131411115,53.18493853925415],[-2.0578838477982315,53.18134763565565],[-2.058344889728169,53.176128183996575],[-2.1001086780949576,53.16910313162281],[-2.1100319832816674,53.16877439211375],[-2.1125543405366214,53.172736329145295],[-2.1282688595222425,53.175609594065456],[-2.138148026527082,53.183846829377124],[-2.142412749115032,53.17351010261609],[-2.1377250314955734,53.15545475304896],[-2.152045922108302,53.158498985999344],[-2.155585513173599,53.15252365583233],[-2.1827460047607214,53.13981984276588],[-2.2162769277624,53.10975433154129],[-2.235039556441358,53.102401406452046],[-2.242178340721504,53.09026255173417],[-2.250398692835952,53.085992378317684],[-2.2655625968530058,53.08879785829341],[-2.2745763874201232,53.07939368835251],[-2.3150818464123395,53.0812104927049],[-2.342632539594705,53.056171507838805],[-2.3594011521366762,53.06024684572886],[-2.370163268766383,53.05700688767165],[-2.3728725760996294,53.051338823541364],[-2.389259683923764,53.04831058355954],[-2.3808981076723836,53.04514500119009],[-2.378473878030988,53.03294824385391],[-2.37363988627844,53.032345166232105],[-2.371153480484942,53.0249028619092],[-2.362614342443944,53.01897654134259],[-2.3764032305755163,53.010039819924266],[-2.381068806369364,52.997881922210844],[-2.4018462838541863,52.99657258472488],[-2.406630594388915,52.988205464140115],[-2.429400776644665,52.98792144632678],[-2.433456406137189,52.968670815534225],[-2.4421827558631657,52.97016282116121],[-2.4520198990228192,52.96453888817755],[-2.481006261554146,52.958315901254814],[-2.493859040948362,52.96768257099917],[-2.508512363539591,52.96465341070531],[-2.5191701632563204,52.97316645049562],[-2.523680806146325,52.95594330581944],[-2.531819969204367,52.94528726050852],[-2.5524757989091764,52.95548283866991],[-2.559537847756379,52.96312029833314],[-2.5733570967009887,52.961513155742594],[-2.5699445454914196,52.958779066467514],[-2.5869155403715576,52.954464526938104],[-2.597829112755205,52.96280634012075],[-2.5964117187580555,52.972165443235504],[-2.5928362375093483,52.9730992230475],[-2.5973039384825247,52.97527388672093],[-2.593029845412463,52.978946503378204],[-2.603048809965282,52.97925122658455],[-2.600673744947765,52.98346653357361],[-2.6042531945758176,52.9884394598279],[-2.620378812636829,52.986543449742356],[-2.6271470593080486,52.99669713180679],[-2.647926508225934,52.99579119896489],[-2.6716250145469886,52.98571941328425],[-2.6808588351949023,52.98690897710886],[-2.694292894677334,52.99551574638363],[-2.709525148831409,52.98518349410538],[-2.724590765625367,52.983073438095836],[-2.742871029815651,52.9870661680312],[-2.758237747522379,52.98580124839629],[-2.764319646269843,52.99418214572985],[-2.787930542061676,52.99563535812289],[-2.7977462617838857,52.98954882442285],[-2.8331467116999476,52.99640796280389],[-2.838435651169822,53.00933252814555],[-2.835108589003259,53.00997122316571],[-2.8419945529258555,53.018432704449594],[-2.856039107451257,53.0200442866457],[-2.853983284703843,53.03586652525298],[-2.8623442881916827,53.03965917327183],[-2.8593280694980536,53.0419173705236],[-2.8633060687719962,53.04561594655775],[-2.867719184450398,53.044248760423436],[-2.861292366725845,53.04831980389227],[-2.8646874275007033,53.05279038857794],[-2.8588546151851006,53.0521743697536],[-2.8596037722536876,53.054744433157],[-2.8647793821794303,53.054984506302134],[-2.8603701735551,53.05644341929569],[-2.8629109928076453,53.05825625357915],[-2.872103222222845,53.057575074127605],[-2.860813353725453,53.05989140743953],[-2.8620813188269087,53.062341384936666],[-2.868020500812755,53.06302755303012],[-2.865814704802944,53.06587644371186],[-2.871486230802886,53.06979699891821],[-2.878175993885086,53.0695781231986],[-2.8762398401369524,53.07116993122888],[-2.881393152776792,53.07398604438928],[-2.876198080674925,53.08044158276896],[-2.892516395268341,53.09046569516693],[-2.9023718593482495,53.09180203098222],[-2.895800138837704,53.09896587238121],[-2.893485384297596,53.097524300885965],[-2.896705144502998,53.0962459307379],[-2.8910338922976537,53.097341237590456],[-2.8860662694216273,53.104661639206476],[-2.8907235855182383,53.103785720238534],[-2.890437502160082,53.10901097752669],[-2.8835998766081277,53.11035232283988],[-2.8801002977453667,53.121114676232985],[-2.9029774585056285,53.11174286323395],[-2.9318229177660418,53.12112257099253],[-2.941742670847091,53.12085515888725],[-2.9460952471275035,53.12778678261782],[-2.9648174553987006,53.13302739659402],[-2.9777891377433896,53.14980746243229],[-2.9848423435609712,53.148488725615415],[-2.99163383357264,53.15274521543829],[-2.985888217637189,53.157445426346094],[-2.980944351692484,53.155969407160136],[-2.9282791551078606,53.170810570098],[-2.9052219676563382,53.191722871196895],[-2.900893801555803,53.18312593943642],[-2.887363065249123,53.184729760245986],[-2.901686954407806,53.184336320054996],[-2.9029651377015218,53.1930300960035],[-2.9189224969105894,53.182701157808715],[-2.92226668653057,53.19081848384362],[-2.9363742017778733,53.19808720086042],[-2.9498406901241956,53.21167923095766],[-3.029308042546128,53.25105836912084],[-3.0708697643997773,53.255461562575526],[-3.07733668206417,53.252041831926164],[-3.0881925934450196,53.260971660075654],[-3.080887081819374,53.259144383785596],[-3.0978153224599354,53.27078227508648],[-3.0930414239948236,53.27147432207401],[-3.0906203212721732,53.264440924102836],[-3.082809370269779,53.26206046857385],[-3.090044991608182,53.26428256228658],[-3.087029505086623,53.26688221043516],[-3.080697013346319,53.262904042157025],[-3.08817387798726,53.27061082560368],[-3.0829065129340183,53.266795662040806],[-3.0822758600542794,53.270800258420806],[-3.0774977870829354,53.269248659082486],[-3.088235323372656,53.27261690139286],[-3.0903649145094283,53.273969352509624],[-3.0830091373520907,53.27400132575747],[-3.0898432283946025,53.276750314886236],[-3.077320122920545,53.277809886130555],[-3.076213139713571,53.27392800239555],[-3.0784587163615287,53.27513398465258],[-3.074583347132658,53.27873180621614],[-3.063773919553567,53.2730300183007],[-3.0886258440208443,53.28397251805349],[-3.0836252667832103,53.28982126175306],[-3.094533642597171,53.28403711316033],[-3.096496947559361,53.289001475297894],[-3.105410210850101,53.28980473266083],[-3.1030379130458905,53.29072841972178],[-3.1079346493735978,53.29273550525622],[-3.095448946601701,53.293956639410126],[-3.101098145281393,53.29418061903507],[-3.0960575394928567,53.296511468128884],[-3.110157918838493,53.29723242351724],[-3.1136793482966065,53.30199859779166],[-3.1059681738401284,53.30187975429868],[-3.1186881166739147,53.30960062499348],[-3.1217807122789982,53.32129573449659],[-3.114073914691037,53.31974972214196],[-3.0835369964194137,53.295938118533236],[-3.08532149994759,53.29802201052287],[-3.1137609711077676,53.320532096077855],[-3.186437128093453,53.36570511347875],[-3.197199554296261,53.3754823927292],[-3.1989607125884647,53.386317694590495],[-3.1666790659210644,53.40286567187539],[-3.0995874359550135,53.42121730297417],[-3.062495890685602,53.43801466402285],[-3.039993038743049,53.441695422834336],[-3.0149344585198516,53.410202394819635],[-3.0045739624182737,53.38095737261564],[-2.997920988743962,53.375374620470296],[-3.0007045858268424,53.37457817399029],[-2.970862476347099,53.351793942503946],[-2.9501438919369884,53.324618315067504],[-2.9297782098169423,53.30928886268044],[-2.9080281870892306,53.30229206698589],[-2.8890125987230673,53.289745957383786],[-2.883488341701183,53.28850952525786],[-2.898452926710194,53.29568958518101],[-2.875905835823325,53.28832574660203],[-2.8571647228104275,53.29070661914124],[-2.8486705855251104,53.286321496860836],[-2.7882698599773827,53.295246464917554],[-2.7550835186754496,53.30811513302309],[-2.7503076553592427,53.31459107292541],[-2.7604957581672034,53.329033543445014],[-2.75485827813635,53.33554715369049],[-2.7408507480911104,53.34401663737026],[-2.7187724803153666,53.344311620550904],[-2.698922347621312,53.356094793506045],[-2.669035264668248,53.35526999052759],[-2.655383213280091,53.37382793759012],[-2.642146948019136,53.37208666410334],[-2.6368071766639223,53.37734640049657],[-2.6205557578470136,53.37446804556582],[-2.606688300715259,53.38644809690955],[-2.605152835445522,53.37455880644116],[-2.5871361170393476,53.37260124034254],[-2.552558163814563,53.379850798226194],[-2.548508800610081,53.38918510428714],[-2.5508874281508005,53.39277286087783],[-2.545689065264434,53.3967828377725],[-2.530679230367265,53.39442803696482],[-2.5311180897053345,53.38826502625738],[-2.5231655940434945,53.38516805459589],[-2.519414398106864,53.38667083069487],[-2.52279176365198,53.39032446488174],[-2.5189075449325333,53.395959427512686],[-2.4915229815642905,53.398875306169735],[-2.4982564318767344,53.39546080624814],[-2.491907072309029,53.38632632417107],[-2.4911614754174187,53.39066637411296],[-2.4833247231291953,53.39047585833134],[-2.4878191743096876,53.39477742111956],[-2.4837518120109454,53.39904694349799],[-2.4749129380427735,53.39738842648226],[-2.4564418616032215,53.40319111024838],[-2.4488105162236886,53.41593115810342],[-2.4264760127355536,53.423551105819705],[-2.4080923920327324,53.435734760727854],[-2.409648126927972,53.438323223579175],[-2.3991549719806287,53.44047214694611],[-2.3890908963795034,53.43325578484739],[-2.384961898147774,53.43376415341094],[-2.38810125134319,53.436470545795174],[-2.384337449541873,53.44145958839246],[-2.3840969879765948,53.438482553214946],[-2.3765666821749787,53.4404187862219],[-2.375553350136793,53.43552404219007],[-2.3646183926692115,53.43767834309494],[-2.3619455054886878,53.43251182623841],[-2.3550437964326,53.43281655485013],[-2.3573440283102767,53.43454272423533],[-2.345718153881074,53.44213438192803],[-2.320331908445679,53.43351726519794],[-2.296082178030536,53.438677492046736],[-2.2962613276696002,53.43521296544698],[-2.285161175802831,53.4319680465975],[-2.2810476303676332,53.424860279065584],[-2.2647152428412056,53.4211812326961],[-2.2624577567135047,53.41642818139573],[-2.2481852299804057,53.420711058612845],[-2.249899740702125,53.40793408236649],[-2.2346410641923224,53.40873786378083],[-2.2464031121327435,53.39675318797179],[-2.217094006948902,53.40048683015325],[-2.2119961937633117,53.408139416587325],[-2.214993857811827,53.41486025544476],[-2.1968302046125,53.426030805121016],[-2.1904289101647145,53.43740204275012],[-2.1762663196824885,53.43098977343354],[-2.1700630766835176,53.450863169498646],[-2.157838385742387,53.45364563394867],[-2.1415335761444156,53.438835549030074],[-2.1141902329281574,53.442531710067286],[-2.1138030541153956,53.43885647471426],[-2.1069014030746662,53.44047422804032],[-2.099211694711654,53.43486800523497],[-2.091000042334852,53.43478015239211],[-2.080950436829209,53.449792351237285],[-2.085840628519216,53.452446750637684],[-2.086328214200026,53.4628956024457],[-2.0963715122710824,53.46826983632032],[-2.093782853913573,53.47032880846083],[-2.0981165564953006,53.475109993853785],[-2.081941245277853,53.48900504408739],[-2.064859679244341,53.48656702345018],[-2.0501481834070128,53.50051621093713],[-2.0333533954319436,53.50026194397878],[-2.0262656960096335,53.51162497484052],[-2.0097803718925356,53.514763651446536],[-1.9968655115832368,53.511168795390006],[-1.9951886373970729,53.49920012511604],[-1.982960245154185,53.491518348777106],[-1.9785233155898365,53.498023482152405],[-1.958005959836718,53.50364656158047],[-1.9509263881207897,53.512476561988095],[-1.9377107314755717,53.50834396940348],[-1.9115477345626,53.51317924978426],[-1.9072105554493364,53.516959955805895],[-1.9165799127998409,53.52345975899499],[-1.9137548043608092,53.53315986968158],[-1.9063624652870022,53.53839963130562],[-1.8903753016614462,53.53347838800693],[-1.8725602769517,53.53998423452636],[-1.8581530484430517,53.53372177576661]]]]}},{"type":"Feature","properties":{"name":"Cumberland","code":"H10200089"},"geometry":{"type":"MultiPolygon","coordinates":[[[[-3.251717892275626,54.21917824731213],[-3.2506493547475,54.2187911272741],[-3.252429312025816,54.217191463799445],[-3.251717892275626,54.21917824731213]]],[[[-3.2317287228599545,54.259690950023206],[-3.23165928223968,54.261791484701554],[-3.2309508298390224,54.2617313696149],[-3.2317287228599545,54.259690950023206]]],[[[-3.288993835311723,54.859240697639024],[-3.290155847469271,54.85986473126246],[-3.289073180971125,54.859969696726125],[-3.288993835311723,54.859240697639024]]],[[[-3.2849831014193933,54.87971512151374],[-3.2839813264119937,54.8782139061862],[-3.28693012549339,54.88020323915134],[-3.2849831014193933,54.87971512151374]]],[[[-3.0005039056744125,54.933229953868675],[-3.000259637185852,54.934268255327495],[-2.9997645836717624,54.93400718825863],[-3.0005039056744125,54.933229953868675]]],[[[-3.000395594786179,54.934651804585194],[-2.9996660021619497,54.93689217724948],[-2.9985239918111057,54.93622658086112],[-3.000395594786179,54.934651804585194]]],[[[-3.119947979395844,54.9382302087553],[-3.1170702751043273,54.937190685402655],[-3.1223388188069987,54.936496489601154],[-3.119947979395844,54.9382302087553]]],[[[-3.1212299295993304,54.93869325277661],[-3.120387182146549,54.938388852476834],[-3.1211922862867674,54.938378349570684],[-3.1212299295993304,54.93869325277661]]],[[[-3.1223842420412704,54.9513064026459],[-3.1185242199367313,54.950131666039326],[-3.1233613352906704,54.94352142042194],[-3.121586956799133,54.93918681639537],[-3.126492249288124,54.93770559248693],[-3.1246407665416887,54.93977467239068],[-3.1302176466481426,54.94585269811487],[-3.1223842420412704,54.9513064026459]]],[[[-3.0379063946054354,54.97352319138789],[-3.0383063225852447,54.97448954815179],[-3.0376319741613225,54.97451508526812],[-3.0379063946054354,54.97352319138789]]],[[[-2.634147709292495,55.128616976678586],[-2.6007208891751916,55.1243578779102],[-2.5990870732177846,55.11523379023949],[-2.5880508003358855,55.102363925462626],[-2.581080705134646,55.09595689364931],[-2.5681358077767005,55.09537592602367],[-2.5557562213130995,55.080514221610805],[-2.51693611792251,55.084674369768365],[-2.512880545954127,55.08875598161122],[-2.49102017232382,55.08578704141985],[-2.4851867117242326,55.081489255818276],[-2.4940627311780927,55.08201864655257],[-2.5003064173252345,55.07477361355007],[-2.491573768912703,55.066809978758485],[-2.502308275268884,55.06065653405329],[-2.4937794117008103,55.05217824504802],[-2.492100896305539,55.054848076292856],[-2.483788343434651,55.03968449501228],[-2.525712864188986,55.0329634196277],[-2.5728810057916345,55.01626386036455],[-2.573984586787011,55.00968890453264],[-2.567481225413677,55.0018796186726],[-2.5738727652518367,54.98741085225378],[-2.586175716791649,54.984899195089376],[-2.5965123953137175,54.976685005966274],[-2.5981895665634975,54.966920354944655],[-2.5683467455217377,54.96051276611509],[-2.5677899875020147,54.94373469278449],[-2.545372872979828,54.92878613826482],[-2.5460628147476227,54.92520883820761],[-2.562316422597666,54.918534554662315],[-2.573137422701049,54.89818179424591],[-2.600495328468506,54.88556204423889],[-2.586661954425978,54.87261452214876],[-2.57398787462888,54.85184243203893],[-2.5793239356417987,54.84446523874927],[-2.5533851040603355,54.81811433370453],[-2.53372420151899,54.809774783959234],[-2.5169441808895487,54.811447766424514],[-2.462156018932653,54.83594081129261],[-2.453401283270769,54.83437796487032],[-2.4258624178180037,54.84340005893239],[-2.412473543665874,54.85749152102097],[-2.398475543542583,54.85288609479977],[-2.3895519696265417,54.83240551963369],[-2.3743052367216353,54.82900563689317],[-2.348354184947439,54.80663647541409],[-2.3269340117013875,54.80494741992148],[-2.3208710015081118,54.79385103865873],[-2.3096551196456927,54.79111312674266],[-2.311947245228708,54.78194722675911],[-2.306901101378216,54.77371173228168],[-2.3214280245563987,54.76418657144974],[-2.3194788187134208,54.75481425961727],[-2.3298474751901592,54.73447835564225],[-2.326901278256088,54.72718385380953],[-2.34252613891767,54.71621113610748],[-2.3446870666249406,54.700945572808024],[-2.350775518176915,54.700566351439114],[-2.3539858665968083,54.694590854725405],[-2.413008834802117,54.70628309299499],[-2.4317376398589845,54.70117739886582],[-2.4661876696899423,54.6997606206727],[-2.504869519941198,54.67522964537149],[-2.532681523007242,54.6768429822972],[-2.5990317689976807,54.64817525937082],[-2.6120147599311996,54.649498431172695],[-2.6211287753878936,54.66113688062749],[-2.640660117011166,54.66280129750415],[-2.6425056575641923,54.67164235893445],[-2.668200136681841,54.66342999440243],[-2.684929415596676,54.66376518674392],[-2.6790023012912485,54.6561666709508],[-2.681036725228264,54.654384627008234],[-2.6979652662740072,54.661694344636246],[-2.7119354922328123,54.65528104249927],[-2.7275116286579175,54.65726247760539],[-2.731916996926853,54.651853831168644],[-2.7483229878743547,54.650928385739356],[-2.7512345931369055,54.646592756014314],[-2.7569481443972785,54.65054673496342],[-2.765953900179634,54.64707580705072],[-2.7694638914292566,54.63927892731556],[-2.7782291735158506,54.64398938654987],[-2.8068450218151146,54.63387372674373],[-2.8219711076800156,54.6129662849337],[-2.848800720123576,54.59301402237624],[-2.860977576144511,54.57836522853678],[-2.8784269649035594,54.57902855032173],[-2.9151908929150157,54.57117343777452],[-2.9397040631925826,54.560096293777974],[-3.0157981080505114,54.56174476773924],[-3.019159897009672,54.55209953416209],[-3.016236129761906,54.54859058366484],[-3.0232946659826903,54.543037791403904],[-3.0244666353029634,54.53462655210965],[-3.023486912107777,54.530431092433695],[-3.0153518438135567,54.526775658938796],[-3.017181347218484,54.51411614600316],[-3.0117343871334463,54.5083817362077],[-3.012165020197255,54.50125650200427],[-3.0441505434341787,54.4962001280058],[-3.0510365259151064,54.49111197882682],[-3.0729328252730843,54.48999072799246],[-3.0970623826797423,54.472074074468914],[-3.107555482558291,54.47312722408504],[-3.113593634147992,54.46816455197979],[-3.114282622755676,54.460741512431674],[-3.1353822494858714,54.46903455801252],[-3.1655154480759293,54.453903012614546],[-3.1521704915338775,54.44273987378488],[-3.1557672403224335,54.43113544721828],[-3.118867306310199,54.423151512834416],[-3.118147637591996,54.414958856720304],[-3.1600863877163317,54.40683866473598],[-3.1718764103475166,54.39768247054912],[-3.17163319975129,54.389012957818366],[-3.1816916340382426,54.384336012984384],[-3.18275063662758,54.37301272985118],[-3.1929323747802782,54.36204510346324],[-3.1938522344242064,54.353741874835386],[-3.2077910301576322,54.35214391064296],[-3.218155775675344,54.34442844042301],[-3.2172783788600867,54.335872044376806],[-3.2403135214204997,54.323530833057895],[-3.236550220782984,54.318321352416156],[-3.2384747347438525,54.31544650968502],[-3.2293653280867467,54.31271043009948],[-3.2367553677352103,54.29499385000958],[-3.2245561756066863,54.27333941879102],[-3.226749839062647,54.26404833234909],[-3.232126027061968,54.26076017773315],[-3.221674521977771,54.25287264005386],[-3.2419408155147966,54.246516171066645],[-3.228959013520731,54.24988706678099],[-3.2224436007845365,54.246228277371],[-3.2313708410831783,54.23289031083228],[-3.241954365341502,54.23363117262231],[-3.2325158946699175,54.22971087498664],[-3.233703743652815,54.22699482154543],[-3.242341125605612,54.23169274726243],[-3.236277851207958,54.227859254499556],[-3.240934701023607,54.22542120616222],[-3.246220143794392,54.228235065437694],[-3.243907918641786,54.22460760655957],[-3.2451848724441463,54.226767968864124],[-3.249013796303284,54.22035241157447],[-3.2516800477670906,54.22102049826716],[-3.250136266406576,54.22800663314879],[-3.249842067900209,54.22111238750883],[-3.253372994283304,54.21750795432394],[-3.254006388428706,54.22003627952546],[-3.254756755727115,54.21498650204381],[-3.2644255993712927,54.21318379237112],[-3.2538323059182264,54.21064541560831],[-3.2509040869665746,54.215598265503175],[-3.237916619536458,54.20304793752149],[-3.2530059889681393,54.19145062785434],[-3.2608364751570194,54.19031180076651],[-3.2860364741120716,54.1966407160459],[-3.287377854944519,54.19180551622266],[-3.298476874384032,54.18821566382535],[-3.32308340305018,54.19146716146115],[-3.3635638988919574,54.23159924089528],[-3.393151256701198,54.25455271148821],[-3.420076205545321,54.284256099189165],[-3.4210258044706743,54.29434602675599],[-3.4162345030080212,54.296859120458926],[-3.41443585403622,54.30509090123904],[-3.4234958902047525,54.32834524913755],[-3.4215646992678277,54.33901649166004],[-3.409560537718987,54.350252521379744],[-3.410629165078991,54.339131347890756],[-3.3982627573270294,54.331627390909],[-3.3817995033024157,54.34499319619206],[-3.3842293518113995,54.344363981513915],[-3.38213651987991,54.34907574831524],[-3.3725309860790187,54.35007259454042],[-3.372558188682199,54.355089949276426],[-3.3677283364755928,54.35345215336662],[-3.352830837296307,54.36331018392551],[-3.3683742730564785,54.35348618059213],[-3.372940583753092,54.35515841066892],[-3.374035423787609,54.350149859297886],[-3.38180760878022,54.35041708153022],[-3.390645336833635,54.341131462508116],[-3.4027083451655917,54.33905109765016],[-3.4049103812917503,54.35043618922839],[-3.4100684415430456,54.35515371206738],[-3.3972628244803746,54.36604543618377],[-3.4034053803629667,54.36190304118456],[-3.412754602632424,54.363693354104235],[-3.413322029898883,54.35686222680563],[-3.420689040802424,54.359525483200805],[-3.4295117300260447,54.35580949793736],[-3.436629729206524,54.358942167666356],[-3.435075687781381,54.36549031744457],[-3.440616542878462,54.37021368808155],[-3.4305863143384214,54.37495155521709],[-3.4420421551127967,54.36929056691833],[-3.440028739213326,54.360279685944874],[-3.4292941548546203,54.35401965350578],[-3.4164772832805044,54.35333388568167],[-3.416934674647838,54.34806631786757],[-3.428249291787638,54.3420423854113],[-3.4357133428536972,54.34449232855397],[-3.471269905148186,54.37535696547137],[-3.4762258728287696,54.387357130963984],[-3.5072243457125554,54.41450416499959],[-3.5056380197038104,54.41234859241077],[-3.5618800950391685,54.45151551572159],[-3.591976999382174,54.482199032070994],[-3.6074807438961236,54.49103689139163],[-3.6179857882535087,54.490653126128656],[-3.6369493003253566,54.511055772411524],[-3.6382472028132273,54.513530890215755],[-3.60609558487018,54.53068462896579],[-3.598676797498693,54.54785222680581],[-3.588462554438579,54.5496947064423],[-3.593498516045901,54.55267934853627],[-3.589181342239188,54.554062915412544],[-3.579483951262788,54.57112786828145],[-3.5809332253459263,54.58886214485763],[-3.5695910996196187,54.602555191912],[-3.566959026332445,54.611869441846665],[-3.5774601622445767,54.651801925176834],[-3.559183182554617,54.646095174063014],[-3.5511610732448995,54.64977574211663],[-3.543866500792913,54.647454560811454],[-3.5683895974581694,54.651272527959776],[-3.546732905408813,54.67325539970874],[-3.5191407280333804,54.69134020883743],[-3.508732329559788,54.71506197223133],[-3.50031879267645,54.71477000348269],[-3.500590244789924,54.7099289412749],[-3.492851041071705,54.71232651517302],[-3.502262890265446,54.71095540191351],[-3.5009035279251477,54.71614072688285],[-3.5058490435765965,54.717447464969304],[-3.5001681353431153,54.71699656253676],[-3.4922357444132133,54.725711889083584],[-3.458465885373741,54.741247952995536],[-3.436541873083039,54.7577196046555],[-3.4301877413821265,54.78071446025765],[-3.4360202633280252,54.80250462711995],[-3.409086175134904,54.839413933900396],[-3.3984887946534124,54.86738953116161],[-3.3934477767556865,54.86776655964441],[-3.395805966035461,54.86899155194116],[-3.3671974418126203,54.89033422384247],[-3.335975786505266,54.899961000259424],[-3.3336689591827207,54.898921242827804],[-3.358288331577841,54.89072986525953],[-3.357949505393399,54.88575687497741],[-3.3570583648647414,54.89134313503554],[-3.3510821902589183,54.88759514123187],[-3.348283108138465,54.89346768545956],[-3.338152384400499,54.886158127592395],[-3.3403440848630925,54.884594283017165],[-3.3264929441975477,54.88525325845121],[-3.3451241969441194,54.88950564172672],[-3.3351528671940094,54.8881469664941],[-3.3439230712696917,54.89248864184414],[-3.334316807823692,54.890071548256024],[-3.341702568763367,54.89338234510836],[-3.3379532042906654,54.895672542920565],[-3.3273857788973076,54.88722899962482],[-3.3259472800756824,54.891187830973166],[-3.3211035446784147,54.88955531514553],[-3.3250962522549328,54.88678122484039],[-3.318502281082355,54.88935257879473],[-3.3082217982397726,54.887613954078226],[-3.3064710533381736,54.88376697979969],[-3.3016416925073138,54.88538096797408],[-3.2886064777782718,54.873771510349094],[-3.286061583643853,54.873832638037854],[-3.292597031409234,54.87782501946528],[-3.2849293925677503,54.878468132897076],[-3.2805607591790653,54.87559311538003],[-3.2855552777662864,54.867474370832056],[-3.281799006818708,54.862842018122215],[-3.2950015024907056,54.85577654406316],[-3.282377590260587,54.85298755244865],[-3.294905910751288,54.85643999418404],[-3.279398402516815,54.86335449100828],[-3.283051711614334,54.866420466312874],[-3.2774458450191712,54.8774478142378],[-3.2869735201904637,54.89071083095377],[-3.275113455559706,54.89204659263053],[-3.280539907019016,54.890223347893276],[-3.275898626367557,54.887188351225845],[-3.266482860183195,54.89136658767239],[-3.2639636852052987,54.886310039769526],[-3.2597321581018144,54.889557359024415],[-3.2647740903030087,54.889533734847646],[-3.263238503766631,54.89153608630368],[-3.2583887480808973,54.89187942941702],[-3.2632247737696,54.89204405771468],[-3.2488225496103267,54.90192346461236],[-3.2538223378325597,54.90711922061141],[-3.25186348623512,54.91110495786224],[-3.239741946447194,54.90700663247207],[-3.2422692780952533,54.90812859780057],[-3.231321711890096,54.90901029942097],[-3.2202001113558727,54.90172891535989],[-3.190773954384212,54.91117694665571],[-3.186306205819754,54.90959740980659],[-3.1909222304394977,54.90721627484743],[-3.1907973773710334,54.900766797822484],[-3.1838485787276642,54.8987863307435],[-3.1878260420209883,54.89874841045205],[-3.1848695692953313,54.89685473979482],[-3.188112283601309,54.893003161538516],[-3.1817069870904433,54.89196100312376],[-3.188517934305441,54.89258664327421],[-3.1846492549251977,54.8981691391063],[-3.1903146569246448,54.90026460322221],[-3.1905113096046964,54.90655968240726],[-3.185715075647503,54.90832778117412],[-3.1927237328006886,54.91164048152179],[-3.219854244608443,54.90230942118415],[-3.2319168120586093,54.91112814541972],[-3.247452881728479,54.91377123589351],[-3.2777282209902676,54.903021486613724],[-3.31244542824642,54.91493826108465],[-3.3113101959160547,54.919804102248136],[-3.282506984027027,54.94191027387763],[-3.2644676558352583,54.942951313905375],[-3.2675172787327504,54.93735415233667],[-3.2626455733762483,54.9431509119194],[-3.2107615543931574,54.95429261712853],[-3.186176973746794,54.95044452855015],[-3.178457774562445,54.94318003823179],[-3.155504656165782,54.937678652610806],[-3.1513460560788498,54.93156587115733],[-3.1382706483031146,54.92775230507805],[-3.0992178644229886,54.92853507690873],[-3.101812997961724,54.92857809110425],[-3.0655252870882914,54.93942547295906],[-3.060103943686876,54.94526192826913],[-3.049694279319347,54.94586455522055],[-3.047147369661909,54.945734624145885],[-3.0516874012277175,54.9435015108043],[-3.0085774677984083,54.94622428002089],[-3.001753727213513,54.938800173473716],[-3.0043637180315717,54.931839171005535],[-3.0017945626065714,54.9323421165016],[-2.9951889337429565,54.935881834997026],[-3.0055966404122163,54.94647096890713],[-3.037343515349598,54.94586360727117],[-3.0531571290179094,54.94979284074435],[-3.0487783139679365,54.95224391586411],[-3.0538735231434586,54.95341950510985],[-3.0653711538727038,54.94865193219844],[-3.0747149548837958,54.95179992421024],[-3.0671748137777035,54.94977577035128],[-3.0814448372403547,54.93990506051019],[-3.0988596953342484,54.93921231919598],[-3.0954750567816824,54.93903884151456],[-3.108013228456377,54.933608876714295],[-3.126213926852156,54.934505781439555],[-3.093513151111778,54.94269422989226],[-3.0778713336734276,54.967506937684526],[-3.070477471065668,54.96886741056899],[-3.069614223263664,54.97366623501471],[-3.0574216055388286,54.982971103779164],[-3.0594085928119665,54.97818759887515],[-3.0563731306330797,54.98238342632191],[-3.0496407474856584,54.97826060188662],[-3.050345055160775,54.97513037359589],[-3.0403986198713358,54.97382815337874],[-3.0377188731425178,54.968008101778196],[-3.0085405767342532,54.973746880163226],[-3.037523409645077,54.96878900893646],[-3.0378962303273616,54.97531004466967],[-3.0480098405004923,54.983619686106984],[-3.0412463766956335,54.97996133537977],[-3.0522541352556676,54.98587222604433],[-3.0454809810505927,54.99411509301506],[-3.038780234005516,54.995981836262885],[-3.038413032322746,55.005541728240814],[-3.042984171421759,55.00863709636628],[-3.0349153314611144,55.015719770897405],[-3.0368492340847895,55.01972642587902],[-3.0297793194900406,55.02129470278428],[-3.0310517094440064,55.02662373574463],[-3.0246190790141503,55.03389010155068],[-3.0388679047073306,55.04100046216002],[-3.042723471532734,55.04708304007],[-3.049984911036713,55.04800702290115],[-3.0470974898694907,55.05034003617647],[-2.9568231263833655,55.046892543072936],[-2.9541234467750828,55.051542893791606],[-2.937333130414779,55.05693216210991],[-2.9355485082734654,55.067036085448244],[-2.913167950956952,55.074430244788154],[-2.8983391612375464,55.07449615684876],[-2.8917534382116963,55.08422126157989],[-2.8834902040964723,55.085798114608195],[-2.885143440265636,55.09243682942473],[-2.8744104699795296,55.09425959594216],[-2.869151560294006,55.10364471961023],[-2.8471964456031427,55.10843855532184],[-2.8294435210127764,55.12207940064397],[-2.8327857914717627,55.129142578210676],[-2.8304208715654515,55.132950254425474],[-2.7890075341590905,55.138140326716496],[-2.7372071441683117,55.162743141624226],[-2.7060176772251108,55.17129370115497],[-2.6886697988379082,55.1874535592931],[-2.6737746217062486,55.174324494130104],[-2.6824180988439816,55.168240973210644],[-2.677353716070964,55.156343200905106],[-2.6614343744512805,55.14611498320301],[-2.6575359335442132,55.13656862193783],[-2.634147709292495,55.128616976678586]]]]}},{"type":"Feature","properties":{"name":"Derbyshire","code":"H10200090"},"geometry":{"type":"Polygon","coordinates":[[[-1.825116411061428,53.49622235366942],[-1.8183548625852093,53.49249708588906],[-1.7998573884911901,53.4928538121857],[-1.7955833702565793,53.47990619596717],[-1.7784605292909765,53.4750455043738],[-1.762144605660945,53.4631502122288],[-1.74572573612954,53.46245005256103],[-1.7434528422680824,53.446543512374674],[-1.7475659560820733,53.43917941870075],[-1.7446395810845876,53.4255955481424],[-1.729544134246887,53.416008113626006],[-1.7159790001033528,53.419161801741794],[-1.7065505768758855,53.416744756160774],[-1.701603305882669,53.41339710483919],[-1.7006251407755004,53.403899980792545],[-1.694973953389108,53.40155623819529],[-1.6821001698367086,53.40123555364822],[-1.667737270120476,53.39369205402134],[-1.6529668667576876,53.39192627049483],[-1.653329218446915,53.382381126970806],[-1.6617198168706242,53.37433835271209],[-1.6620675417527047,53.36880673883596],[-1.6193199396340738,53.35075226953853],[-1.5886202130819478,53.34569760841221],[-1.5452537261494645,53.346565920658364],[-1.5243561589212282,53.33742472383438],[-1.5163362971045493,53.329646366779464],[-1.5092934369433717,53.33450104495229],[-1.4917547804297857,53.3347408718673],[-1.4735062561441281,53.32796854785184],[-1.4570802752265815,53.339301345145806],[-1.4475090349557929,53.33758755647202],[-1.4453616598840513,53.342182070525475],[-1.4509278859855144,53.35045371517762],[-1.427370065282623,53.34481455176687],[-1.3987377479554672,53.3552255445578],[-1.357758958257856,53.35158300905545],[-1.3399789348998652,53.35805449753101],[-1.3441273931203586,53.36101957296787],[-1.341111643612836,53.36277087247347],[-1.3234600828336691,53.345645050922364],[-1.3201351884901973,53.33370247892476],[-1.3005918675337944,53.33159995070295],[-1.2891256865522747,53.32383766226211],[-1.2954183491154494,53.31911566630403],[-1.2880560970255563,53.3083742114078],[-1.2735519791379075,53.30876098907068],[-1.2482092213328089,53.30149402235619],[-1.2318389495964328,53.308472710299775],[-1.1996252319369725,53.303769295032644],[-1.169793270043548,53.309972758040715],[-1.1706313988408905,53.294148832919944],[-1.1774572381886017,53.28597049308522],[-1.1660102120687172,53.27831518272353],[-1.1788876780726907,53.272955724639104],[-1.1804683779689555,53.270487306102225],[-1.1743316534869463,53.26724394332374],[-1.1770357182961302,53.26523256487716],[-1.2014616181872133,53.26055749661974],[-1.2001742807951947,53.25770940980301],[-1.2101504488961723,53.247747203827515],[-1.2086766907731943,53.2406998753441],[-1.1999032651654609,53.23351665321418],[-1.2064657523540243,53.224419542725215],[-1.2083925534860571,53.211399195591945],[-1.1952007988125697,53.19525637967686],[-1.194218146039747,53.186511284833415],[-1.207607301614468,53.180065506155444],[-1.2420200903859975,53.177392907737215],[-1.2528176542647205,53.16473890111539],[-1.295532776627995,53.17148473880903],[-1.3005613471783997,53.165794387552616],[-1.3230752619895152,53.162457353091376],[-1.3258146581029029,53.15651607280219],[-1.3158889590893976,53.13717189877093],[-1.3207769621388128,53.12942223969766],[-1.3100511804388397,53.118320874737925],[-1.3098651253505713,53.10935176379215],[-1.3007484821229551,53.10116295474265],[-1.30805118360797,53.096355108027794],[-1.3084727600937964,53.08866358166696],[-1.3282182451010613,53.08227333753792],[-1.3442421702351302,53.06503255749608],[-1.3321412661829761,53.0464272528393],[-1.3314830322703721,53.033135573316585],[-1.3243276301898264,53.023531663697874],[-1.3201540796003188,53.007909031786454],[-1.3007778476977874,52.998012043351395],[-1.2932072983607883,52.985801285046456],[-1.2985762546039152,52.97960945587088],[-1.2930832991274102,52.97098121545897],[-1.2856258710640553,52.96824118513518],[-1.2902921339883522,52.95476967210996],[-1.2811470822393503,52.949116453698856],[-1.2769321336885977,52.93400538636894],[-1.285583601769419,52.92331910303557],[-1.277889321803505,52.915216792141244],[-1.2777718223784074,52.90641011870092],[-1.2614369031084953,52.90349761090792],[-1.2415068014513133,52.894072398210156],[-1.2366006564500243,52.89578036880967],[-1.2345829348174227,52.89351327356012],[-1.2453612481372025,52.888434278708225],[-1.2371429406111478,52.88188297652192],[-1.2387054931796626,52.87847881658935],[-1.2647552424137112,52.87172634961086],[-1.286331070741089,52.87165539580258],[-1.3080252455536363,52.87893410434813],[-1.305582921561157,52.87323639543034],[-1.3121464840671755,52.87162004328238],[-1.3146219214450685,52.86669402582423],[-1.3441177011904828,52.86596265812501],[-1.3426343069583433,52.862925753463706],[-1.349799702672581,52.85777510530426],[-1.3502114862735441,52.85267463582158],[-1.3608700825513138,52.85507874874818],[-1.3880930642082436,52.84035200513392],[-1.38798403701521,52.83173703990492],[-1.4154439535887684,52.80358559990933],[-1.441857620664926,52.80315000028355],[-1.4419223412627213,52.793821394375385],[-1.4654415452743181,52.78591844323623],[-1.4681806297418796,52.77943079163705],[-1.4623929446500987,52.77372036356268],[-1.4676557801069683,52.766964846890495],[-1.4926302551993438,52.75867474519631],[-1.5025334718303194,52.76791779080595],[-1.5392037829838359,52.76041764555594],[-1.5507626907945635,52.76236659340919],[-1.5571781086388183,52.751708968263465],[-1.5547793310742632,52.74064426881182],[-1.5446918195003223,52.733295138166916],[-1.5492213166453381,52.71978507899488],[-1.5631111601141137,52.710175131878124],[-1.5878204328372978,52.70639168648239],[-1.6022836048128088,52.6962562719046],[-1.6105344322825264,52.69801325464962],[-1.6055076814290474,52.70448513131845],[-1.6160547930597189,52.707949149869215],[-1.6231273334079617,52.70101021496741],[-1.6546599672571451,52.69771197472156],[-1.6582101934925872,52.72159369624606],[-1.7025005302378498,52.72886992594181],[-1.694692618235503,52.739265195121035],[-1.7062222501315434,52.74486457587097],[-1.6996841461869123,52.75247422581292],[-1.6849204415346148,52.757375156100615],[-1.6768330061637367,52.77066878014324],[-1.6685808021143735,52.77175691774874],[-1.6684887345615091,52.781497972004544],[-1.6641124636181883,52.78472396229436],[-1.6498565343745197,52.77906700396447],[-1.6385314217591223,52.787261123942166],[-1.6256523277837043,52.77927996823828],[-1.617609001854692,52.78543760599016],[-1.6118739869024108,52.78131449558781],[-1.6072839284755662,52.795829318103884],[-1.587810847832308,52.799592147411104],[-1.5903293190675647,52.80886846584996],[-1.607895470762138,52.81745590223902],[-1.5935577123271845,52.83034591289701],[-1.6004074168270415,52.83433792265583],[-1.6054684992997494,52.83273683586555],[-1.6123403481348153,52.842378205515786],[-1.6265057843919801,52.84701382548215],[-1.629525206552324,52.849437515121416],[-1.622697507479747,52.85185468813517],[-1.625093061925077,52.85381574086066],[-1.6435460527147303,52.85449234947007],[-1.6450912891529805,52.85083616382879],[-1.6528854257288783,52.85478748428207],[-1.6638767568596768,52.85328791390708],[-1.6665612672796857,52.85952532069798],[-1.6941379225034574,52.86442321422471],[-1.7234235033374667,52.858563856035545],[-1.7246027694808717,52.863144424861154],[-1.7422808265566874,52.86836653471125],[-1.739859199694104,52.866255805444254],[-1.745878625784383,52.866372228401104],[-1.7439158432890145,52.868005958616706],[-1.7491700546905355,52.868179281266386],[-1.7510496805731657,52.87398290982366],[-1.757531591792131,52.873381036968055],[-1.756586227344308,52.876693200102046],[-1.7717694631390926,52.87880912427812],[-1.7778430117662598,52.88359370800171],[-1.820568783597534,52.88274610316073],[-1.8313804953183401,52.887525170953744],[-1.8298410077656115,52.891245561471464],[-1.8338685454206032,52.89499491644051],[-1.8378797915225271,52.894083438863326],[-1.832525392333217,52.89959582641214],[-1.8501213442367355,52.91228170073573],[-1.8466447751334707,52.92023400748406],[-1.8529512603928497,52.92037037312628],[-1.8545349397169653,52.92759297024484],[-1.8419992077034721,52.942311264944635],[-1.8275636372190327,52.93916790428968],[-1.8222871794726423,52.94179850977737],[-1.829439066795543,52.94368459308013],[-1.818213250100813,52.954757215252734],[-1.8185168482384435,52.962024083410725],[-1.8252366092596162,52.9633914050196],[-1.8279003974374926,52.96879901145943],[-1.8271120129917064,52.97639520779298],[-1.802503338201049,52.98084245601619],[-1.8005136794325036,52.98572646327757],[-1.7877254997610643,52.988896984321734],[-1.7887809104311334,52.99215277189262],[-1.7622939198278362,52.998120056572304],[-1.7647604708631688,53.00662747681281],[-1.7627186137898465,53.012390086576936],[-1.7575308507159286,53.01343709907907],[-1.7618516510086712,53.02238406583959],[-1.7552081894904061,53.02857859466982],[-1.7590780151970329,53.03332292160064],[-1.7572391687633495,53.03801599343598],[-1.7653469155696166,53.043370179193296],[-1.777118820968046,53.04303461330541],[-1.7814542775485334,53.0537850569108],[-1.7751264501358908,53.057097374922954],[-1.7832789280878971,53.062219466970234],[-1.7899933451582657,53.07715174849888],[-1.787328576333245,53.078089855031244],[-1.790814558764373,53.08800200881417],[-1.781585994447543,53.09117017500854],[-1.7812280156723839,53.102402633924946],[-1.7843649998692268,53.10798782339217],[-1.7974916287027773,53.1140791696251],[-1.8108696992257054,53.1320340647735],[-1.8191286063788645,53.1355510402015],[-1.811337575118912,53.150736009308034],[-1.8130284374221786,53.15609699529788],[-1.8363958442029247,53.17611020178263],[-1.871345063363045,53.19446670837103],[-1.8845247146849793,53.192438090465494],[-1.885888599749032,53.19866352424862],[-1.9035726304870628,53.19807738366761],[-1.935498494371952,53.21178045916487],[-1.9514234868783673,53.21278785870636],[-1.958837504490882,53.2240546984854],[-1.9796160876930309,53.215135634988755],[-1.9859696429741533,53.21623135290376],[-1.9862852375534348,53.22313028311364],[-1.9718855871148835,53.22819327027668],[-1.9781845764295707,53.23873520626443],[-1.9725825665606593,53.24450609636407],[-1.9829592154813904,53.26460086819624],[-1.9756999198075398,53.28079811470286],[-1.9886695983767382,53.31607757907641],[-1.9816757259040725,53.328353590511526],[-1.9835199568369128,53.33194356626583],[-1.9782655084603986,53.33681851982157],[-1.987005486107458,53.35041727117154],[-2.0082127638094858,53.35617502611778],[-2.0192800970978144,53.36358826586283],[-2.0280877347786825,53.36329912945035],[-2.0326737307909943,53.370521156369584],[-2.040216292037422,53.3726814278134],[-2.0456742252085403,53.381809013459915],[-2.048870979018912,53.38130039484614],[-2.045369601036938,53.38696187708855],[-2.0496606010726124,53.39082908157836],[-2.055304293410284,53.412261767403876],[-2.040204679076747,53.41221976729043],[-2.036466288044936,53.41613705810212],[-2.0390456504340126,53.41887216678509],[-2.01545250490477,53.431225854006954],[-2.00953099834188,53.43890720959345],[-1.9976877573770488,53.43576009906524],[-1.9952341216675422,53.4380911308158],[-1.9978732947186026,53.44155976910542],[-1.9758692569530214,53.45596702040563],[-1.9762502852815242,53.46141137731312],[-1.9639771583789138,53.470625087690635],[-1.9479132824925134,53.47143383988895],[-1.9204155244467858,53.483875044949706],[-1.895718180170229,53.48567922921697],[-1.86357478922125,53.49554681273003],[-1.825116411061428,53.49622235366942]]]}},{"type":"Feature","properties":{"name":"Devonshire","code":"H10200091"},"geometry":{"type":"MultiPolygon","coordinates":[[[[-3.8962790819844755,50.2788414708726],[-3.897352296465196,50.27854259691085],[-3.8970071877799337,50.2797484351722],[-3.8962790819844755,50.2788414708726]]],[[[-4.152374298869174,50.355191841041254],[-4.150277939646733,50.354570379382096],[-4.1521938433957715,50.35396821175368],[-4.152374298869174,50.355191841041254]]],[[[-4.676298092881373,51.20199139511484],[-4.6691729533373545,51.19987876004931],[-4.661231929211711,51.185990036933475],[-4.661309916351384,51.169109291789916],[-4.652052837416316,51.16173230912075],[-4.654217860630795,51.16047379730945],[-4.668818637896373,51.15835628034503],[-4.679461928366252,51.17196247054035],[-4.672268533010972,51.18098650000434],[-4.678249606349189,51.1953038513416],[-4.676298092881373,51.20199139511484]]],[[[-3.7836516381895438,51.24576087936114],[-3.768172045841726,51.23711798441724],[-3.721875818692956,51.233561507903666],[-3.729479573261101,51.223164140305414],[-3.7253125002893768,51.20090945296976],[-3.7312040679205905,51.19344366369637],[-3.723359436902674,51.17979088298047],[-3.754869710311564,51.176841879163675],[-3.7827758792661648,51.16942875051341],[-3.8035178247834405,51.176296625299145],[-3.8387054836885732,51.176223588862975],[-3.828225592049491,51.133581021097044],[-3.8012416453258235,51.11436166875609],[-3.7640074501355754,51.102244088317434],[-3.7175005839939375,51.07804396023819],[-3.692355667799412,51.07830480215981],[-3.68203443882857,51.071277307769385],[-3.6501897728603545,51.06371352669499],[-3.6502538362681305,51.05973300433382],[-3.6438782569136525,51.05648561136218],[-3.635545783722357,51.055171365632575],[-3.6248881458409805,51.0603147046779],[-3.6130903659124503,51.05514411347015],[-3.595952610385239,51.055207483059206],[-3.599892933234717,51.048901558349556],[-3.596772873394988,51.04076881689391],[-3.6105694477769505,51.025399476482754],[-3.6142379183035973,51.01546059149603],[-3.604074497805732,51.006892012967455],[-3.5276595185302635,51.00339200425742],[-3.520040050375351,51.012047850291154],[-3.5196000014054047,51.02302403295697],[-3.5033461698329744,51.02907695693361],[-3.4824062648424476,51.03339595894738],[-3.4586140415384894,51.02376218418566],[-3.433721544429454,51.030570017077515],[-3.4187670473027882,51.03042723512125],[-3.4143810598308564,51.0266584649584],[-3.4141901916223065,51.01991808700943],[-3.378395248649536,51.015547613344296],[-3.3818258079165258,51.00438414229804],[-3.3800175017875413,50.98640726163488],[-3.3745631010391874,50.976786897136705],[-3.3297456165242436,50.98203627043786],[-3.3235422704805377,50.979101602911726],[-3.319351498338687,50.96835876372516],[-3.253621257349309,50.940890841533914],[-3.18620270353041,50.94784526138211],[-3.1620494561964256,50.94672850425315],[-3.1712923979545096,50.934765320923916],[-3.1722243092589753,50.92652428191374],[-3.186908439166915,50.90970551066065],[-3.1697217636886124,50.906195523636754],[-3.1689573551097503,50.90014978575362],[-3.1525997153265637,50.899490909426085],[-3.149288239191882,50.891967707267035],[-3.14177723782845,50.88834685812497],[-3.124856677601333,50.90131752559519],[-3.118204434437756,50.897740709769664],[-3.0918756606350732,50.90516506375998],[-3.050180768476744,50.90747174348463],[-3.048816011231488,50.90214763860422],[-3.056890924649702,50.89068978237822],[-3.0535498740556415,50.88143757994489],[-3.0594666686111776,50.87473453209416],[-3.05876946919644,50.871372124424944],[-3.0441072698632805,50.867524180846935],[-3.043455590407872,50.84881658746399],[-3.017392947670579,50.85520008767628],[-3.0009558793914355,50.853057593968416],[-3.005384845860674,50.86059551534957],[-2.983227323938966,50.868159447481744],[-2.96365762028627,50.85686596853328],[-2.9719252332031285,50.84466917156638],[-2.968952327293044,50.83519912898527],[-2.9576108123662963,50.82590619028592],[-2.956413237522791,50.81859189520016],[-2.959641775553807,50.81657395808427],[-2.9210066614278767,50.805425551800994],[-2.8942705002392706,50.80429755888814],[-2.8803392305684907,50.80981299915311],[-2.869649426367286,50.80421549518616],[-2.879579425626452,50.799446781317265],[-2.886640246136489,50.80087407519185],[-2.885722807351411,50.79321199897376],[-2.8975901764137797,50.77969898593664],[-2.907463451295278,50.7808637400651],[-2.9167218727969626,50.7746819891748],[-2.9214752014360594,50.781980213457736],[-2.9349689071880505,50.77976159552918],[-2.9557027019378164,50.766788592815885],[-2.95939707251194,50.760286311855964],[-2.9386477441554257,50.753153946353656],[-2.9432555229560387,50.75081643611691],[-2.9416596474742347,50.74482906291168],[-2.954032066894704,50.72904729805891],[-2.9469542793995136,50.71749463002008],[-2.9513665326607055,50.71430877607428],[-2.9624940507502817,50.7137860454669],[-2.9788825859510193,50.70567986950599],[-3.024363435938625,50.69899159853051],[-3.056739193015639,50.703295587916905],[-3.055523383937271,50.717987332908955],[-3.0517294725585806,50.721258779454004],[-3.0556492923568963,50.71883814177686],[-3.0557200714285337,50.721357622558145],[-3.0514771629167305,50.72391248766034],[-3.0578712607608356,50.720055577539135],[-3.0576206932370065,50.70294312215467],[-3.0818926618408335,50.70081741191115],[-3.0904834279793088,50.695405514430625],[-3.094345339225706,50.68507470108311],[-3.1908078700406355,50.68397619152808],[-3.2563206045281423,50.67274185274154],[-3.2793169936443882,50.65719248411762],[-3.2939894695499885,50.63488388505505],[-3.30523413649823,50.63059229719601],[-3.308283018781715,50.645619941626244],[-3.3072421062158974,50.62967126242693],[-3.3526190922162713,50.617591022202426],[-3.3576198191832147,50.614657372319705],[-3.357186633728641,50.60712064365148],[-3.382764154391771,50.60654458892052],[-3.4239239745974652,50.616881583568976],[-3.416041614632683,50.62057272765332],[-3.4147272889809033,50.628128693034036],[-3.4306488016228194,50.64477624500707],[-3.4484203610191475,50.67252195650156],[-3.4501458873148816,50.68258495048552],[-3.458039609390761,50.68581886386692],[-3.4598505351935076,50.693440475082475],[-3.4550279864100064,50.693730133858416],[-3.4558146918325017,50.698558353172494],[-3.460700951108877,50.7006225775762],[-3.454315735739034,50.696019982188645],[-3.459867639064174,50.6945843387522],[-3.4583277199374916,50.68597895601955],[-3.4508888758417062,50.679914288602674],[-3.45698776732351,50.67471501289412],[-3.4786792013674863,50.69023138995769],[-3.4954745754555345,50.69350961110338],[-3.502563988991994,50.70168513120111],[-3.5096766823119028,50.700717173725735],[-3.467542633719212,50.68133104601993],[-3.4647683301344125,50.66088128388263],[-3.4552037634521042,50.65556402361963],[-3.450068460966485,50.6461695558882],[-3.443096465409443,50.6031432183392],[-3.4268933925964413,50.607602587084315],[-3.4265309225000777,50.61164821942855],[-3.4243543838945008,50.60946043729869],[-3.44350555485526,50.59133832067903],[-3.4651588790205934,50.57794319381931],[-3.4695362969450203,50.56173388962738],[-3.476790256702741,50.559342216839234],[-3.4949445143816917,50.54126535347507],[-3.4999031237810447,50.54518348441574],[-3.528203703913993,50.54665304745552],[-3.5751561890510715,50.541775535849794],[-3.5902506362928976,50.537952688708145],[-3.579621685943468,50.53757839864271],[-3.594494504896548,50.533217418804455],[-3.6028554087235567,50.54006537435232],[-3.5983435586730783,50.53444547717455],[-3.6106619433193536,50.538940337830816],[-3.5977876696441187,50.53390713172086],[-3.605258247182061,50.53110145212354],[-3.591385353705822,50.53354779073105],[-3.5939565698244103,50.52445858070488],[-3.587858242718838,50.534293037713894],[-3.5740818626278426,50.53795475272333],[-3.5087440005855153,50.54204526983096],[-3.495494355942716,50.53763078026958],[-3.513743943137164,50.50625242626589],[-3.515843705006515,50.484500692202765],[-3.5008017529633495,50.476837954135945],[-3.500635445409697,50.47123828408317],[-3.492198803973175,50.46939307942115],[-3.490571709575632,50.46422711765085],[-3.4833106253492763,50.46269773798538],[-3.5173550383875867,50.45428124729283],[-3.524221627299614,50.457775135695016],[-3.5227518099357007,50.460224751123235],[-3.5386463815334737,50.46019105799032],[-3.5560380131685765,50.444489606105606],[-3.5578964971300753,50.43259355197062],[-3.5533758367558774,50.43060858919127],[-3.558223219683007,50.420668394971344],[-3.5549445327576374,50.40760684108211],[-3.5429639612384785,50.40163011540021],[-3.5278261296401277,50.40432419849467],[-3.5177621464895013,50.40214400604513],[-3.51069496199428,50.395330997397814],[-3.499026869453804,50.40041290247696],[-3.483256797350226,50.40000612778609],[-3.501637914183494,50.389268053142246],[-3.5020389595206125,50.38426617152185],[-3.497144424216094,50.383454087647706],[-3.5131839837199648,50.37481243349055],[-3.5195113440365104,50.35788851493901],[-3.5156446090784916,50.35512317691972],[-3.5179296774586124,50.34875038149249],[-3.5437915233938213,50.33614460194343],[-3.571336370618643,50.34703296845506],[-3.5649660414001816,50.35106116954319],[-3.574666943914798,50.36217112270341],[-3.5693916789069466,50.36760518959684],[-3.574344347393291,50.36797539426551],[-3.57688729986586,50.3751539329936],[-3.5893257908742116,50.38170195297692],[-3.5743609554992837,50.390952556873216],[-3.588897881669792,50.394519215936214],[-3.6096595473476736,50.39217929995062],[-3.6207804162347736,50.398559635221964],[-3.630757891065456,50.399259391439905],[-3.6301004248764586,50.40441997598397],[-3.6344163187155627,50.406977818475056],[-3.6457474786623743,50.405497594337504],[-3.6411046360649606,50.40835970371388],[-3.644204765590944,50.41191837192975],[-3.6578014210272927,50.411399766810355],[-3.6799899631037047,50.42654038246367],[-3.67875419816249,50.43477740298235],[-3.6832327907431637,50.44351507136754],[-3.6737103450233124,50.445779736282695],[-3.6724261012831314,50.450307322957414],[-3.67367051233035,50.445968301775636],[-3.681787339491868,50.44481954240629],[-3.682155290732599,50.43735926640092],[-3.6896031271504466,50.43851152827275],[-3.679335236845603,50.4347600220329],[-3.6804916336910205,50.42633310800597],[-3.6654305129255436,50.413920890433985],[-3.644171295155012,50.41005690502576],[-3.648041371242967,50.40674778588624],[-3.64440818208896,50.40348189294737],[-3.634288565893217,50.40481904379525],[-3.6426597226406177,50.39642581919915],[-3.6699072294598003,50.395788631753256],[-3.6676885211164185,50.39439657091921],[-3.634245679759517,50.39743484577862],[-3.6063402959145816,50.38814061763164],[-3.612529289094404,50.3835746164962],[-3.5945931887440277,50.38967489183631],[-3.5935916290460512,50.38032135739078],[-3.579867397976869,50.37264439092036],[-3.5838118270444834,50.36332959659942],[-3.5981423024605226,50.35683708574593],[-3.578248694330591,50.35950089422547],[-3.576018001982893,50.34632091483545],[-3.564433060754887,50.34147437459707],[-3.5629534159225167,50.33531241938585],[-3.575267694154255,50.32481032659268],[-3.58612452221957,50.32590790846699],[-3.6115949316434235,50.31742260002605],[-3.6396265774594116,50.291591757132565],[-3.648540311402746,50.27364823901219],[-3.657871489885899,50.23905882230889],[-3.653251951397221,50.227475943147034],[-3.6417409214660528,50.222962132560774],[-3.655865859914546,50.21723820746573],[-3.6809354147198765,50.22132447155286],[-3.7061648291302416,50.20536526449846],[-3.7206088641127297,50.201394315975264],[-3.7373616539342818,50.21391518614824],[-3.7686959637678794,50.22113863028812],[-3.771414958277919,50.22540328539663],[-3.760208998628158,50.235674311616656],[-3.73987830774617,50.23904703122578],[-3.7271122427810752,50.23594257057871],[-3.736754139926746,50.23960740191926],[-3.7207610450094775,50.24717555107096],[-3.754004139164358,50.23952366050014],[-3.7536241369250845,50.25145940286367],[-3.7372744495967134,50.25665630065965],[-3.7441371877351863,50.25935368897253],[-3.728946886922335,50.26261567633136],[-3.7209319967681536,50.269013270386736],[-3.7453518582343843,50.26079986512275],[-3.753632345250257,50.25425982736499],[-3.7532653675531953,50.25940970885563],[-3.760408786739952,50.26290967306636],[-3.7570868497216408,50.28215205286882],[-3.763821027019924,50.27132869327632],[-3.7708837030840145,50.274247255949895],[-3.7743694985745053,50.281513460673246],[-3.773087816233664,50.26980150673953],[-3.7661917280686232,50.263898641004616],[-3.769034750476587,50.2596933145329],[-3.784064944841921,50.26418509629117],[-3.7744613307709494,50.25755516431592],[-3.7867374244558922,50.254450787039616],[-3.763972558563942,50.25347543362633],[-3.758758292045278,50.24038459224975],[-3.7723731702958965,50.24325405709458],[-3.7663058441668666,50.241185804274195],[-3.7655249450214656,50.237133630452824],[-3.7835075280421817,50.224477167367695],[-3.780334028952583,50.22287067543734],[-3.7845758027251684,50.20991240587525],[-3.820931261998655,50.21667046643553],[-3.836999420291716,50.22811497338035],[-3.867308766711422,50.238838999444745],[-3.8693199019540505,50.24041057577065],[-3.8585337607189407,50.24156586281295],[-3.8566944980449716,50.25855499790243],[-3.8804223213441116,50.27285642417307],[-3.8782714423580846,50.27961697999984],[-3.8662005642138304,50.27908194374775],[-3.8635947424795973,50.28589899770989],[-3.851686222796962,50.290451137412624],[-3.8569053930270734,50.29088868543285],[-3.858666219630461,50.295610920898845],[-3.8422671642153228,50.30785005062249],[-3.824658453049527,50.31006988081223],[-3.8373463987535423,50.30791084270489],[-3.8386204569047244,50.311918751987314],[-3.8516635815336877,50.30722668577184],[-3.853202881258649,50.30162332024513],[-3.860382309555,50.29856538219898],[-3.861318016724562,50.289653211731135],[-3.8719817418718745,50.28041920406632],[-3.8776198166859777,50.28392634970142],[-3.892650905794628,50.2811548395067],[-3.8976041210829386,50.287841185531015],[-3.916056507510998,50.29533915368738],[-3.9415736819704645,50.29580528105781],[-3.9458601307447787,50.30518136171849],[-3.9326990074579333,50.322969643640754],[-3.9201485382636796,50.329370875144605],[-3.9304407614889176,50.32445271793044],[-3.934872138427674,50.32614030175613],[-3.9264593641063774,50.335239300931754],[-3.92410968641111,50.34776449687091],[-3.927089323256829,50.33469184335037],[-3.9361324338513946,50.329421476921354],[-3.93937766216923,50.31545528139846],[-3.94801299653161,50.30905825323529],[-3.9617538259646423,50.303774189601235],[-3.991780135683312,50.30662889695081],[-4.033245524616864,50.29244926610162],[-4.074011355573878,50.30277704429],[-4.070033292917106,50.3086931398127],[-4.049154343296913,50.31201100096334],[-4.039281327849209,50.30976847689723],[-4.030728116151094,50.313754788575146],[-4.043904772198038,50.3122401514497],[-4.0519873297760105,50.31666739042303],[-4.041104379076188,50.32934190116244],[-4.016592497998201,50.33966462710418],[-4.018517200443638,50.34126748077392],[-4.03511704559611,50.33859425853254],[-4.030710205252874,50.34069169862922],[-4.033282456738397,50.340560370668136],[-4.043556972591938,50.33095667167042],[-4.050064990292218,50.335299268539956],[-4.050524729311734,50.3442127761753],[-4.050597833573562,50.33768623511835],[-4.055601781949768,50.33743324742408],[-4.047535651593364,50.33142007989532],[-4.046886003515965,50.326376104913145],[-4.056085941154347,50.311000241854494],[-4.084159334380044,50.31724456197237],[-4.111782723457744,50.3160397835899],[-4.120890469457096,50.32478033327444],[-4.1180812127467465,50.335004945905936],[-4.1275143329042425,50.336735680930715],[-4.120378093003194,50.34811485493508],[-4.127404355041838,50.35808294504456],[-4.114930534901109,50.35962532118883],[-4.1123859751033125,50.35362702116789],[-4.100010085662624,50.3542560260974],[-4.111165401676496,50.35828181714435],[-4.107703820849818,50.36498376585413],[-4.098068760877215,50.36577458493818],[-4.105938687065111,50.36672794325512],[-4.098055794235632,50.3792220016087],[-4.0819845081261885,50.38701208706306],[-4.08386111835835,50.39384010681169],[-4.082734901175541,50.38740793631874],[-4.099844776827921,50.38233360218459],[-4.116120293415893,50.361335324552456],[-4.1292112810419415,50.364241634233046],[-4.130025736404938,50.369303498939495],[-4.134646125931089,50.367583400846954],[-4.13242419598784,50.36285120964476],[-4.1544288212806695,50.364885981722985],[-4.1627511433369735,50.358475113167025],[-4.162207076389199,50.36847108090498],[-4.168601180799511,50.36474840058958],[-4.182249278550879,50.366699109810114],[-4.183176574121567,50.38383921625559],[-4.190826084164109,50.38894058846864],[-4.178670373697931,50.39525800210158],[-4.193769572298756,50.39226108204798],[-4.202535290389015,50.40008706382922],[-4.1915968683735745,50.423708669962224],[-4.183033430007546,50.41943319505784],[-4.180132952129403,50.42277272027245],[-4.165320734361453,50.419695961521995],[-4.166205030735128,50.42321557624415],[-4.159603594864509,50.427228838376685],[-4.174195622989076,50.42339660312952],[-4.188111884656971,50.427343652333654],[-4.174255977677903,50.43341272503216],[-4.161494195876996,50.44836158183372],[-4.156615099113696,50.44664856891862],[-4.1607854311449275,50.44959540749109],[-4.154367285981103,50.454320954964636],[-4.155859435478511,50.46058103740225],[-4.149351266680074,50.46429688519161],[-4.186305351668356,50.4341025850872],[-4.198666399555372,50.44871195343399],[-4.193620790526132,50.45268872415062],[-4.2154579124239,50.4680032971348],[-4.222982726926976,50.46680189739952],[-4.227386566446096,50.457436227255876],[-4.234597572587426,50.45819836103484],[-4.232324789948735,50.466908163016505],[-4.21531142877382,50.474607785317836],[-4.216178709079256,50.482631317727865],[-4.221851744748188,50.48821807890929],[-4.218573304454465,50.49736323326012],[-4.198824346274224,50.491453072302654],[-4.193247294367618,50.49300296853553],[-4.193716923126574,50.49723451322086],[-4.180826801487349,50.49937121141729],[-4.1796935097029495,50.503672411038664],[-4.185845240315842,50.50787205736393],[-4.193974614713643,50.50236867155461],[-4.201569603239733,50.50282071479216],[-4.200747155009221,50.513069325925855],[-4.208176230441363,50.51437144258232],[-4.204788445893277,50.518265872127955],[-4.210104372426201,50.52792353862888],[-4.206230018808098,50.53102409820964],[-4.208391934283564,50.53266268442498],[-4.23003470267443,50.53070436690653],[-4.237438095773949,50.540330055631],[-4.24536579805027,50.54361746304752],[-4.264363847105873,50.53445859042193],[-4.270181669859068,50.53689304755996],[-4.257333013354848,50.54555842886883],[-4.260067140324002,50.55454306296128],[-4.276517859506964,50.56800936871682],[-4.276634443882408,50.572322306297856],[-4.26667709790934,50.57825840992545],[-4.269062841967522,50.58160210505104],[-4.283763477585531,50.58435690716592],[-4.281801149276002,50.57541273024057],[-4.284692463174684,50.574712017303874],[-4.289141185441961,50.58314424137285],[-4.3067168012729296,50.578106698434205],[-4.310562005271031,50.58673694652416],[-4.304207538404426,50.594203479147446],[-4.30574595896907,50.60331127173947],[-4.3018844610778855,50.609991831890426],[-4.3061549946115045,50.61771714192748],[-4.301006306291669,50.623647081916786],[-4.300063415036311,50.63407877597598],[-4.319946932887524,50.635477202772336],[-4.330504845844479,50.64063350976686],[-4.34057727308752,50.65991749027089],[-4.360120841211153,50.65476421938147],[-4.376184331015056,50.66154266694483],[-4.4116568613827285,50.66466380403425],[-4.422183380865865,50.661429482028545],[-4.448679341249229,50.67317326088372],[-4.461487175987361,50.67120895867996],[-4.49019072639365,50.679682389021316],[-4.503131332204966,50.69298079639193],[-4.505249569186665,50.698156204981494],[-4.499156985677713,50.70212107326794],[-4.502980557242826,50.713375545979076],[-4.496591437700181,50.71826570188098],[-4.4435828807647555,50.723628892651796],[-4.420349762335756,50.70165177101884],[-4.422167436086165,50.69913522488573],[-4.4175004497340575,50.69418205150226],[-4.385121033808683,50.69097355505793],[-4.367533035715216,50.70162896919466],[-4.368311577832712,50.71074838215487],[-4.362786710996702,50.72168994950185],[-4.369419131842108,50.7254949838566],[-4.374298900614455,50.739902286862225],[-4.384128101984836,50.748163747702584],[-4.379609419416413,50.75660180834791],[-4.385124768899052,50.75738747972359],[-4.386124991145597,50.763737086454164],[-4.38090820657752,50.768209089632606],[-4.393758521167001,50.780866534570315],[-4.415709789755034,50.77849123262391],[-4.408455431281543,50.76321052663908],[-4.425476479036498,50.76721376145604],[-4.442111112813546,50.776225321078805],[-4.447995103047676,50.78435885457848],[-4.468998855993185,50.78353348627731],[-4.475213966125329,50.78915228295534],[-4.488556732908518,50.791036809975296],[-4.486055182115215,50.79533040485013],[-4.472177300616343,50.79638657953749],[-4.472179927941163,50.80136399838522],[-4.45942356089471,50.80296837036376],[-4.447302929132561,50.81159078373902],[-4.438872054913014,50.82559936337721],[-4.442496968713827,50.829600357612804],[-4.441364005266379,50.84584076452626],[-4.433660043183327,50.86630253385219],[-4.423737954084908,50.86849780044158],[-4.426202404718606,50.875547649218205],[-4.4449062146633835,50.89197537598342],[-4.448825978055642,50.90612828205259],[-4.455395015445066,50.90645650737688],[-4.459754254648831,50.9116056129494],[-4.461660485307503,50.9153770923977],[-4.456025882846674,50.92945865399644],[-4.468497634849129,50.93232553862744],[-4.531497069057298,50.92589345408634],[-4.544286765563929,50.927621103858314],[-4.548422121881868,50.9382343224436],[-4.541424682904281,50.943946829327956],[-4.541992044909476,50.95053423603382],[-4.53172035196851,50.96608971698296],[-4.533461043167419,50.97817919323086],[-4.528505989871409,50.98679059793726],[-4.5340928748438625,50.99391143542233],[-4.529208146074596,50.99595489394015],[-4.532049850737351,51.00028920975835],[-4.528959958905292,51.00465222859476],[-4.532613780653827,51.00797138297328],[-4.525926326684253,51.01121503702203],[-4.524947018533533,51.02134937084417],[-4.4998866922926775,51.01807730617101],[-4.495818795127857,51.02095816792243],[-4.464090659967291,51.02017832554377],[-4.449725088573329,51.01433608474835],[-4.416280926628336,51.01025654092911],[-4.394080012484904,50.99615193801803],[-4.375806959779803,50.99010729929237],[-4.341660346745214,50.98848989879533],[-4.3002398456620865,50.998170371684644],[-4.2564090927653755,51.03743107027728],[-4.23621997954576,51.04182731731073],[-4.225300523822108,51.061283411416014],[-4.215919578178785,51.06459362263267],[-4.208645061470053,51.06201140007779],[-4.21333193004012,51.05676161189751],[-4.2091831965413435,51.05256860250698],[-4.197088658339642,51.05730205998373],[-4.189781892075636,51.054503410591856],[-4.190263654174159,51.04432961214758],[-4.2025687760151635,51.031519305307484],[-4.205340723675893,51.00815112079122],[-4.1920418217160735,50.99914600441221],[-4.200432340762473,50.99071852180658],[-4.1918233838701395,50.999562058922194],[-4.177017692797566,50.997259338543444],[-4.181286816066044,50.991426707956805],[-4.196470891335699,50.98928199863824],[-4.187885681048347,50.98397621656629],[-4.188625944993562,50.97890194765292],[-4.184541991364822,50.9756153209678],[-4.188288329886814,50.979054888379515],[-4.187093819595371,50.98374279827196],[-4.196122802685531,50.988821722639656],[-4.180507867653426,50.9911363371987],[-4.175762175179004,50.99699041149103],[-4.200796807068022,51.00441411120385],[-4.2029835746311965,51.008984437095215],[-4.196036209258653,51.02368656726823],[-4.197518340404354,51.031290620387786],[-4.179001802361025,51.04731143758431],[-4.177893218249292,51.06732339118224],[-4.168999002641194,51.07216328656005],[-4.152670049548584,51.07270541157263],[-4.151245824693304,51.07967447823115],[-4.124247290247066,51.07793775581824],[-4.109912819663725,51.07225212691783],[-4.120645282723755,51.07704257133238],[-4.117300015906203,51.0888022985979],[-4.082336118638721,51.07766314528449],[-4.064087880685787,51.07848608797791],[-4.05473457147277,51.073214712246106],[-4.054977244507323,51.057810254798206],[-4.049407838383553,51.04451811156212],[-4.053535873706373,51.07296954994858],[-4.065368958609318,51.08057622440624],[-4.049218945959917,51.08690384458917],[-4.075299815058268,51.079579099480334],[-4.116519276478711,51.094035906687374],[-4.12684846091992,51.09299481733712],[-4.128086692518945,51.087766293632725],[-4.134103173410846,51.08505988036681],[-4.1634497763737315,51.083490401657464],[-4.16762186218015,51.08689755656814],[-4.16337934044431,51.098687888136496],[-4.169875318001727,51.087260497871306],[-4.166452812708772,51.08110429178348],[-4.18321014169917,51.07613505253408],[-4.1904876447435715,51.068546875892096],[-4.18885433128984,51.06458030653041],[-4.214688397523868,51.07522247263609],[-4.221860956843266,51.090136922126305],[-4.221152128859072,51.11527665248029],[-4.242062831782228,51.12229521921598],[-4.237727989621523,51.13193497602144],[-4.259256909662473,51.14305667645536],[-4.255132125590213,51.14632450139403],[-4.218811761838363,51.14620462908785],[-4.208601473082959,51.17135126888339],[-4.213139719060753,51.18189419032021],[-4.229188785517239,51.18749839025456],[-4.206305027078182,51.19196485911216],[-4.200887480623929,51.199358689294485],[-4.175656433605957,51.19768469616688],[-4.119772010239341,51.21210784007633],[-4.10669801419713,51.209037727588836],[-4.07808313809294,51.217120902372194],[-4.038294826975918,51.20641271403825],[-4.027367062424177,51.215828825491464],[-3.9564848652955935,51.21885252368318],[-3.9235620648413243,51.23094678435068],[-3.900552404663957,51.228199189463545],[-3.8923323602145667,51.223680736257236],[-3.851929404384198,51.23416569171726],[-3.811970068074118,51.23087716209007],[-3.7836516381895438,51.24576087936114]]]]}},{"type":"Feature","properties":{"name":"Durham","code":"H10200093"},"geometry":{"type":"MultiPolygon","coordinates":[[[[-1.2215701442568607,54.62563688968011],[-1.2234124554270436,54.625528278312935],[-1.221832545267829,54.62617156733738],[-1.2215701442568607,54.62563688968011]]],[[[-1.3241591510075872,54.83916674720629],[-1.3235827393625994,54.83901990739845],[-1.3244598217221504,54.83908590638924],[-1.3241591510075872,54.83916674720629]]],[[[-1.7015559143954109,54.97146412717995],[-1.7064624172652887,54.969514864199084],[-1.7112032148306657,54.9732594533462],[-1.7015559143954109,54.97146412717995]]],[[[-1.7606075259394511,54.98180810616374],[-1.7594287102857245,54.98167429144616],[-1.769091281583147,54.98134970178167],[-1.7606075259394511,54.98180810616374]]],[[[-1.750715927892852,54.98422710917579],[-1.7485672939317352,54.98275306233048],[-1.7547569170338424,54.982585259597826],[-1.750715927892852,54.98422710917579]]],[[[-1.4235298314324416,55.006730086535825],[-1.4178574988852828,55.00332742561931],[-1.409871535830407,55.00721464142556],[-1.4122992808574364,55.00309310714223],[-1.4048296945712613,54.994988814331805],[-1.3801159787681057,54.98587529824958],[-1.3784846426251507,54.97948051039395],[-1.3598598440180647,54.9711990539735],[-1.3525629833705586,54.957938968104834],[-1.3662596961227695,54.93474162018897],[-1.3616730583417613,54.92285680181497],[-1.3540931582619524,54.92261094550527],[-1.359880167819168,54.922851867053566],[-1.36059672701207,54.91840411667097],[-1.36587693165596,54.9196819439058],[-1.3710336559735843,54.910989936668926],[-1.3858095310436158,54.9105064827484],[-1.3926720580976315,54.91754044857724],[-1.402830827163422,54.91417013889018],[-1.4219120128072527,54.91769741595333],[-1.4497102428613995,54.909065446510084],[-1.4599159824293624,54.89852126139152],[-1.471479406527113,54.90354848139294],[-1.5047882800254173,54.881060072245575],[-1.5173486397613978,54.87798836157554],[-1.5175252595624367,54.873119629599785],[-1.541087961455106,54.86576477660725],[-1.519015963257416,54.87174595753323],[-1.5165922808425285,54.87802040554696],[-1.5042861340483877,54.88082255164],[-1.4721780937444178,54.90224024295292],[-1.4669031489194118,54.90343592141046],[-1.458784503938261,54.89835085711673],[-1.4485073516091749,54.90862321066709],[-1.4289795170425614,54.91431288036118],[-1.4183231242470309,54.91642024628402],[-1.4044042958864726,54.91316047344698],[-1.3936970310255403,54.91651110309803],[-1.3814445886267017,54.9093950567439],[-1.3704512854761728,54.909521953037505],[-1.3604428405687743,54.916891604345764],[-1.3537215892837875,54.9148147569068],[-1.3555311402991408,54.911047953786316],[-1.3491927660866803,54.90602154790983],[-1.352136101652866,54.907571566592516],[-1.3600186611734038,54.89819527608747],[-1.354035031247075,54.87586722730426],[-1.3434356220426202,54.8544234670021],[-1.3227394249083428,54.83669490188284],[-1.3237572112538818,54.83169983214182],[-1.3118989334233995,54.812873177508735],[-1.3068863139022704,54.78014276203353],[-1.2907025069096751,54.76083962969546],[-1.2415329931995591,54.72376559372909],[-1.244150581594901,54.723355941041646],[-1.174462900523091,54.69765070377033],[-1.1730722699650886,54.69254861562294],[-1.1931822439822883,54.69930918576682],[-1.1878793865331072,54.694261190549696],[-1.1967884617660554,54.68997937050604],[-1.1940989936317061,54.68648856227194],[-1.1974643489344299,54.68041705291825],[-1.1822342649933044,54.65953495781061],[-1.1647944838534388,54.6484065128803],[-1.1574665337895127,54.6480204921115],[-1.1672107037785397,54.643864405851154],[-1.1611063493112088,54.63595052890588],[-1.1635345467388525,54.63684904468392],[-1.1628571079300394,54.63256423260447],[-1.1878937800916674,54.63221340821117],[-1.2005506098104934,54.62287453659766],[-1.230247217393967,54.62568066201028],[-1.2364271597602734,54.63259204509664],[-1.231701320450236,54.63096678165234],[-1.238926097956195,54.62471718174476],[-1.2511939090689437,54.626013318252554],[-1.2322418036570766,54.62859287412044],[-1.2129899877597219,54.62105145997478],[-1.1722956329794512,54.62135266897131],[-1.1677820693068166,54.62932024104468],[-1.1641996684311973,54.62738468487678],[-1.1705144405339951,54.6221107691301],[-1.1614022046072419,54.622023730430485],[-1.1572219146140026,54.61586303248048],[-1.1680951670141264,54.60334857079977],[-1.2013659851276806,54.582817278140034],[-1.2288120133145037,54.58558473768935],[-1.2489861879947424,54.59263691995541],[-1.2570727845402077,54.58842735889285],[-1.2602072420567985,54.57302749178801],[-1.2961506839101324,54.589442866011],[-1.2606223778608678,54.57214649054171],[-1.2865208764449796,54.5644697393403],[-1.308627874614093,54.56432752290999],[-1.307270569852472,54.54667343525644],[-1.3102827057533375,54.542778381922254],[-1.3063907069302816,54.53902580140276],[-1.3158573183011417,54.540121431231384],[-1.3119412838252713,54.53446254260153],[-1.324402242277326,54.53265898733927],[-1.3334677717461332,54.535922529135725],[-1.333459680613378,54.531391578135754],[-1.3383328535490886,54.52975283576481],[-1.3355601701333406,54.509015503003965],[-1.3453409841927777,54.50330924550123],[-1.3565653617474345,54.51238818742947],[-1.358876463023806,54.5034033311689],[-1.375512138364331,54.50225183393842],[-1.3822328033190507,54.48702898873387],[-1.3946641567253675,54.48605104492759],[-1.397266172282049,54.493071704796996],[-1.4064530956175352,54.49387973996319],[-1.4107273811525791,54.477701214574594],[-1.4197794045826435,54.47840956252459],[-1.4308368706287853,54.48106222988671],[-1.4251387664873454,54.48301237657178],[-1.4423702089650083,54.49092932342133],[-1.4573195529831882,54.503497825054225],[-1.4726934862308114,54.5010907503915],[-1.4715709564619976,54.49611459489818],[-1.4591363936457828,54.495514988635215],[-1.4576312337701671,54.49198828073446],[-1.4632995309914227,54.47339216572797],[-1.4506840764916364,54.46460660356264],[-1.4532476878249099,54.44992961126276],[-1.473075371638056,54.45567517611352],[-1.4711897265496712,54.46325040716562],[-1.4755394559400354,54.47387058026584],[-1.4985779974231643,54.47440005234545],[-1.4908282065847938,54.48161151198809],[-1.4917537361683004,54.48687513064481],[-1.5051952103738406,54.48173745702682],[-1.51168278601023,54.47448207103763],[-1.513556846691393,54.48355665191798],[-1.5262124173323108,54.48482086535222],[-1.5297981549022166,54.48318414721734],[-1.5299530428740746,54.4771234064232],[-1.518279530984074,54.4728842203034],[-1.5192513243272079,54.470373947555615],[-1.5416581605736577,54.46865606542142],[-1.555177865715671,54.479268703247875],[-1.5529981146632599,54.484578796256],[-1.5756810091208708,54.493708982874864],[-1.5780204838602485,54.50525669306724],[-1.593169043722569,54.50466989429632],[-1.580194056862232,54.51102923648426],[-1.5826774058558863,54.51294778620712],[-1.60264675951766,54.51118458053374],[-1.5993655031374403,54.51816024884856],[-1.6088108138708657,54.5203603663452],[-1.6290870720464428,54.51366611463005],[-1.6361448983617366,54.517412237643725],[-1.6313166231983858,54.52216574611606],[-1.6330549975102344,54.52516908793221],[-1.6550885791940004,54.5262602391053],[-1.652825553853679,54.532767797629184],[-1.6556803192844718,54.53513276946013],[-1.6843472139654854,54.53367037614583],[-1.7217462913165051,54.543245862929716],[-1.7297077674929453,54.54148879533881],[-1.7331615666223095,54.5459623395974],[-1.745535213800701,54.542591280881716],[-1.745932426757247,54.54832725295255],[-1.7533306464637992,54.55263429124087],[-1.7781402171744456,54.544139876658775],[-1.7894481070924202,54.5342360128049],[-1.8111918827332847,54.5287920749209],[-1.8147484139493388,54.52457464712345],[-1.8397639379556407,54.528248520783684],[-1.8783742910743066,54.52420259229928],[-1.9259120470654423,54.54020611999019],[-1.9411640713217015,54.55909889753888],[-1.957694846700876,54.56184738851715],[-1.9684498427993973,54.572800695567715],[-1.9899826485781447,54.5821320931599],[-2.008412271506751,54.604845847964995],[-2.016393881092443,54.60229080761271],[-2.036183205703528,54.60902820784471],[-2.0377554572408707,54.615977820929054],[-2.0454261210339855,54.619397848294724],[-2.0680244876718556,54.61824412836602],[-2.09990194874042,54.62627114852182],[-2.113538270435204,54.63506040927405],[-2.126498554028509,54.63322754352346],[-2.1313676108669166,54.64083668321705],[-2.1546988276405177,54.64897338684758],[-2.2055197861227605,54.64725194364875],[-2.211993288610477,54.64956861812283],[-2.2180661771803685,54.660880159849626],[-2.2472245194859517,54.66225996358511],[-2.268067516565486,54.64943953653374],[-2.287756298425,54.64678847386094],[-2.2896133771916887,54.64858441291138],[-2.2850743926395296,54.649390597685155],[-2.290707271879104,54.663819429581686],[-2.302558553065487,54.669324063704224],[-2.3189425176722747,54.668067575106285],[-2.348101461612084,54.68578699803525],[-2.3463753883833127,54.68906347991773],[-2.3539858665968083,54.694590854725405],[-2.341361420000656,54.70583137946101],[-2.3422580556557477,54.71502607925394],[-2.326506536278919,54.725045289190454],[-2.3302691883507514,54.73399187404163],[-2.3194788187134208,54.75481425961727],[-2.3214280245563987,54.76418657144974],[-2.306901101378216,54.77371173228168],[-2.311820340400885,54.780421348111275],[-2.3113408845523074,54.7899303178446],[-2.2822606188430785,54.79811833276999],[-2.2355916541246157,54.78712613566401],[-2.2323062911693095,54.783310508587476],[-2.2167140850753,54.78215356090186],[-2.1971628899127746,54.807053184893235],[-2.176470684034344,54.807541149225074],[-2.168463825778602,54.80371597825173],[-2.1590779501144124,54.819360731718994],[-2.1434844890824314,54.825011951034206],[-2.135826463382693,54.832760666813655],[-2.133430990938757,54.84184684513708],[-2.0947624458900846,54.83654069337492],[-2.074504218727568,54.839229145139754],[-2.0684173378222908,54.843441103840725],[-2.038044906865462,54.848117779969456],[-1.9986223250829125,54.86894872774659],[-1.973100533126765,54.867486987441445],[-1.966314014980539,54.86010044296743],[-1.9521330710785012,54.85409263921426],[-1.934082243199823,54.85089588922186],[-1.9310517583372453,54.853681998224104],[-1.9312459425581818,54.84998939345572],[-1.9200872276206085,54.8447507450513],[-1.926239251994724,54.84248193528604],[-1.9188782989023248,54.84037698457748],[-1.9216104699296814,54.83852567713952],[-1.917746378814367,54.834154089700306],[-1.9107226356574085,54.8337997406262],[-1.9078857021794038,54.83627816265194],[-1.9121185443858033,54.838965742995164],[-1.8977145943571092,54.8443306496266],[-1.871123189449401,54.84931528425326],[-1.8648553380856836,54.855290178480296],[-1.868701470412785,54.86165300896611],[-1.8592337917781996,54.86738424947564],[-1.8562825814303527,54.879079039881525],[-1.8479412234311026,54.885203351383865],[-1.8519808641021838,54.88867241973878],[-1.8204710571104508,54.9041730733239],[-1.8243763913043425,54.90916227745739],[-1.8499186499021443,54.91614092294753],[-1.852953746834842,54.92708391716437],[-1.8265428552079643,54.93123270677349],[-1.822575117503671,54.939434097911416],[-1.8307002654452955,54.951912771688825],[-1.8215079653949782,54.95634160031492],[-1.8217851573395076,54.96549837216446],[-1.8084195189676335,54.97012897246251],[-1.7906414177691374,54.983497005486385],[-1.7491844973131543,54.98178122038766],[-1.7281782129124863,54.97533714831022],[-1.7191900765828902,54.96716884481724],[-1.7095826064933297,54.9661199337709],[-1.6998889453113177,54.970203600404346],[-1.6796143925898033,54.96365225775532],[-1.683210753421701,54.957223159315035],[-1.6973532948915822,54.949018693930014],[-1.6747328771543353,54.9638720718816],[-1.6358048214033956,54.95774380756642],[-1.626671840162138,54.94798886107875],[-1.6357751022610445,54.955676629195565],[-1.5941812077881357,54.96972591776417],[-1.5534464047772714,54.95820623669195],[-1.5354158878243682,54.9611305899956],[-1.5300738858968346,54.97800811312272],[-1.5194035398366148,54.98502778713015],[-1.4719263112991248,54.986272531428256],[-1.468595581376925,54.98178950497803],[-1.4777665318010067,54.975344829087156],[-1.4712587075574701,54.979512923144796],[-1.455530491499765,54.97871735918429],[-1.4659641595656507,54.97977109909104],[-1.470208487618251,54.98604936558738],[-1.4459362052472386,54.986307025012465],[-1.43753273430466,55.00439060174555],[-1.4235298314324416,55.006730086535825]]]]}},{"type":"Feature","properties":{"name":"Essex","code":"H10200095"},"geometry":{"type":"MultiPolygon","coordinates":[[[[0.5413448744942961,51.518022633207416],[0.5415531208215324,51.516843440987365],[0.5337956879213057,51.51557223806533],[0.5413448744942961,51.518022633207416]]],[[[0.5260219799851714,51.51683821857115],[0.5233828368017434,51.51820283393309],[0.523012003776747,51.520178798348056],[0.5260219799851714,51.51683821857115]]],[[[0.6079203774201233,51.53340201471904],[0.6153853740027253,51.53041324247923],[0.6111319419983393,51.5301239760873],[0.6079203774201233,51.53340201471904]]],[[[0.5842207033365816,51.53540814362886],[0.5831452493259992,51.5354417349812],[0.5831189605078441,51.53569056275272],[0.5842207033365816,51.53540814362886]]],[[[0.580402746178655,51.53586100166811],[0.5815231173798598,51.53552513051291],[0.5791569525312655,51.535739101973604],[0.580402746178655,51.53586100166811]]],[[[0.581982741484529,51.53556807801496],[0.5804148430755034,51.53615125814764],[0.5811429605578098,51.536274647326096],[0.581982741484529,51.53556807801496]]],[[[0.5889383400300626,51.53657769946939],[0.6021866087492004,51.53502609825367],[0.598721767132762,51.53354778542029],[0.5889383400300626,51.53657769946939]]],[[[0.5853689345308173,51.537548711637186],[0.5874754011146802,51.537154159716074],[0.5833688284014243,51.537682739591915],[0.5853689345308173,51.537548711637186]]],[[[0.591607692642599,51.5368767224047],[0.5896505556091448,51.53687767978965],[0.5849735057946871,51.53774811342954],[0.591607692642599,51.5368767224047]]],[[[0.6469126632521062,51.53878940145014],[0.637216772982365,51.531027863971275],[0.6111837970039337,51.53410292520876],[0.6469126632521062,51.53878940145014]]],[[[0.5532868398524334,51.54479785445596],[0.607450776009104,51.531141332657995],[0.5975509748167762,51.5301845846131],[0.6238271601225082,51.52865417665879],[0.6333563692836818,51.52463581679116],[0.6190980281942458,51.52115768926118],[0.6211676341853606,51.51971277671943],[0.6386706383554074,51.52185752257547],[0.6197485125292711,51.514180438716075],[0.5881617083447291,51.512673864509615],[0.5733486165528242,51.50753488967236],[0.5543237998550767,51.510491014497205],[0.5429928561855978,51.51960320613549],[0.5301970053600045,51.51780053260513],[0.5196902224459535,51.52923836628134],[0.5371102000671755,51.53020109943246],[0.5437598125154652,51.533515395294884],[0.5464675722624046,51.54613340198066],[0.5532868398524334,51.54479785445596]]],[[[0.835594402128613,51.56950221299593],[0.841296015720722,51.561014230379996],[0.833298016951336,51.55966512323986],[0.8261169103869817,51.567080200041474],[0.8329488425058905,51.57270716900992],[0.835594402128613,51.56950221299593]]],[[[0.8318326428806333,51.59544529168541],[0.8369345681228774,51.594719351046116],[0.8391786918605847,51.58471761130568],[0.8228596338307953,51.56470934636746],[0.8159032504014897,51.57722204395452],[0.8109979623199527,51.57874471244424],[0.8104663849228633,51.58619978346623],[0.8211075282137569,51.59406486992519],[0.8318326428806333,51.59544529168541]]],[[[0.9592206105572064,51.62001074470075],[0.9514766214254219,51.60767932148982],[0.9315996245301515,51.59196421498685],[0.8806103346573542,51.568165812831516],[0.8688002003773643,51.559082572542394],[0.8532089441794866,51.55716477302046],[0.837833943877455,51.56606415619714],[0.8348361712528978,51.575941100664636],[0.8451574359767224,51.58187066077589],[0.86448034016103,51.57075209700229],[0.859334196364814,51.57683952935627],[0.8431717403730228,51.58177039899021],[0.8393710169904997,51.59148070735416],[0.8690665827351641,51.59504056876947],[0.8760692416844585,51.613630701202624],[0.9592206105572064,51.62001074470075]]],[[[0.7390476729411911,51.63575182069247],[0.7404517087328246,51.63504084164314],[0.73897227431313,51.63488469703125],[0.7390476729411911,51.63575182069247]]],[[[0.7534708216974002,51.63556447334042],[0.7483165972125627,51.633992509226296],[0.74087464664508,51.634767419900186],[0.7534708216974002,51.63556447334042]]],[[[0.6983205466396495,51.6377045977257],[0.6990312624120597,51.637623492100595],[0.6977770503906878,51.63826486379076],[0.6983205466396495,51.6377045977257]]],[[[0.6602361469134688,51.643196413350815],[0.6595370410770816,51.64315739231118],[0.658848658320728,51.643573246301784],[0.6602361469134688,51.643196413350815]]],[[[0.7535572259145762,51.64164104768318],[0.764165842667717,51.64048227220304],[0.7521603593880202,51.636003574975746],[0.7603133516739394,51.640579253673614],[0.7535572259145762,51.64164104768318]]],[[[0.7509605754867088,51.64199517556446],[0.734099114346396,51.63823820629851],[0.7401995513318325,51.63397546666632],[0.7250956782741326,51.638084263019834],[0.7146375853003142,51.63663927362479],[0.7202499512824332,51.64126655700241],[0.745445524568124,51.63934318536685],[0.7509605754867088,51.64199517556446]]],[[[0.7418860401638987,51.69272297838876],[0.7427813429161706,51.69183425740965],[0.7403129367159291,51.69167403440276],[0.7418860401638987,51.69272297838876]]],[[[0.8529380144674192,51.716787734100855],[0.8532683712803828,51.71591710894451],[0.8504162427274669,51.71558072014015],[0.8529380144674192,51.716787734100855]]],[[[0.7796519979600331,51.72606052176918],[0.7889900521782298,51.72181041077257],[0.774018753726331,51.71815344591573],[0.7561566266843928,51.72425144854882],[0.7796519979600331,51.72606052176918]]],[[[0.7235822624247126,51.730019619299966],[0.7303824767215942,51.71761655210582],[0.7099072644568266,51.719103642476156],[0.7235822624247126,51.730019619299966]]],[[[0.8876254699038079,51.737794461007454],[0.888248553178018,51.73677441862174],[0.8804565869608509,51.73079897411031],[0.8876254699038079,51.737794461007454]]],[[[0.8468930099215835,51.73815754290551],[0.8437004101024687,51.737704205998845],[0.8453475596897158,51.73903960193865],[0.8468930099215835,51.73815754290551]]],[[[0.8504487017701968,51.74653802838841],[0.8516004632667378,51.74563758945544],[0.8487591378828805,51.744950079180235],[0.8504487017701968,51.74653802838841]]],[[[0.8742393099634272,51.76321554043568],[0.8852540308330988,51.76075076843216],[0.881910641227777,51.76037411649753],[0.8742393099634272,51.76321554043568]]],[[[0.8970630072306521,51.77160912860813],[0.897125138325211,51.77395883124765],[0.8976864514050801,51.77371292997869],[0.8970630072306521,51.77160912860813]]],[[[0.8872625513292383,51.77767992916492],[0.8915422034121491,51.77616967437745],[0.8939753309303999,51.77179857324176],[0.8872625513292383,51.77767992916492]]],[[[1.036841275307114,51.78265037834321],[1.0345617367875415,51.7857023620946],[1.0367934357895257,51.787204009395246],[1.036841275307114,51.78265037834321]]],[[[1.0413519564297644,51.80374846832448],[1.0342398800631005,51.801638641146916],[1.0276234922489347,51.80271421828096],[1.0413519564297644,51.80374846832448]]],[[[0.9668414009947726,51.80832507143812],[1.0076176884594144,51.79891137253835],[0.9916912769337264,51.787392520077],[0.9465408434421552,51.774050121619226],[0.905912320744705,51.77340357954922],[0.900461436044267,51.77827494842853],[0.9052333866576192,51.78709154632051],[0.9261489171429181,51.8001222331925],[0.9668414009947726,51.80832507143812]]],[[[0.9725827852965498,51.81067603935645],[0.978272334872228,51.80816270984756],[0.9708630564987978,51.8106961466894],[0.9725827852965498,51.81067603935645]]],[[[0.9785710708402128,51.8169134591355],[0.9854533821810818,51.81408350888636],[0.9820719468664286,51.81359999732483],[0.9785710708402128,51.8169134591355]]],[[[1.2709010482415934,51.859049198394835],[1.2717528947898384,51.858796085937264],[1.2697128791617334,51.859412374654156],[1.2709010482415934,51.859049198394835]]],[[[1.2562187619527483,51.873115506008226],[1.2666938896139783,51.87139367170682],[1.2702393898612019,51.86474462474265],[1.254205314336774,51.86884177965197],[1.2562187619527483,51.873115506008226]]],[[[1.265496010688767,51.874474600486714],[1.2580269650611078,51.87390377041114],[1.262926953620815,51.87957347038645],[1.265496010688767,51.874474600486714]]],[[[1.2142874644065456,51.881754572576874],[1.214002364515108,51.881039164646886],[1.2116110364839603,51.88172698546597],[1.2142874644065456,51.881754572576874]]],[[[1.2081413563640058,51.88319349667689],[1.209494572437296,51.88156169671912],[1.2073399885061706,51.88251375031675],[1.2081413563640058,51.88319349667689]]],[[[1.258786185112863,51.88322982821272],[1.260271913877698,51.87544451174278],[1.250514076635587,51.87375015621782],[1.2544138097051738,51.87679513831488],[1.2519210497845945,51.87640984277181],[1.2464106651200222,51.868375477319624],[1.2281525718598183,51.87415319546945],[1.2310968630299608,51.88089705395625],[1.258786185112863,51.88322982821272]]],[[[1.2677948477644934,51.884964128616055],[1.2871957710574276,51.87617438656651],[1.271920595493428,51.876708493476215],[1.2649304198500315,51.88501402632405],[1.2677948477644934,51.884964128616055]]],[[[1.2274177417092218,51.88815119437145],[1.2317289065019552,51.88512638035296],[1.2148332656285223,51.8803201818576],[1.2296079294924747,51.88421228402054],[1.2249658471287297,51.887448501661616],[1.2274177417092218,51.88815119437145]]],[[[1.2252818721874712,51.897721449467646],[1.2304176829702385,51.89695437337868],[1.2201161128545233,51.89715869896695],[1.2252818721874712,51.897721449467646]]],[[[1.2335793392519434,51.90125267171486],[1.2397648833062473,51.89619880965257],[1.2370725262158666,51.89648709594249],[1.2455973292299762,51.895258063418225],[1.2471770773532032,51.88853810430644],[1.2372475380242274,51.89101759136913],[1.243576262108631,51.88698594698696],[1.2330778545378376,51.88719058705746],[1.230600504738725,51.898508236177015],[1.2335793392519434,51.90125267171486]]],[[[0.29300158389411934,52.09288953219183],[0.30925557300858475,52.082206526733515],[0.3272379770719809,52.078997993646865],[0.3284244958512409,52.06942239474791],[0.35484643994434384,52.044801927615104],[0.3656872617352353,52.044511467932466],[0.3723353334012512,52.037281275228885],[0.38432854355641993,52.03877919293383],[0.3952432940133511,52.03086720729084],[0.3894707934044868,52.04348906657895],[0.38219177878677996,52.04828478428979],[0.39186679488013626,52.06308659392144],[0.3978818719247422,52.064902276109855],[0.42093149822634957,52.06511138568532],[0.4395372947159657,52.072064503703615],[0.4472445639406869,52.07247208742484],[0.4472047031554268,52.06900882093164],[0.4527770258420271,52.06799932499605],[0.4693062585513939,52.07785646700118],[0.4720605217321823,52.073170196778804],[0.48609616483801843,52.07134392996661],[0.49111237841790334,52.067974367697346],[0.49267294188005234,52.060377640002834],[0.5088069654622884,52.05328641271154],[0.5158976743906908,52.060078206592706],[0.546282965525351,52.05757224907743],[0.5545285134700637,52.062593539549624],[0.5530888920584861,52.068882200328446],[0.5754107094972575,52.0692069831025],[0.5798278470938086,52.073915150599014],[0.6073080038370691,52.08052307052944],[0.6221091874584667,52.0766156687322],[0.6343685810562465,52.08106171232083],[0.6355878997465328,52.085820196583306],[0.6813935600190582,52.0828690855976],[0.6853029735238937,52.08584123476094],[0.6928474996618031,52.07823740831295],[0.7024988146575155,52.07839918751455],[0.7072713592910017,52.076019857043306],[0.7051987481354755,52.07333707131885],[0.7114693223959082,52.07201073016174],[0.7112318613696731,52.0667386322863],[0.7041434112755401,52.06458729948083],[0.7172058359342514,52.05067885338626],[0.7007884868376424,52.048019736799006],[0.6998095861911644,52.03795529873494],[0.7145265424141275,52.03447588660315],[0.7104187213674857,52.02952143432415],[0.7149517429739704,52.0266944402941],[0.7055679948302186,52.01952218583712],[0.7396038584272545,52.031641195030765],[0.7427024369520037,52.026935079735146],[0.7410011789492305,52.009970170145465],[0.750347473685319,52.004876319153155],[0.7502442772243593,51.999392383584315],[0.7614997355712526,51.99734574845817],[0.7604895214741325,51.99359831755728],[0.7796356879337337,51.97302883417563],[0.7976831907425461,51.961781634290574],[0.8132235469726644,51.9604399967568],[0.8176513949270309,51.966922172836895],[0.8313990954488777,51.967468428775824],[0.8588609676755519,51.95954137438715],[0.874963933470128,51.96996673966481],[0.8884340197855902,51.964883384787896],[0.889695791244523,51.97137976992682],[0.8944423921090063,51.972705608933175],[0.9245130173353524,51.975562176986976],[0.9320215808393303,51.96952292194783],[0.9449836744016556,51.96911320077562],[0.9634417202597263,51.976006008043754],[0.9732026049870708,51.96937860386559],[0.9721232919630907,51.962026280113164],[0.9792326048892016,51.95914960247474],[1.0029592936368363,51.96316716344903],[1.024390001106595,51.95278969154816],[1.0372889253610797,51.95755309013945],[1.0445718325907838,51.95498555749803],[1.0448326902665723,51.95884631439424],[1.049512299462233,51.95929642087492],[1.064839170147078,51.945817518155536],[1.1200019767402551,51.93972676649314],[1.170268652695832,51.947396644387446],[1.1898992197613183,51.940160911042305],[1.215584223111919,51.939877984166486],[1.220432235916934,51.944224048588616],[1.2226658091429046,51.94291612170879],[1.219027083188785,51.939423078057644],[1.2293266474132156,51.93899501581898],[1.248198409239991,51.947755878912425],[1.2623685831299964,51.94726851570434],[1.2782860639262852,51.93884226202758],[1.2871987119125152,51.947293816118986],[1.29555120874293,51.93591899735451],[1.2850989679927394,51.935541562386405],[1.2632976311280468,51.91696504525112],[1.25600268711114,51.91755048044851],[1.2604558124427612,51.91500733083064],[1.2593217345987187,51.91041876879937],[1.248600365632124,51.895649184748066],[1.2447296683371576,51.8988315548341],[1.245940837273181,51.89659338300657],[1.2407046271604831,51.896608283454114],[1.2349748728745136,51.90181247941685],[1.2401783575232252,51.901758245921584],[1.2354283008509324,51.90336606812761],[1.2268474378957703,51.90252065789098],[1.2293591634744594,51.90252543977878],[1.2150643475288423,51.8979239415761],[1.232122837457695,51.89342632339727],[1.2287029290485263,51.88969278237518],[1.214552085228664,51.88983769463968],[1.2146088157793782,51.88676427299038],[1.2013197552091581,51.88227305375546],[1.2042920503231687,51.87765486030425],[1.212587951093505,51.88032402238726],[1.211530710825197,51.8779925482694],[1.1817463407490467,51.871161031564036],[1.2102203369222593,51.87068187255106],[1.2252034198993997,51.8796250433332],[1.2254108287417251,51.87466833099607],[1.216022298973468,51.87098024215015],[1.2285383231503717,51.872013434215795],[1.2317323859308174,51.86788043926048],[1.2271368212157432,51.86470271053286],[1.232445900159115,51.8633046691346],[1.2321687959674539,51.8577207910857],[1.2497951694056406,51.860705139577185],[1.2543878995319673,51.856947524403346],[1.254427980254485,51.86206838351678],[1.2592113394306585,51.863982288924156],[1.2727995421791507,51.862185217852904],[1.2681620124670085,51.853032775507245],[1.275464175413798,51.854690629398014],[1.2695686849289767,51.87452152177861],[1.2881579899229105,51.87607640022481],[1.293410063943706,51.871441514329355],[1.2927578510032725,51.86617765810373],[1.2889983188819496,51.85928443382795],[1.2372548930331875,51.81817743861072],[1.2065642661411367,51.8033950501502],[1.1167065204857822,51.772707430164864],[1.045096194323964,51.76919865903411],[1.0383756570133302,51.77404383188894],[1.0377588041310966,51.77809634464111],[1.0430434900754904,51.77478112143556],[1.03748597018996,51.78036601857318],[1.0391993578669252,51.78954975878072],[1.0200725225982428,51.7997998862257],[1.0211118986003238,51.80243298894816],[1.049847959361376,51.80214839043757],[1.0677609425480596,51.79621480621935],[1.0484686236187095,51.802112228546214],[1.0646630634551224,51.810935139336685],[1.0678993757286228,51.8200121385205],[1.0611201314875882,51.82352970027955],[1.0640910353633712,51.8193541263633],[1.0485347839190342,51.82217391350783],[1.0475413776488787,51.81930688568513],[1.0517161352971762,51.82201756650996],[1.0657601109455217,51.81492999946424],[1.0432486367686413,51.80556132426924],[1.0123604219683848,51.80511243305149],[0.9959043583000169,51.81544648923484],[0.9850688425064419,51.832559783354654],[0.9906634068113432,51.83701393345921],[1.0114867360904927,51.83134159309443],[1.022205337840715,51.83374422808548],[1.011094218316388,51.83244273586085],[0.9880095217964977,51.83815902300737],[0.9797523128235143,51.847945486634735],[0.9517122904208232,51.855425170066354],[0.9529460570104538,51.862771705906596],[0.9301891299693024,51.8796359982256],[0.9281605073154725,51.885004212370575],[0.9169542972601176,51.88972254024465],[0.9261068823464017,51.88594671277814],[0.9481548113122458,51.86592679903689],[0.9525930988459681,51.859690872751536],[0.9511204933423243,51.855171984508694],[0.9557198144981606,51.85303079575859],[0.9459119992767082,51.84626557581099],[0.9166682996730409,51.84553593270392],[0.9459889873684029,51.846088247848584],[0.9601823742340002,51.85292749188222],[0.9762303893045821,51.84655956551109],[0.9801377810519798,51.837649195769046],[0.9763014912258028,51.828450222239795],[0.9837710949002988,51.81781144750091],[0.9680872373210655,51.82177870815036],[0.9610371227839388,51.83146411012987],[0.9555203928668231,51.83133313301198],[0.9626592476570636,51.8295478050424],[0.9652608143863285,51.82270098519997],[0.9461000800567846,51.82184627349413],[0.9669199538700214,51.81932380611951],[0.9909016539838112,51.807867092370394],[0.971076081860364,51.812235180294564],[0.9388888983886257,51.807488528780425],[0.9177769450864947,51.81036951104276],[0.924968588001306,51.8056645337267],[0.9377799122080545,51.80578745780428],[0.9011486706867345,51.78805508580387],[0.8988492844996115,51.783344618754356],[0.91264355068263,51.79865974928166],[0.9068981636820457,51.80338576882642],[0.9100920951015972,51.79839556255646],[0.897413240958643,51.78946949991438],[0.8950084542904614,51.7762264280663],[0.8731861989659286,51.78373670370567],[0.8705821074452498,51.790936767104945],[0.8681539150817065,51.789495753520576],[0.8726888373193838,51.783441247087694],[0.8602160994405429,51.786729115044196],[0.8427746404119385,51.782029978809966],[0.8405415148261512,51.78703915263597],[0.8308468760805452,51.787354098365086],[0.8410722900602847,51.786738489398545],[0.8370113213104607,51.784704890318075],[0.846215723770759,51.779493822606774],[0.8590740721109145,51.78344146878879],[0.878692584137217,51.77888416775536],[0.8919420221703768,51.76952260160975],[0.8872028271042819,51.769389128944155],[0.8890329040850224,51.76730860758858],[0.8942479614040584,51.767088487588765],[0.8848053159095782,51.763351383588784],[0.8621732948044087,51.768305261283714],[0.858095580846968,51.7744813726842],[0.8535041814022011,51.77074595958209],[0.8384004947740195,51.77220923013474],[0.8365209796081644,51.77030638389243],[0.8410560969872902,51.77270810049704],[0.8570145285524017,51.76769957691343],[0.8443767179022009,51.7685891400405],[0.8451301816960628,51.76528782259189],[0.8615574692114477,51.76411793184362],[0.852864753873183,51.75854308243261],[0.8645078649011936,51.7619277593211],[0.8828108440666912,51.75753215704008],[0.8588041400120388,51.74383530086108],[0.8494003499717586,51.74694124608383],[0.8519363790758236,51.74071290499308],[0.8432008706268584,51.73826228065443],[0.8153879531830653,51.73801578789956],[0.79557142580058,51.74354506178009],[0.7910844778996081,51.73772432388271],[0.7982054382639403,51.74012104879444],[0.7882027021533833,51.73672969385691],[0.7802564241514801,51.738806869174134],[0.7792673702241959,51.74251896518748],[0.7701954464047732,51.73834573698058],[0.7629020775229193,51.74156850385738],[0.7634335269992321,51.737695583145424],[0.7560527591390949,51.73463452295663],[0.746862995978268,51.736025415381455],[0.7530528445856126,51.732533356178294],[0.739152631602328,51.73257493788138],[0.7370613421420793,51.7290055631314],[0.7157066658566154,51.73704411947899],[0.7074599858113788,51.723393561248095],[0.6894765966774694,51.73175274145958],[0.6912504150631552,51.733643224980604],[0.6667969636067352,51.73838880770975],[0.6653676545288406,51.743223392306035],[0.6659201843511589,51.738361070205436],[0.700428245015307,51.72593655462957],[0.7003738380448019,51.72167172259964],[0.7137843830517301,51.715171647922595],[0.7114673546120011,51.713764465693664],[0.7475488166353729,51.711006037916235],[0.7452519606538441,51.706488960241174],[0.7493156186629691,51.70951769553768],[0.7527321855367773,51.70669102945258],[0.7480268153621475,51.70490576106032],[0.7561155095994532,51.70936746793175],[0.7689502180602641,51.70779704980178],[0.7532473591344877,51.7000711849384],[0.7559708152470168,51.6963080816746],[0.7494658884901932,51.69142683665468],[0.739694913919161,51.69229896648687],[0.7404430595590265,51.68647802249847],[0.754206401209269,51.68828340624243],[0.7606871969334661,51.692781004807614],[0.7621334235842352,51.69966806109446],[0.7695869103160136,51.70179790822445],[0.7746364817360343,51.70095281296068],[0.7781669107144965,51.68604785228381],[0.7807370166514612,51.69194601814927],[0.7756822317747049,51.69299571581607],[0.7755298000773152,51.70265776896999],[0.7848444672959094,51.70719266847871],[0.7993169881595368,51.707507810250654],[0.7945898805871543,51.70964242138988],[0.7951715720016109,51.717569960716226],[0.8202895348185996,51.720510547610466],[0.8348155506947221,51.714687459465196],[0.8528258743405654,51.715282936762314],[0.8768504088424217,51.724631499611625],[0.8973188353416542,51.7431073049162],[0.93177800551182,51.74675582589201],[0.9522811816259897,51.730321175565926],[0.9523826995354067,51.72259197458572],[0.9414007953487836,51.70255075525268],[0.9509947208881387,51.68134090399241],[0.9426428375110689,51.65981692165865],[0.9376054954108943,51.66062314682762],[0.9425287550248734,51.659685756890354],[0.9360331155508844,51.65335227434165],[0.9411482529253918,51.653825945785776],[0.9370056763770859,51.64750727765849],[0.9388470616461274,51.63616794550743],[0.9348410741006256,51.63137313604064],[0.9047494260415411,51.62182816987997],[0.8294238489329894,51.62219741899456],[0.8069035954389326,51.62572463173943],[0.8067193836365542,51.62845175921139],[0.7941199422620699,51.625635793557365],[0.7633206987219057,51.64213111548449],[0.7206710292629437,51.64233524967158],[0.7099969290565972,51.63624104118894],[0.6679995459561162,51.636304848916325],[0.6626870448352644,51.63669265916001],[0.6615626663978397,51.64195207646064],[0.6665826341888593,51.64154489514911],[0.652188185674008,51.64765635239962],[0.6601634417721621,51.642572043440396],[0.659753427721994,51.63764334864769],[0.6308816100451188,51.64110045076294],[0.6320577062413699,51.6369726009185],[0.6467859056422813,51.63628065627874],[0.644088983557655,51.63208795722401],[0.6112181713361909,51.62965166974895],[0.6048154657856301,51.63663153806593],[0.5973428091616982,51.636562413282185],[0.6026497728569994,51.64528005194121],[0.5997815900420819,51.64159475288938],[0.598378858107559,51.64805681960898],[0.5995808140061799,51.6415218485121],[0.5960807076650613,51.63759591572028],[0.603698018326714,51.63751260554607],[0.6073343183000571,51.630877626463715],[0.5892506437597856,51.63061784552618],[0.5879896266711269,51.62326934610519],[0.5803879012321816,51.624578149088975],[0.567690011802411,51.622018964671796],[0.5620158782052235,51.61658896260504],[0.553689156048011,51.617150043571534],[0.5640462872520304,51.61718591053173],[0.5652275781915496,51.612155621192734],[0.5679576184996478,51.62184491345632],[0.5888981623235977,51.622704242639145],[0.5897444471116458,51.629620261919605],[0.597417720749257,51.630843012312205],[0.6075451367023277,51.62815392274848],[0.6394715370198463,51.63109907880496],[0.6496367119419811,51.62919700955147],[0.6497504702511171,51.625967209715455],[0.6491427832491106,51.63366583922385],[0.653809272823726,51.63533771348181],[0.6593222501371102,51.628448126980174],[0.6610423610966504,51.63385891484185],[0.7223168512288185,51.635108579261995],[0.7400166403627465,51.630174996744934],[0.7650836518344074,51.636323088673024],[0.7845759331922403,51.62426522286504],[0.7806809393443112,51.61896704940651],[0.7940473028144345,51.622549621080644],[0.8672199533646162,51.61505353702913],[0.867427437629671,51.597584839015646],[0.8599582302699118,51.595091206200244],[0.8236854502092572,51.59813867092233],[0.7999395134893662,51.614020620647736],[0.786799253705622,51.612868247230224],[0.7795822874680173,51.61014314951704],[0.8005204388835723,51.612990343630514],[0.8202183650517535,51.59752048285986],[0.7994069425437748,51.5862151089594],[0.7672530034231441,51.58280275368037],[0.7561278025426615,51.587559371299626],[0.7537941067068298,51.58657620051587],[0.7614436098242245,51.58421423000538],[0.7601344907743594,51.58000671604591],[0.7244947653642357,51.57953937515117],[0.725738605356935,51.57581545254726],[0.7154661769458849,51.57254670805337],[0.7508628264156888,51.57880876885642],[0.7621298888719211,51.57584553660316],[0.765264659155091,51.579637618620055],[0.7873531145712499,51.58435152557807],[0.8056232785131493,51.58497821089324],[0.8082915520641485,51.57908029270162],[0.7953700340650488,51.575991637226615],[0.8029940174730874,51.568704647796565],[0.7893298535733028,51.56700930745532],[0.7964351880084984,51.565033927566034],[0.8061903479565474,51.5685994236071],[0.8008930592127627,51.570356825829485],[0.803567783999502,51.57155399116597],[0.8092162226259199,51.566620069426136],[0.8110802640900929,51.568736866120716],[0.7976499364367757,51.57501260552248],[0.8102296782079903,51.57792210599039],[0.8153434838644906,51.576480814202846],[0.8197887314375231,51.56308229702968],[0.8521650170185672,51.55471116294074],[0.7878512296403662,51.52114286620037],[0.7524076260697007,51.52900174396654],[0.6463648140738032,51.5404091047697],[0.6103905511976552,51.53450554621984],[0.547023898721572,51.547208748330014],[0.544633872027034,51.53478353669211],[0.5379409785721069,51.53131821966775],[0.5124550916647298,51.53014645343013],[0.507654592955829,51.54294840389036],[0.49823649422927113,51.54802437173966],[0.5048664675789997,51.55237654460019],[0.4979787220406942,51.548796182682366],[0.5015245182393856,51.54484852399427],[0.4946146617944396,51.54835152345027],[0.5063971481861125,51.558041765625674],[0.4972648470157273,51.55327708668998],[0.4927639293490589,51.55534530220486],[0.4951757376427513,51.546082892388526],[0.507679480351403,51.54114539625722],[0.5085193382477626,51.53808463004826],[0.49972425075417326,51.53813933120859],[0.507688923387548,51.53785504588405],[0.5034814092114538,51.53167495973388],[0.5088039333349436,51.53631024323191],[0.5083496756595451,51.53101416480893],[0.5191849193407345,51.526720891325645],[0.522063878631816,51.51677141645463],[0.5422485862347078,51.51338618551814],[0.5406800345805431,51.510897238024526],[0.5249554222400082,51.507409813807314],[0.5204314499017888,51.50989698988121],[0.5100125389760233,51.50470047705537],[0.46874380448326486,51.50323467244699],[0.45883915413219145,51.50640557578241],[0.44951141914461606,51.49980291312353],[0.4394139874618058,51.49986145171088],[0.42510753613298713,51.513277383655094],[0.4336984045738127,51.50204715247559],[0.4463738492542337,51.499312580412926],[0.43616951469325105,51.461805453252055],[0.40654819149271926,51.453403333015316],[0.3635589329808019,51.450677850324304],[0.3424729607184727,51.451802788941954],[0.3297747962490798,51.46881189532564],[0.31949226137563036,51.473012228017986],[0.3014991395688601,51.47214190708526],[0.283805440279699,51.461596076858214],[0.24882432890474013,51.47216061383982],[0.21785382422810526,51.488846448682004],[0.19106961350478488,51.487184351325645],[0.17789479158892793,51.50627761110935],[0.13926058358546542,51.51758097375244],[0.1009783869544685,51.51429693387273],[0.09464445566780141,51.52484848579865],[0.08127784875952358,51.52801575125966],[0.07379524581896744,51.53552051142773],[0.068109368203518,51.555884751380134],[0.07075600120293142,51.53830111535793],[0.07714959409496094,51.529786970481865],[0.07479637259464753,51.528871146742304],[0.09343741655975785,51.52512546351391],[0.09374275512328409,51.51833878083719],[0.08469364637537083,51.51608052254151],[0.08298899132774154,51.511380064835365],[0.0733857345376276,51.510801667887755],[0.06812019813825668,51.49838459553202],[0.05704621690091454,51.50342237191698],[0.05469600777458443,51.49863858062743],[0.020329762086454622,51.49956047631588],[0.008756866478444007,51.50931516368938],[0.008351273728243496,51.51402043582275],[0.005268627621337556,51.51045680401506],[0.0045511637903844025,51.51542102437862],[-0.006994533091998253,51.51995727773541],[0.002947688051703412,51.53019091033405],[-0.0057638141714346286,51.526545823802586],[-0.006871248579587588,51.52165768977106],[-0.007917470914013918,51.527092536679596],[-0.015041664207298537,51.53082892927405],[-0.016478555148398567,51.55370345515644],[-0.02885188205081809,51.56107389777547],[-0.04314340703844691,51.56259938527943],[-0.05644241617483651,51.57231922366821],[-0.06011115811083326,51.580196187623066],[-0.04610437698336705,51.5919749578684],[-0.04709925681854108,51.59743514705994],[-0.03352572493672358,51.604604410258766],[-0.03937244155839507,51.61225048533954],[-0.026475415956095802,51.6208654227294],[-0.02340933647686551,51.62596375427839],[-0.027774853450678316,51.629297904013896],[-0.022882418142962515,51.64212987844444],[-0.011836294659667419,51.65063316971231],[-0.01727952225578917,51.666430124510896],[-0.011882417563404276,51.67878978494164],[-0.00785664143088806,51.67923221862335],[-0.016924780025046916,51.68692490403834],[-0.01138169774149339,51.704986008325854],[-0.006224737248784118,51.70671961499677],[-0.013200853561201044,51.71446552369226],[-0.006060703146178272,51.72231707436175],[-0.010602544453556666,51.72861583902748],[-0.010818179709674865,51.739412000154864],[-0.0012595796544317645,51.74112686670822],[0.0057047914211894755,51.75408375517747],[0.015624865654165217,51.75703808984919],[0.01457075303546516,51.76245347416576],[0.023649653091631802,51.77352349261938],[0.06439940459119588,51.77789826901405],[0.06814912124165871,51.78148522713483],[0.10154695298708061,51.7817302778837],[0.13311431457449846,51.7950467080183],[0.1517199030877863,51.79509246318428],[0.15368014841666847,51.797192386371044],[0.1493976588614103,51.80092931915667],[0.1554758483897559,51.80197747673494],[0.16604572317876706,51.81338217327617],[0.1901918080518034,51.813294933546025],[0.1905083584211843,51.817240725498834],[0.18625133120633133,51.818650878722536],[0.16652639830338412,51.82111379468136],[0.16410052621256854,51.82592939841077],[0.1712632340052541,51.83000222594361],[0.16448022164167753,51.830518094532714],[0.16100782856980028,51.840398657570375],[0.1674293599659225,51.84760706959264],[0.17595314446118906,51.8500688629116],[0.17106495574511346,51.860047416203244],[0.2111764752816597,51.86949056331349],[0.18741802104555108,51.87160019437817],[0.18905210741615325,51.875891022410364],[0.17214796112382935,51.88237140972846],[0.18498252999012516,51.89047428889428],[0.18043219445329015,51.893814494012446],[0.13971498804890461,51.88358515812418],[0.12694383146509117,51.88403445161072],[0.1371985669581062,51.885490011794374],[0.12672545766020016,51.88808556406977],[0.1271313176100081,51.92204039048148],[0.12380186379195174,51.923763737243505],[0.11610928375809529,51.95483563237378],[0.10513287473961716,51.9648037795911],[0.10793158064688305,51.97045991253818],[0.09959910304079865,51.97674403752391],[0.09801765461040739,51.983219248121706],[0.07158535828170227,51.98182081100693],[0.07623858441241928,51.99630217067964],[0.0711203146772686,52.00360018815612],[0.09211906785183982,52.019500710300434],[0.10660622587352853,52.05008141165806],[0.10500612394082101,52.053355835500476],[0.09456704327025403,52.05035904543521],[0.09753206723020705,52.06139902143461],[0.1024515760003288,52.06174524868774],[0.09889661399926238,52.06827074853638],[0.10687653527315061,52.06723631307735],[0.10857724470558901,52.06150284074924],[0.120670668241449,52.06113401149953],[0.1300598406816608,52.04849362969478],[0.15337943203584903,52.052663199947084],[0.16696183427810246,52.04820824865646],[0.16953147295984763,52.055823039041314],[0.19119884188715283,52.05663412182915],[0.19567239867648858,52.06056097435079],[0.18225145272445706,52.07326386221629],[0.19473720056487687,52.07641170837685],[0.20741251566622454,52.09297527316066],[0.23515922741899248,52.08980919753342],[0.2530233969590094,52.07818869923088],[0.27158064804240056,52.087656052415554],[0.27413993465041553,52.09273007529476],[0.29300158389411934,52.09288953219183]]]]}},{"type":"Feature","properties":{"name":"Gloucestershire","code":"H10200096"},"geometry":{"type":"MultiPolygon","coordinates":[[[[-2.807369412059717,51.47792270522523],[-2.8180576271951603,51.46804583065528],[-2.8492927477977728,51.4535741297432],[-2.8539734295198427,51.44793480371687],[-2.849454392376335,51.45396105373194],[-2.821936691068402,51.467364874354104],[-2.805040577680943,51.480368693119786],[-2.807369412059717,51.47792270522523]]],[[[-2.755536706740043,51.49206934058306],[-2.7340935779788262,51.49205713369817],[-2.7624628244714042,51.48676494083491],[-2.755536706740043,51.49206934058306]]],[[[-2.720420872175149,51.50118042078585],[-2.7179491457766027,51.500679423994576],[-2.733770443544352,51.492991221314576],[-2.720420872175149,51.50118042078585]]],[[[-1.710782846435763,52.177274981312436],[-1.7106630339095334,52.170804037171365],[-1.7041914201148134,52.166419939558075],[-1.665346966370521,52.169092699509704],[-1.6612846091989608,52.16450104860073],[-1.6908542895160688,52.16434691686988],[-1.7326273808841317,52.150367559090945],[-1.7212341031573544,52.141922289458854],[-1.6883228256030114,52.1578209781291],[-1.6516972477951402,52.15889908316011],[-1.6613802114877763,52.15003829282614],[-1.6873710623730445,52.1514486578995],[-1.6864830802683863,52.148258798588785],[-1.6952925390311908,52.14579291214481],[-1.6889253573130156,52.141641160966245],[-1.6864190130492789,52.130913768573194],[-1.6952443749514052,52.12548140596176],[-1.6938185472642868,52.12249756514637],[-1.7044270154079844,52.11146328873703],[-1.6995773632797422,52.10822178302282],[-1.702069338388987,52.09324793229055],[-1.7118392337896835,52.090845601113294],[-1.7167934119007915,52.08080818880572],[-1.7269647072774332,52.08073215382726],[-1.7253988960088904,52.069306450563666],[-1.7106637539284,52.06586392244773],[-1.7092633222760323,52.0725804800784],[-1.7010191356064186,52.071820715238594],[-1.701013175788018,52.05612292610916],[-1.6851430410171486,52.05286172886549],[-1.6965903012940844,52.03876986820666],[-1.7291119420232237,52.04990328388371],[-1.746275404180363,52.049312909886815],[-1.743703662944762,52.043408093247905],[-1.7322963620762202,52.036165063500164],[-1.7939872395569147,52.02337092992112],[-1.7958039431606612,52.017019613629614],[-1.8078213056073782,52.01113493019538],[-1.8029787497414358,51.9993696623832],[-1.7958183300518165,51.9952490786451],[-1.747380310974261,52.001744997181326],[-1.7255713056189217,52.011706281036616],[-1.7106057675397963,52.00102745949675],[-1.67196292863572,51.98937160604056],[-1.6936689323448528,52.00139994120988],[-1.6946023557211076,52.005661651895004],[-1.684197527600402,52.02250133997098],[-1.667707179354341,52.02566673978391],[-1.6633774471715443,52.03083804426361],[-1.6171283060588328,52.03845699002646],[-1.6068261893756703,52.02958432776993],[-1.6120459526555773,52.02668169993215],[-1.6153037905312984,52.031730568684544],[-1.6412484128402958,52.015987786169696],[-1.6409498907179376,52.01100965483581],[-1.6547583615158732,51.9972106239283],[-1.6681810852421466,51.99319896249876],[-1.6613762100870626,51.98848236790991],[-1.671546601447095,51.985621288988064],[-1.6878177992011096,51.96855115410025],[-1.6784058686606314,51.95004032041807],[-1.6682739985991257,51.93955775199165],[-1.6524430001957562,51.95457256559922],[-1.6546347849986593,51.95713546408679],[-1.6265428892427156,51.955337721893166],[-1.616777702495357,51.946668537137654],[-1.6507588861368276,51.93047449462493],[-1.6414457175631083,51.92145937902815],[-1.6439473848724329,51.913660310165916],[-1.6329590962305598,51.911165724834966],[-1.6317674752372633,51.90137063587898],[-1.6397279232339297,51.8969816365965],[-1.656209368554603,51.89697389151977],[-1.6670152834422354,51.88040090904158],[-1.6637567727162863,51.87612200641999],[-1.6850133641700888,51.86546815844669],[-1.676415346871799,51.85161078985457],[-1.6856417763704128,51.83423977276609],[-1.6807075994136187,51.81617678704744],[-1.6761022218932917,51.81595836049608],[-1.678566084932511,51.80485163140798],[-1.6861211196481545,51.79718606136016],[-1.7172146800627575,51.78346813454456],[-1.7013838760436995,51.77224505843045],[-1.6920377861028768,51.753051544178405],[-1.6932265438080198,51.74826871981483],[-1.6855456876252424,51.73909032477866],[-1.6847087508099963,51.727974029369136],[-1.6942491250524896,51.72333495939771],[-1.692999771702626,51.72107775261015],[-1.6852252859373036,51.70989335930222],[-1.6657087667583985,51.69673089278887],[-1.647828086869105,51.69501298386092],[-1.6519958189079522,51.69100895800614],[-1.6480228909847885,51.69006923439109],[-1.6513929771416591,51.68790695073767],[-1.6482133006422244,51.683294980639744],[-1.6672367832285413,51.68075585704937],[-1.675436227637928,51.688992661104876],[-1.6953707101137474,51.69129227635533],[-1.7091118064318431,51.68001485325614],[-1.7104346325521598,51.671694657483755],[-1.7489996295201904,51.66153838622338],[-1.7648972935251055,51.66166204926046],[-1.777148139498729,51.668695264299004],[-1.7906308601779581,51.665527254017086],[-1.8172522263416733,51.70500825114388],[-1.8224689498243563,51.695504036921385],[-1.8158449784524553,51.68333171396114],[-1.8242841188719736,51.67329173377026],[-1.8166377866270873,51.66265288214464],[-1.833405909049116,51.65684328276136],[-1.8499537138002888,51.65626057740999],[-1.8728907427790127,51.681680215889536],[-1.8923353432521892,51.676266929575974],[-1.8985537178498524,51.67856787412646],[-1.8850198835753438,51.65945769085163],[-1.8748706922113567,51.653147106476204],[-1.8866445818346118,51.64771493683629],[-1.8995246986234515,51.654236369566306],[-1.9171473837040758,51.655074882659555],[-1.9383294155565474,51.66894344189345],[-1.945206150240008,51.667950256168645],[-1.9598274807520637,51.65906493274027],[-1.9490705049547126,51.63726459741492],[-1.9740270192434242,51.63757316826306],[-1.97587524050214,51.64308850625364],[-1.9951622068144976,51.65170282054451],[-2.0178871265495064,51.65075554198902],[-2.0225919400666026,51.656982862608835],[-2.036615786449393,51.659090824102904],[-2.057691960198118,51.67150853422832],[-2.0827774446370078,51.65026673845568],[-2.1142222646657434,51.65814513752033],[-2.1260180646371185,51.65519282507995],[-2.136009044801601,51.64535443609643],[-2.1522569605746096,51.638337788200104],[-2.1479672476897353,51.62192554426768],[-2.1279012741553864,51.61792486244621],[-2.1504947007490034,51.58987022908729],[-2.1738035211400755,51.59469728663114],[-2.178336190713739,51.59966818467879],[-2.1886168723840336,51.59193012632446],[-2.205324435195541,51.59544469544946],[-2.202161034909436,51.60329097510606],[-2.2276059022843553,51.60845596052259],[-2.2349572593072837,51.60453520440857],[-2.2435566668102687,51.58126946956447],[-2.2681909311525397,51.58112191086304],[-2.269481038506274,51.57214003279159],[-2.258207213392676,51.57011088999972],[-2.26655122601618,51.55449584471109],[-2.2610848158684567,51.54242002782374],[-2.2650876383179237,51.537065451993456],[-2.252605275955581,51.528623621747954],[-2.254311733486634,51.52220646506724],[-2.2978391284262245,51.511009389774905],[-2.3000775477915765,51.50479181884254],[-2.33115534220307,51.49604065697001],[-2.3221043674063124,51.482636183029456],[-2.314474664981785,51.48120262218352],[-2.3107541191608743,51.48705081926831],[-2.289034109987208,51.4851612941343],[-2.287756251086088,51.477363951499726],[-2.2937423705191904,51.458492789179054],[-2.2845709666277516,51.45667880774235],[-2.293243586348099,51.428385059274575],[-2.3087591981898656,51.422379441355375],[-2.325465669979298,51.43692327231454],[-2.342223960644495,51.43874573940403],[-2.399794565955965,51.43126348739657],[-2.4084669268846053,51.42592524794592],[-2.4419110172503182,51.42271130576229],[-2.444621621793378,51.418374307308206],[-2.4577793141896827,51.41617567169697],[-2.467639037464191,51.415487730798],[-2.4810024911110977,51.42087424078266],[-2.4901731973741286,51.41781428132436],[-2.486261285691292,51.42413038260517],[-2.4897160308414543,51.427437537123275],[-2.509665766218867,51.42534459898973],[-2.5285055553637834,51.43302145403537],[-2.5303168246253165,51.441978142457856],[-2.541613915797074,51.44172655133109],[-2.54333903463291,51.44666510668271],[-2.5534054466973646,51.43361684026559],[-2.5639040629205176,51.42770005143556],[-2.575787671652367,51.426873126038416],[-2.5807379630732448,51.43045591140628],[-2.59546420926152,51.42424042479654],[-2.620194258455565,51.421837312286236],[-2.623673578615555,51.42430281613983],[-2.6244361215665637,51.44702215266106],[-2.58539728619511,51.444615557621105],[-2.578031407293033,51.44752167193476],[-2.56951934255329,51.442360157251855],[-2.5581197764319894,51.445090302897036],[-2.5526196973351998,51.45058210695312],[-2.559600394545465,51.4448386442617],[-2.571106556350594,51.44282275429377],[-2.578352103905166,51.447844726526405],[-2.6188391131574957,51.44552023988065],[-2.63078872085655,51.465417647270094],[-2.646623981768911,51.47273057469123],[-2.6574092148490727,51.48584936837278],[-2.6620716514951104,51.48742824925452],[-2.6784281401806638,51.480773803150655],[-2.716787332037857,51.50560821234198],[-2.685714316005738,51.52897516365129],[-2.668187379381042,51.55065309883582],[-2.6628427398748937,51.57225292918393],[-2.6413164594609486,51.58653754397817],[-2.62706957143996,51.60422180051978],[-2.595900185813172,51.61626857218138],[-2.580154336857271,51.63183148410966],[-2.5673865213179874,51.62892581044847],[-2.5787252867556965,51.63365140533545],[-2.572694047875468,51.64825134990483],[-2.557331000070583,51.66544312588049],[-2.510241255922553,51.684318887023224],[-2.48805705555666,51.69967395669923],[-2.483236832103239,51.696568156418074],[-2.487470529133065,51.70098027145928],[-2.480291750026184,51.72523496572319],[-2.472051278036167,51.72517572639392],[-2.446977930851266,51.739550714122664],[-2.4313232829314826,51.735877442933514],[-2.3814512720850094,51.757888282722774],[-2.3783707255128372,51.76725186652177],[-2.3845275913932786,51.77563954438939],[-2.409875422177393,51.784680021463494],[-2.4442458286778295,51.79015278315701],[-2.4457622283270055,51.79482564521263],[-2.43351121098517,51.80950699715417],[-2.4240585433695467,51.81458512305845],[-2.409001044078054,51.80390369939535],[-2.374059901151724,51.792597375698065],[-2.352904455301011,51.79354849288649],[-2.3440771439221404,51.80208027020778],[-2.357370633928027,51.81039426365428],[-2.360072076851031,51.82335347697917],[-2.3475364014388815,51.82905347648195],[-2.3544121782080034,51.835663688458304],[-2.3504945527287098,51.845188988605535],[-2.330731939081272,51.849640604179335],[-2.305485590513015,51.845773969211876],[-2.3000961376296636,51.83371696022951],[-2.2925953775353185,51.83173333343184],[-2.27738556980691,51.84409194939217],[-2.2845846471985194,51.860070766168946],[-2.2733788331458085,51.861844313868346],[-2.265211109600872,51.86780220454884],[-2.259615238311211,51.86262452023463],[-2.268509490061328,51.87043566368134],[-2.2661329582725402,51.8871570959542],[-2.2690918155040856,51.867973232809504],[-2.2875899018730297,51.858202852855875],[-2.2789708014426537,51.843842710114735],[-2.2895330371568137,51.83852807875875],[-2.292775006801546,51.83235243700453],[-2.2998515844297014,51.83492071657555],[-2.3056191755527182,51.84663415722596],[-2.330869039592164,51.85032091348513],[-2.352516279819079,51.84492307839216],[-2.355710010841826,51.83513463625657],[-2.349751357427042,51.830406507715715],[-2.3600116616403564,51.82633452660883],[-2.3618758405792724,51.821367890709574],[-2.3576977723920516,51.80535590828795],[-2.347104013722337,51.80262888392111],[-2.35394824831509,51.795546996002855],[-2.3674564254491814,51.793885183889195],[-2.39917003018064,51.80360746177048],[-2.418545753794077,51.8185335100312],[-2.4387459163570737,51.812273334334016],[-2.45132568842981,51.79647965482579],[-2.4470810015722093,51.78447070079174],[-2.4055319109537407,51.77807867501305],[-2.403961804708649,51.77140651885516],[-2.4342916934421535,51.75923091141638],[-2.4386354701248734,51.760979046845755],[-2.436137184544468,51.75871870987528],[-2.446164297395705,51.75297016566626],[-2.470986334180296,51.74312577797551],[-2.4780781089059474,51.73418406406184],[-2.4944295964418837,51.72656203811426],[-2.506347165189239,51.70937115887531],[-2.570060382004118,51.68800406078299],[-2.566865270750897,51.69223871628706],[-2.5739062200781104,51.68482543328986],[-2.6070314903798106,51.67244462849948],[-2.6246467346090934,51.65989963466775],[-2.6236228009200904,51.65250793636267],[-2.6474862616280674,51.63084737176975],[-2.649646715943401,51.62303266805672],[-2.646482988712245,51.61328612126119],[-2.6551150579342315,51.6098975695651],[-2.658066318049824,51.61533050046309],[-2.6537812753722534,51.62201335529585],[-2.6658189628177578,51.63291290202724],[-2.6648324460793336,51.643221122687535],[-2.6779156030226687,51.64727924586218],[-2.663801694298433,51.663988628712644],[-2.677493191068278,51.659959190557494],[-2.6842782575484954,51.66271109901043],[-2.67996938615189,51.668515537644126],[-2.666460129239499,51.66836995458622],[-2.6550653669225652,51.674148703495355],[-2.669731071210802,51.68031661144591],[-2.668156891666844,51.69434466543581],[-2.682012195792375,51.700150544473345],[-2.6686233408510875,51.700369580807696],[-2.666736626894532,51.70531979300124],[-2.6775326775704085,51.71338799141742],[-2.6787535340335267,51.723286891946735],[-2.6855279216947334,51.73063384956157],[-2.6696655304833947,51.73654961542598],[-2.661815484459424,51.7529677992182],[-2.6803010812376318,51.7700234174691],[-2.669169723030744,51.794309950939045],[-2.676507977101445,51.80384225931463],[-2.6722160629016223,51.809033723124095],[-2.65721836997633,51.812384058889734],[-2.659474773546606,51.82300732572188],[-2.6502396055270836,51.82440503850751],[-2.6381723935252004,51.839964290571864],[-2.6234938763038755,51.83995407052044],[-2.6090395660057997,51.846237296759995],[-2.598484152567333,51.856631383619565],[-2.579059351492335,51.84880826369577],[-2.5779115537922186,51.85381322067461],[-2.5832245287652498,51.857897081418145],[-2.5753758506582183,51.86260092170063],[-2.5601655570527027,51.86414171288311],[-2.5275947629025617,51.858367361073],[-2.5106073291847477,51.865663901786704],[-2.524117640303455,51.867550146143074],[-2.539463551802106,51.87669242004232],[-2.5355042730306323,51.88671369950408],[-2.5271391597593316,51.885820093043144],[-2.518494710793861,51.87731327955877],[-2.5040733527043653,51.886517717305914],[-2.499254101291798,51.88050687776513],[-2.493778813620575,51.88320313391719],[-2.487319471927897,51.87911284871254],[-2.4634593060062153,51.89169517597087],[-2.4351509418363406,51.896217041878806],[-2.4335265510554063,51.89898412991355],[-2.4468170433405536,51.91722572812048],[-2.4636916110303093,51.92648102264115],[-2.4671531515834584,51.936769544804],[-2.463218894978874,51.94841751525147],[-2.468144806455948,51.95543249777194],[-2.4781090590279473,51.95389713852853],[-2.4874306336835903,51.958790829001465],[-2.49957180099093,51.958856700276186],[-2.500079949692228,51.96168600289214],[-2.492383237165171,51.96322513849487],[-2.495413224821678,51.980019489372935],[-2.4712362103611016,51.993827459215666],[-2.474677219543582,52.00000493131646],[-2.485056145487726,52.000646029085864],[-2.490685212657793,52.005207417649046],[-2.490174485117512,52.01013649273427],[-2.4805308000688067,52.01356233888634],[-2.476235623920187,52.02218815183783],[-2.462584866126462,52.023235848883836],[-2.4608678393635053,52.01416607589765],[-2.433658160408253,52.014889245792254],[-2.431988675142963,52.00798730036252],[-2.436224862858679,51.99747404537439],[-2.4214810674274565,51.99374540415905],[-2.397849818139595,51.995364767327736],[-2.3903210069855234,52.01376494705586],[-2.35145597645008,52.020183775647986],[-2.3488541612409755,52.018452728276145],[-2.354421881438702,52.00329468028082],[-2.352706743244871,51.994768593374076],[-2.372027741800464,51.98325458184791],[-2.389660577007728,51.9659797586717],[-2.3632515291917686,51.96693948064181],[-2.3645929094004288,51.960696122810845],[-2.3527407557714746,51.95830920098573],[-2.3452757495390433,51.9506216588652],[-2.3318644803538793,51.945473887170365],[-2.3127334807183484,51.952001371353084],[-2.3014051128294266,51.965804434728696],[-2.288111051813491,51.97041791588721],[-2.237842834499048,51.96371690283304],[-2.2191684669990055,51.96932314532506],[-2.2061278316150563,51.960884555046384],[-2.198585540115908,51.964221539055416],[-2.1886811143155436,51.97519446686362],[-2.192714360078278,51.980001915112716],[-2.252205165272637,51.98428554991659],[-2.254733318290195,51.98952288012487],[-2.273772942919208,51.99789787117194],[-2.2561764354599934,52.00404647777225],[-2.237761530663583,52.003104033076376],[-2.2290430769916685,51.99814029543378],[-2.200646868135423,51.99734896843681],[-2.184597249336821,51.98963105822232],[-2.1779119578348856,51.999125262770164],[-2.1720703726694586,51.99510015577066],[-2.1630861901063216,51.99612183986476],[-2.160580345578008,52.00123329932908],[-2.1651277479191022,52.00588150452189],[-2.1822132503586067,52.012177789830275],[-2.185925499791334,52.017575316765395],[-2.1775277071302894,52.022016692237614],[-2.175542978990357,52.0435937056146],[-2.1595852940455877,52.05054673087639],[-2.1310718386070184,52.04677405932617],[-2.1169686728502044,52.04157345035713],[-2.114901039103608,52.03647026645196],[-2.1160314714977657,52.032953348823476],[-2.13724542032405,52.027889507723344],[-2.153154945514087,51.9982694478584],[-2.1446328038916014,51.997653637630485],[-2.135086121621131,51.99928586452369],[-2.115066584610548,52.01409670428315],[-2.090467058881587,52.01412742787406],[-2.0923167804946914,52.01942762208633],[-2.0868287756969086,52.027622381575306],[-2.0900763118939865,52.02894507027608],[-2.0791136548996207,52.039813406940056],[-2.075086668786077,52.05489838909969],[-2.054419180579572,52.060612980726525],[-2.0697772066574083,52.032898183830724],[-2.065773195151211,52.02316589457184],[-2.06953082288308,52.01385567411997],[-2.0591794253364224,52.01402037854049],[-2.058213089241158,52.00972649470671],[-2.072142944861716,52.0042532270095],[-2.07198743782932,52.00078312169233],[-2.0694157431388875,51.99566727351002],[-2.055352926398363,51.98945611213655],[-2.0434644324666436,51.988363850036855],[-2.0427488341474973,51.994914463426426],[-2.053088650620872,52.00418018128631],[-2.052925809773833,52.01280149585676],[-2.0397052548437262,52.01791103855917],[-2.045338568825881,52.02792745193952],[-2.036142296687863,52.039783363797206],[-2.0372136791161246,52.04434855410331],[-2.0286144603981002,52.051892435191675],[-1.9998605216678778,52.055492853613636],[-1.9867803890852005,52.04832589867111],[-1.9827032390548682,52.036815604541665],[-1.9499945154141378,52.0373171039652],[-1.969398691170216,52.051409055934656],[-1.969942162539381,52.05723241808809],[-1.9980034538534712,52.05754742972323],[-1.9841066639497023,52.071184588427734],[-1.9624570242896875,52.069154455973305],[-1.9567758953169747,52.073386725775634],[-1.9296774181898944,52.06389339736298],[-1.9065082003319611,52.06348953197907],[-1.9053606794736255,52.059624596067486],[-1.885239591210069,52.062354514029686],[-1.8749876472383786,52.04866482007859],[-1.8981791624520858,52.03716500568478],[-1.8481684051037686,52.007286086403155],[-1.811124784684794,52.00122364553077],[-1.8216158038624508,52.026303602784175],[-1.8303410694670124,52.03223598156302],[-1.828383264181534,52.03502436661686],[-1.8336659609572385,52.04178442125018],[-1.8620748202981523,52.05275202074058],[-1.8612922069616211,52.06144589672655],[-1.869705479781898,52.06499876944291],[-1.870895408126623,52.06958160240871],[-1.8635629399606977,52.073852518925555],[-1.8514009744501925,52.07221075014799],[-1.8448657464818672,52.07855210931022],[-1.8568147499268888,52.08635270852287],[-1.842824892547317,52.107514742004284],[-1.8348971409941697,52.11003321240842],[-1.8283327020848306,52.092097968131526],[-1.820827732117446,52.091140574518384],[-1.814323102629075,52.0783980909224],[-1.802971076010386,52.09489825483139],[-1.795053386673168,52.099897998943085],[-1.8061628542421475,52.10939842139893],[-1.834049843803184,52.11256666472186],[-1.8363871788693538,52.118262580331546],[-1.846134238096588,52.11985793529459],[-1.8515968352991048,52.12561784881252],[-1.8475012165770177,52.12899485335324],[-1.8312064287316645,52.1255180728498],[-1.8210697259743787,52.13144401790465],[-1.8248798098859291,52.14056097959922],[-1.8114650125852008,52.152955773335286],[-1.8291951448374597,52.159496987672014],[-1.8167685851693185,52.16351426220567],[-1.7946354204512438,52.16117584308571],[-1.7907798279772842,52.16836198934083],[-1.7965043135772738,52.171948369155274],[-1.7951645311938527,52.17490172229271],[-1.7783577282198706,52.175160759846946],[-1.772509502049113,52.16692016137672],[-1.7578093557865286,52.16777262865709],[-1.7522460149019998,52.159849530791156],[-1.7163267077067472,52.17163629959319],[-1.7300396607364574,52.17680514864201],[-1.710782846435763,52.177274981312436]]],[[[-1.8077453790921958,51.982838308234996],[-1.867185916760318,51.98110610333388],[-1.8723871880059484,51.97759129228292],[-1.8754255716067418,51.966851325017615],[-1.833413535612812,51.97322908576989],[-1.7859439358472584,51.97037166016112],[-1.7952652812496328,51.98067273574023],[-1.8077453790921958,51.982838308234996]]]]}},{"type":"Feature","properties":{"name":"Kent","code":"H10200100"},"geometry":{"type":"MultiPolygon","coordinates":[[[[1.124438388653025,51.295600635277225],[1.126648967890208,51.29565392693897],[1.123467545143647,51.29543755160038],[1.124438388653025,51.295600635277225]]],[[[1.3490630913195756,51.30103806937981],[1.3561928203003035,51.298151069341415],[1.3482051094028078,51.29207545903384],[1.3552673172560983,51.28898891699324],[1.351292717494007,51.28636442469663],[1.3566488715576062,51.2790408671835],[1.3508227557410142,51.27396584726165],[1.330163111252567,51.28574534057452],[1.3490630913195756,51.30103806937981]]],[[[0.8247388606811674,51.35805057969046],[0.8359451083933178,51.355885274444944],[0.8295399667024547,51.355923325084134],[0.8247388606811674,51.35805057969046]]],[[[0.8539118447977885,51.36632471791913],[0.8578174250880674,51.363600158397006],[0.8533227767857947,51.36491693980899],[0.8539118447977885,51.36632471791913]]],[[[0.5660876734537593,51.407421529345925],[0.5808613959217089,51.40630631193253],[0.5842262012596383,51.40260007309288],[0.5619024238742528,51.4028161399175],[0.5660876734537593,51.407421529345925]]],[[[0.7247493948922342,51.404084494291546],[0.724838031520588,51.4039491456675],[0.7247118480163732,51.4040286819018],[0.7247493948922342,51.404084494291546]]],[[[0.7244921465041069,51.404477354090524],[0.7246609943597229,51.40421946855804],[0.7243592254978086,51.40416910992884],[0.7244921465041069,51.404477354090524]]],[[[0.7221822904110073,51.40800447501073],[0.721358213107006,51.4087759041193],[0.7215305112378073,51.408999696407655],[0.7221822904110073,51.40800447501073]]],[[[0.6846342817507348,51.41210867254267],[0.6921010786600624,51.411621576407704],[0.6949364458944098,51.39605283993109],[0.674895425887376,51.39812415996296],[0.6755899456918989,51.401645961992486],[0.6676734175495873,51.40754814266746],[0.6795733920919735,51.40585173395357],[0.6777309089622794,51.40771891239237],[0.6846342817507348,51.41210867254267]]],[[[0.6686658495810232,51.423373472151944],[0.6871087945826032,51.42219359861593],[0.6898662178111852,51.41598774366605],[0.6801491199785938,51.41869125322855],[0.6733299206069994,51.41296897433988],[0.6696353345938468,51.41959425659074],[0.6623541626870224,51.41726211837038],[0.6686658495810232,51.423373472151944]]],[[[0.6602270194196981,51.44740243327727],[0.6626512838998744,51.44354708234369],[0.6578704228695825,51.444971567095486],[0.6602270194196981,51.44740243327727]]],[[[0.7512428273706889,51.44542734321154],[0.7795487973439392,51.44001166707884],[0.781623347696542,51.436365567756184],[0.7934020202308694,51.438074028718475],[0.8268862011891817,51.42496990780227],[0.8862965383605312,51.42064885243677],[0.902638130387341,51.416229292504504],[0.9399079392263865,51.3892397168067],[0.9527172609133966,51.37293181057172],[0.9459277910997049,51.36729276689552],[0.9401923664888421,51.369531959125595],[0.9248023556913634,51.3600208289038],[0.8979210403020578,51.35383136302032],[0.8823428109605875,51.35742816684826],[0.8781314049906528,51.362346921674224],[0.8597837687804731,51.36391015081388],[0.8613742415676208,51.368722390278116],[0.8583169256582036,51.3694726079956],[0.8590619157153397,51.364616812133505],[0.8419464523152573,51.37076164110989],[0.8527596274366784,51.36487309428027],[0.8454641669346393,51.3630177288246],[0.8082770047215693,51.37044697132376],[0.7984433212932063,51.36807475013567],[0.7906465787597492,51.372737683306426],[0.7802676974327897,51.36724305971774],[0.7678553135939878,51.36922641257537],[0.7662638271306078,51.37376692741699],[0.7719200861734297,51.37841850917855],[0.7673546333950872,51.384532460085],[0.7337392532674833,51.40019967004176],[0.7247773862030281,51.412505750070935],[0.7341591629201104,51.40853804432457],[0.7483290006730399,51.41567939545172],[0.7436051342247623,51.41462619729602],[0.7376769006275427,51.4209983809612],[0.7498693301711992,51.43579546477115],[0.745154000492072,51.44403654077622],[0.7512428273706889,51.44542734321154]]],[[[0.2005056575427447,51.45764930125048],[0.2001711055721509,51.45773022370352],[0.20084333182427014,51.457907376934344],[0.2005056575427447,51.45764930125048]]],[[[0.1302284927398155,51.51277987892793],[0.16833956720845603,51.50282025431196],[0.17541352014989015,51.4866529711103],[0.18298226498236725,51.481371310094524],[0.21926047056374534,51.47992921880608],[0.21092547673355497,51.471336426962715],[0.2101091712521074,51.46139089965972],[0.19903842198675212,51.45725859856225],[0.21095362844491378,51.461316511518554],[0.2144046224326885,51.45357941978704],[0.21116003918274315,51.46999277963193],[0.22178101361754343,51.47900725090564],[0.2763648529188366,51.45315950558891],[0.30157724397993657,51.457443882282],[0.3136702232312709,51.46616849030506],[0.32988870910048795,51.44940847833147],[0.38369191836826366,51.44290772361264],[0.4156444990258772,51.443304385943435],[0.4613612408861819,51.454331772505704],[0.4578220803297202,51.464717253457664],[0.46900909419167547,51.46359345373366],[0.4595355715663727,51.46634885999432],[0.46414856005459765,51.47557647283341],[0.47183937703535495,51.482730580400926],[0.4867158762740118,51.48675212078816],[0.5266789836301002,51.48385842123964],[0.5472105352813051,51.48657289531393],[0.5546630059128652,51.481879254940196],[0.5753214151964839,51.48376213998033],[0.5822658386335149,51.48007807438286],[0.5892608974989368,51.48358634312057],[0.6180497504025712,51.4748561245444],[0.6618925191434857,51.47708320113387],[0.6919237859835237,51.46040182220414],[0.6735023672873218,51.469746361652035],[0.6878480908624692,51.47449663968619],[0.703159114701716,51.47162502629346],[0.7232397267120773,51.45761118462804],[0.7251547325612102,51.444201213681126],[0.7127655732699111,51.434510754676595],[0.6768886352773917,51.43312510798526],[0.678368212843659,51.43812117760484],[0.6714975464351642,51.442189868372196],[0.673355055926552,51.446711454894285],[0.6664259071810296,51.44340906881426],[0.6604849309891198,51.448545206340846],[0.6463800957797055,51.44346149939043],[0.6336880256834837,51.443889605058324],[0.6307892252759733,51.437632350222074],[0.6210394962524388,51.435960188507124],[0.6088466804377181,51.42074887496864],[0.6188313193724252,51.42782619157599],[0.6236455984958297,51.42636746560226],[0.6233129139384214,51.421942319988965],[0.6112256227758603,51.416626666893],[0.5783816354554541,51.41516759675038],[0.5665778861647167,51.410857527849906],[0.5350261396538428,51.412320840343206],[0.5237573497764355,51.399252182778284],[0.5160769573025926,51.39997868065039],[0.5224348788949783,51.398110474364316],[0.5213890280366476,51.387776616591715],[0.5098068398485969,51.396186172003304],[0.49519471660762215,51.39308043969771],[0.4977472860215586,51.39179827515284],[0.49192066782745925,51.3872820968551],[0.49242792749797304,51.38228022110387],[0.45255142705548573,51.36665581492087],[0.4499321772025325,51.35960856578931],[0.45700381075023994,51.35234121443306],[0.45042072385273396,51.34822655033846],[0.45880635594918073,51.335492539773426],[0.45225328119483305,51.329206966217036],[0.459117081151685,51.329762764451765],[0.45833202530605033,51.325045404306515],[0.4612391022799886,51.325286537557524],[0.4568860386531888,51.3152644637835],[0.4591431077003624,51.316406153436226],[0.46404399954382514,51.303919668715345],[0.49564442170077544,51.2997382509314],[0.505231709407192,51.29499381265633],[0.5077580654471588,51.29507101896842],[0.49498319245219213,51.30040356289983],[0.46436625675179055,51.30451786209696],[0.4591002075099636,51.319279928307935],[0.46398076812277406,51.32091595363833],[0.4654507236241638,51.317705411241924],[0.465035364985564,51.32023804424839],[0.4602331486128866,51.32054774615286],[0.46010821750665054,51.33076372483597],[0.4530615950037061,51.32969102900055],[0.4597034269683094,51.33578041067057],[0.4532524146121153,51.34622353979023],[0.4591376037406649,51.35085189401451],[0.4519691343699771,51.363852722553986],[0.49061587010185176,51.378345872422855],[0.5094002401034463,51.39364402280797],[0.5143707174901079,51.385317260889465],[0.5232486725746119,51.384135125908244],[0.5378622787583371,51.409537663984665],[0.5487867952443038,51.40761487546551],[0.5592880834412042,51.39594201892548],[0.5939370415531394,51.38981441983802],[0.59693190063044,51.38613846938701],[0.603386958374884,51.3898682815812],[0.5999397219753109,51.38551316042673],[0.6161278029536158,51.377905578968985],[0.6225931170983598,51.38150638412951],[0.6247417749472872,51.38835723043485],[0.6354757992567331,51.38854521554994],[0.6353182403219032,51.384228567905225],[0.6245759317625671,51.37659489059551],[0.6287522408152654,51.37357970695301],[0.6427526902632474,51.388064613691334],[0.6446789271374451,51.39523854894198],[0.6498160513931365,51.397049117006034],[0.6606298548670476,51.391266738902246],[0.6718178311965345,51.37458385511933],[0.6828231697333144,51.3794359138062],[0.6878044799075193,51.39073077287208],[0.703051858275851,51.39244506096116],[0.6969322624202046,51.37968029281225],[0.7203401438851481,51.38760845790896],[0.7069243735683276,51.39785958591124],[0.7080299192496435,51.395543929932714],[0.7031926619918744,51.39563679289063],[0.6979530627309364,51.40543069222226],[0.7064464333873886,51.407467265451686],[0.7016524827863881,51.409315749814226],[0.6979522666458753,51.418872616254184],[0.7283505572372015,51.42267405420173],[0.7306454796412403,51.42151870442871],[0.7179378327844613,51.41960870628171],[0.7328165912091984,51.418483564492114],[0.7313785598319424,51.41514042017633],[0.7190470610237379,51.414109569513876],[0.7276226539368578,51.39959888134528],[0.7653097811325131,51.380564500501386],[0.7619298457318682,51.371294868075566],[0.7661965379717172,51.36209388461319],[0.7587007083916892,51.36039887598811],[0.7529109877256025,51.35003618962065],[0.736668997906277,51.34555340667431],[0.7554094731379868,51.34947009069596],[0.7627215612151351,51.36026809215894],[0.7706873947578898,51.36191573323484],[0.8139634460212146,51.35837843976706],[0.8162484979258264,51.356726860762414],[0.8110202558708853,51.35114152016166],[0.8159142498643986,51.346385115903125],[0.8150641866527621,51.352784001454474],[0.8196439751750603,51.35573122525849],[0.8681139244338699,51.35524998381382],[0.8984392269477622,51.3441333318016],[0.8943316838966253,51.334659496931316],[0.8827782993125018,51.32908871106229],[0.895369276312737,51.33505931973904],[0.9114244248927453,51.33434082164896],[0.9169710465944185,51.328836111808705],[0.8902457071905326,51.31701009362035],[0.9176895195861261,51.32821191804552],[0.9128649826316887,51.33432206114541],[0.899175699006478,51.33493811110633],[0.8994142729148905,51.341150638121825],[0.9381704814272988,51.34637747938674],[0.999777375791455,51.34705647511498],[1.0113662562906047,51.350074623278516],[1.0343730515091396,51.36479529653517],[1.0640086699480285,51.36542575721766],[1.0710170636521539,51.368774660782535],[1.0928280497942573,51.36761842421487],[1.102423877865129,51.37197835097742],[1.1496527061387414,51.37253608424268],[1.2042543606363232,51.3793771071572],[1.2783706019409256,51.37713865607313],[1.2913150361595251,51.38214599722358],[1.3172470575642476,51.379924254214444],[1.337444245763636,51.38572204277144],[1.3791272161917192,51.38727810372642],[1.3881909192610467,51.39211692652127],[1.4273677725593301,51.393089637738726],[1.441805968504884,51.387048739348394],[1.4513992114256167,51.37553798891343],[1.444146721974776,51.34967767225928],[1.428307551579859,51.33325225614075],[1.4263158513604435,51.325595377120784],[1.4253145287783286,51.330709401872724],[1.414939678506425,51.32440269269762],[1.3784190271604149,51.32896920325566],[1.3674001952744876,51.32334037631433],[1.3613698979931836,51.31415866385806],[1.363960258606289,51.31287422230139],[1.3495188465645578,51.30126611762799],[1.3458123151209975,51.309275310169774],[1.3273982814091083,51.31625340414712],[1.2641017482856587,51.32184801338431],[1.2531724568224547,51.32858989784706],[1.2353827609896078,51.331850272066056],[1.2314437750843816,51.324850560510924],[1.216956693457805,51.32038296613322],[1.204201436804946,51.32255191950029],[1.1890776823048304,51.31382532160111],[1.174255313507405,51.31160161532051],[1.1609522238411265,51.30108134907436],[1.1213581159810744,51.29661831662346],[1.1607869103445398,51.30082673647594],[1.1742765555962718,51.311389628470685],[1.1957958560743918,51.31622382433706],[1.20637077922147,51.322942287299604],[1.2190835853793192,51.320290286420786],[1.2297953733861036,51.32476742188539],[1.2350243446510627,51.33169555624475],[1.2546824236144378,51.32533905257804],[1.230239601111177,51.32091660578722],[1.2521088333370138,51.3251686102805],[1.3422083880771258,51.311528403989776],[1.3464915951305758,51.30797932699761],[1.3469264169565134,51.30054775729213],[1.330326362575843,51.28520632164975],[1.3500710505116444,51.27327397460409],[1.3586585931128532,51.277431326073454],[1.3516035310470387,51.287243442184774],[1.3566217584146847,51.28796767215087],[1.3493553085018368,51.29181222770304],[1.351815049829139,51.29636580397594],[1.3575209830200843,51.29558772576011],[1.3516069002581317,51.30169708687662],[1.36147234401514,51.31096747500102],[1.3704611802085376,51.312298094873434],[1.4060974267806412,51.23234189789024],[1.4039502077722505,51.20788659837129],[1.4071099981558386,51.183277472138066],[1.402798909326394,51.16459813653734],[1.3810369711880977,51.1414494780257],[1.3191278348770366,51.122835491760185],[1.3153708193289373,51.119461516495626],[1.3179467759407144,51.117213922451405],[1.3130276835402581,51.11845923574214],[1.313144578831594,51.11354916719378],[1.273081267699654,51.10217578891971],[1.2173667413196103,51.096594331832485],[1.2072385462878457,51.09190882414215],[1.2013639343388969,51.08301451386423],[1.1842759447279527,51.0755093397743],[1.0957329711130588,51.066853660694505],[1.040650587805671,51.04971354116319],[0.9974734031343742,51.02325163306145],[0.9776122413050483,51.00016188282097],[0.9657123568430748,50.96237119798212],[0.9795749257768854,50.92568199307447],[0.9778684930078749,50.91298146280257],[0.9359440474369609,50.9120105746146],[0.8581572523042564,50.92286329538635],[0.8690634555811851,50.93455799022904],[0.8616148058117783,50.939939416757646],[0.8579251900255745,50.95279946160949],[0.8483116348640984,50.952327701354115],[0.8453864039394812,50.95663297949111],[0.813166966700909,50.94366289888332],[0.8086584484041754,50.95441825628077],[0.7885798304132832,50.97232611488172],[0.7814140652052755,50.97801414303601],[0.7746193792998687,50.97791701686768],[0.7772521676011557,50.9907640564634],[0.7679701483294149,50.996037705790734],[0.7326264414213408,51.00440494990131],[0.6925409122782005,50.99645946133472],[0.6722295114819676,51.006049743799416],[0.657097290254602,51.01955445551287],[0.6331943971256865,51.01374681057821],[0.6272213933733384,51.01901319198832],[0.5691253234796523,51.004273477782526],[0.5423728470605724,51.01130232948037],[0.5335913063053804,51.021570138110235],[0.5107210805795095,51.02329904949619],[0.4933719612186151,51.03112717839582],[0.47258138099135133,51.02911030942663],[0.4661449798608275,51.033095606367624],[0.47150410715757235,51.04692704722867],[0.45077813896382196,51.05786888343395],[0.41894816776612903,51.06101193127302],[0.4044981346114245,51.067201150353426],[0.3948721141288547,51.0755533675243],[0.3986277701143275,51.082548216036855],[0.38528738177886046,51.09015093079355],[0.3822823248482603,51.08618552489681],[0.37221940910536166,51.08699289860671],[0.37735458011693396,51.091620907630585],[0.3717514685476373,51.094088018612325],[0.35302359635577646,51.08284036096925],[0.3549816105907112,51.09293784600508],[0.3510492706494525,51.097796598322084],[0.3599830176527888,51.10351397583627],[0.33581539617168066,51.10463827472632],[0.32580274261109754,51.10917297607831],[0.32423169706331845,51.11354654559958],[0.3306215641114877,51.11728237225607],[0.32589404325316873,51.12100139210578],[0.28391916787305715,51.11583125432131],[0.27487522957103977,51.118889269347406],[0.2720330696516929,51.11739790195568],[0.27647759478995165,51.111675603721366],[0.24727566301126253,51.113844990848456],[0.22620391704057133,51.12303054648865],[0.2183195332096358,51.11830990869771],[0.17257390281551463,51.113900048607775],[0.15991723274875885,51.11580533264622],[0.15245036552961402,51.12617620428936],[0.15309194392821399,51.135052140580974],[0.16427370123954327,51.14017851846788],[0.14083567262556884,51.14625417671405],[0.062204607987742404,51.140513806939296],[0.0538456521683699,51.14461702602752],[0.058386561290396995,51.15076458610028],[0.04872159831993819,51.172124224683564],[0.0545186771326105,51.17936196260777],[0.048446764453306146,51.18722626872282],[0.04994551676222415,51.191347888751636],[0.044211942002598884,51.19273918790518],[0.03546019495365784,51.20934695356781],[0.03603456080703833,51.215550241247314],[0.04602430259599293,51.22019246957026],[0.04615940900982366,51.23197709591807],[0.05727579644319565,51.24520804468272],[0.04614579098955468,51.3009546843933],[0.032223814887460754,51.30648723962474],[0.017274775605225643,51.29119483280447],[0.00934148284522365,51.30829821473311],[0.007624582885654967,51.32875119483209],[-0.0007356780905908691,51.34672264606893],[-0.01975447212924312,51.36261986545771],[-0.022563135915614083,51.38296032387364],[-0.05405873594158105,51.39566889516954],[-0.07810520379220041,51.41864215772226],[-0.07048169330595612,51.42564035077064],[-0.049257069477685864,51.42173964012409],[-0.027919986839909056,51.42502329512272],[-0.004533752183483451,51.41271223756198],[0.00368679072800233,51.41394730640671],[0.01660773153039669,51.42545925836438],[0.027739935400187852,51.42815460473285],[0.03947466313656243,51.42421821474051],[0.03931042104299655,51.43052480166359],[0.026929340228992092,51.43897250114891],[0.034177142014220493,51.44363319969984],[0.060424727333043125,51.42404324997965],[0.06873318926311346,51.42560626819614],[0.0885488756840474,51.442202420804875],[0.08398865807367577,51.46235392146513],[0.08730101236932393,51.46668864038755],[0.10075883315416392,51.47386875258692],[0.11230120662483914,51.4722550489159],[0.1188639419330959,51.47785224135976],[0.12478568150455106,51.47634664070359],[0.1219660758387023,51.510962312511026],[0.1302284927398155,51.51277987892793]]]]}},{"type":"Feature","properties":{"name":"Lancashire","code":"H10200101"},"geometry":{"type":"MultiPolygon","coordinates":[[[[-2.9408464044072113,53.85097251054628],[-2.942679866525541,53.85144263537476],[-2.937007192529713,53.85408857631652],[-2.9408464044072113,53.85097251054628]]],[[[-2.89691603888793,53.98759547253744],[-2.8989638422119675,53.99025441095566],[-2.8923536315603604,53.98965556951584],[-2.89691603888793,53.98759547253744]]],[[[-2.836887801250998,54.022753860400506],[-2.833183026962169,54.01795520890992],[-2.8394099082452646,54.02117039919108],[-2.836887801250998,54.022753860400506]]],[[[-2.7915914653786187,54.060966858633954],[-2.7918441630935074,54.05995304688201],[-2.7925749303072527,54.061659708785065],[-2.7915914653786187,54.060966858633954]]],[[[-3.1723898011182112,54.06168014355679],[-3.1747009100159267,54.06511484105234],[-3.1718841647103524,54.06505062701127],[-3.1723898011182112,54.06168014355679]]],[[[-2.8029697130868487,54.12008211293897],[-2.804174628973207,54.12098643277535],[-2.7995604972078967,54.12334077555954],[-2.8029697130868487,54.12008211293897]]],[[[-2.8269044989632426,54.14036780470036],[-2.829761603601407,54.14077151089719],[-2.827785024562939,54.14122467794498],[-2.8269044989632426,54.14036780470036]]],[[[-2.985627921271174,54.148172709540624],[-2.974287789739223,54.14739488079464],[-2.972635005880562,54.14305671818451],[-2.9973938823920028,54.13256542664744],[-3.014254082963075,54.131941847678405],[-3.0089592277455375,54.139860655824506],[-3.000611994331793,54.139834140007515],[-3.005243736983725,54.142454480992164],[-3.001869473088265,54.14968812648026],[-2.993074275588041,54.14766117878307],[-3.0007558032276953,54.150178294878806],[-2.9992706872314514,54.152223022160044],[-2.985627921271174,54.148172709540624]]],[[[-3.25080618598185,54.15041655450198],[-3.264078663196921,54.14605212745474],[-3.2631808654286725,54.13864098213162],[-3.2562173689748466,54.13608271583666],[-3.25692952039089,54.13209936534395],[-3.2490969062692554,54.12486999344303],[-3.241639201644522,54.09876071482098],[-3.251242367185958,54.09910890182905],[-3.246525539655575,54.09803869923858],[-3.247156232544218,54.094999198175564],[-3.242854928339134,54.09727122567443],[-3.2345525045680925,54.08637457221381],[-3.2276333744330925,54.086876855563474],[-3.231463289711197,54.08423533354029],[-3.221792930323964,54.080071240653155],[-3.2248308759137614,54.07598081188321],[-3.2226107549798595,54.0686780666408],[-3.2107989569624023,54.06581311831034],[-3.2043990213465596,54.05209237550649],[-3.195914524468154,54.0485444927311],[-3.1768878140896994,54.05501026862656],[-3.173491866388048,54.04819456720909],[-3.170577853300096,54.05479138566537],[-3.1718392066192433,54.04722366603952],[-3.19624340883171,54.04451854258358],[-3.210289415919442,54.0489732984065],[-3.246410319468519,54.08256582077146],[-3.2660778831136765,54.10653164757064],[-3.2751061876626664,54.14260983716674],[-3.266083602206894,54.14938402236772],[-3.25080618598185,54.15041655450198]]],[[[-2.473910148037189,54.212934841840365],[-2.4792050090854483,54.20144457807874],[-2.5269938191979424,54.168970514597284],[-2.5295599717483728,54.16137261467155],[-2.5467499438282326,54.15345212068286],[-2.5586153636269446,54.15296705132664],[-2.5565311416666607,54.14303781571588],[-2.5616358699539203,54.140692798254165],[-2.5612838330418826,54.12474071717403],[-2.5450475482280788,54.117513447662986],[-2.515693472410781,54.09473124403366],[-2.4913260952630676,54.08983774456596],[-2.464320953171394,54.07612123680061],[-2.4630816387143253,54.06219156573465],[-2.468545408862243,54.05325725359853],[-2.4675381483253274,54.04760642070548],[-2.4897611123438126,54.04169439695383],[-2.4970821067237674,54.023028963121526],[-2.506542764407402,54.02033694520274],[-2.5265018707499696,54.025245880273964],[-2.543751620866946,54.02012358481138],[-2.5468541080393945,54.01393616773737],[-2.5704678530434784,54.01469610850328],[-2.576432419184456,54.01129319521135],[-2.580429640923067,54.00054268919478],[-2.570981942313098,53.98953670204361],[-2.573147795052095,53.984596561320316],[-2.5571770787103234,53.974647947962524],[-2.5782939108282794,53.97180291975066],[-2.576979521214122,53.96802266595824],[-2.5873400104612347,53.960541453186764],[-2.612131706581073,53.95654094882207],[-2.6156475875061034,53.95219874354125],[-2.6305550900456818,53.95838531490257],[-2.640727553258979,53.95796351254617],[-2.648241798963263,53.95368997025656],[-2.645873620260138,53.94896245449828],[-2.625365586911619,53.93938114435257],[-2.626691124469167,53.931761139505525],[-2.609155540851588,53.92089884766321],[-2.551795153469762,53.92632030039312],[-2.5378561181336114,53.933032253670305],[-2.52851971967604,53.93095427748066],[-2.518828522595678,53.9179238083322],[-2.527514523120769,53.912731084867296],[-2.528524293072683,53.90381043567435],[-2.525373312345675,53.9013478021999],[-2.537367501425513,53.88568618347379],[-2.4922111672219205,53.8835713353282],[-2.4872587252915794,53.878418658005394],[-2.4699687255911402,53.8742234438843],[-2.4698840370567843,53.871206001591986],[-2.4577758872919984,53.867701857759315],[-2.454920461846936,53.8614010318959],[-2.4593270757544077,53.85714649225221],[-2.446191705154353,53.854427151599545],[-2.444673927374114,53.85171866515008],[-2.4492716754924597,53.84863038552606],[-2.4404090848929805,53.840553735624766],[-2.4152257056655957,53.852248619933285],[-2.4139297802910837,53.854721420780244],[-2.421704799267115,53.85868125318147],[-2.4144086683146457,53.8603432266864],[-2.4173601603485566,53.86707867189596],[-2.4109923130157775,53.87516487832696],[-2.396269612019865,53.88158952182785],[-2.400043955777959,53.88256747376758],[-2.3970875034500367,53.88591864990121],[-2.3678095772010233,53.897055381232015],[-2.367602566738611,53.900510006965845],[-2.3505316407428194,53.899977338945206],[-2.352696604387147,53.90458624175393],[-2.349486070983942,53.90543721499926],[-2.2845455722047685,53.89962992618422],[-2.2576502067248923,53.88174599424581],[-2.2338363713296903,53.888643445564725],[-2.234584005761142,53.87880220428606],[-2.229835402605245,53.872878694053796],[-2.1820091809789828,53.883482565295395],[-2.183149442304334,53.88698902822854],[-2.1772840944895933,53.89191587857919],[-2.166779483386659,53.891892730176814],[-2.1634135882490995,53.8855719519212],[-2.1527360339493953,53.88450738274585],[-2.1199077302311995,53.884490978486824],[-2.1021118167049955,53.891571981692216],[-2.093578161711107,53.88708495763925],[-2.081079927321434,53.8761275948254],[-2.0883964470562444,53.86809073464712],[-2.0802772815079837,53.869588713446554],[-2.074197295589304,53.86210092824749],[-2.049642974872836,53.848908580841766],[-2.0520954142597576,53.827215509902956],[-2.0764536180247046,53.821165239283054],[-2.111077898674271,53.80612908355888],[-2.128224234845807,53.791709605920595],[-2.1253198480146405,53.78852999717414],[-2.1354796354301935,53.77848802071451],[-2.1296313167555687,53.77384265103257],[-2.130607207458714,53.75121440886008],[-2.140065804596186,53.74727914809033],[-2.148559997919348,53.73347934745736],[-2.163804864918862,53.73142962468154],[-2.1723962813038433,53.7235843893764],[-2.1607264809501956,53.70720243700202],[-2.1601759938101375,53.700137409765034],[-2.1411623617352067,53.67836563849747],[-2.132238560786434,53.68552700898013],[-2.123820672115383,53.67579536946262],[-2.113400239410631,53.67155098558469],[-2.090994901794212,53.66986299783064],[-2.0831379043892118,53.67172863238942],[-2.0846747658943556,53.677082592225794],[-2.081306450411061,53.678505499613],[-2.050884524376672,53.68202301530473],[-2.052007328158732,53.67006128206949],[-2.0392154760779637,53.660322408223635],[-2.041036381823396,53.64286948177816],[-2.0295843608853974,53.63585225336545],[-2.0199821499844672,53.61497637362964],[-2.0083398872059277,53.61485751930826],[-2.0083420881680976,53.61164300532418],[-2.041141445379676,53.59925374011341],[-2.0544433743360053,53.59870485572975],[-2.049776967622702,53.58700194634017],[-2.057945338064207,53.580556286062695],[-2.0550986294049705,53.57384146535326],[-2.0465542647550015,53.56982938263476],[-2.0668966701507516,53.5574079483275],[-2.067027036336002,53.55242916350747],[-2.0613379118307864,53.54789566520265],[-2.066040902033065,53.54290741770758],[-2.0652180066140873,53.53775890849844],[-2.048626713333569,53.52802424777473],[-2.023482372841526,53.52883750574182],[-2.004857782065795,53.51784592554528],[-1.99330117410309,53.52039939733228],[-1.969672834793689,53.51152512970415],[-1.9518183794675692,53.513873378070414],[-1.9536557553798135,53.51022804240898],[-1.958005959836718,53.50364656158047],[-1.9773337969419353,53.499609902853905],[-1.9858319420877566,53.49122375651247],[-1.9932365483675563,53.49404822295766],[-2.000343067791227,53.508131526555175],[-1.9954725676931324,53.50965121991335],[-2.011786055114349,53.51553319125717],[-2.0258184693982537,53.51166496291418],[-2.033870951090547,53.50113293296628],[-2.046185259056662,53.502705897990225],[-2.0533740006612415,53.49957991007807],[-2.064206454642747,53.485361942003436],[-2.081941245277853,53.48900504408739],[-2.0977288065268316,53.47604128688822],[-2.093782853913573,53.47032880846083],[-2.0963715122710824,53.46826983632032],[-2.0895347676962697,53.46684273179449],[-2.0848359586956144,53.46030319397874],[-2.087495619179955,53.45325685577034],[-2.079833762925426,53.451080572674385],[-2.089836446004883,53.435796011343555],[-2.099211694711654,53.43486800523497],[-2.1056852566308226,53.44164844700411],[-2.1127060129096202,53.43801221565808],[-2.114077238129194,53.441275809159684],[-2.1414289096121957,53.438911241039975],[-2.157838385742387,53.45364563394867],[-2.1700630766835176,53.450863169498646],[-2.1762663196824885,53.43098977343354],[-2.1881932999063483,53.43868856601247],[-2.1968302046125,53.426030805121016],[-2.214993857811827,53.41486025544476],[-2.2119961937633117,53.408139416587325],[-2.215681301212616,53.400636876624425],[-2.2464031121327435,53.39675318797179],[-2.2437494423656905,53.40293030092452],[-2.233186063768557,53.40789821708895],[-2.249899740702125,53.40793408236649],[-2.247249609678349,53.41872545271366],[-2.2602111761213433,53.41607547943513],[-2.2629512008725565,53.42072441185126],[-2.27956311472301,53.424190104164545],[-2.287975502670883,53.43285632182654],[-2.2953549304937755,53.43374091631011],[-2.2977630839478986,53.43899693941874],[-2.320331908445679,53.43351726519794],[-2.3431558636653476,53.441161060937695],[-2.356752733133998,53.43679470308575],[-2.356747217536566,53.43226002275872],[-2.367602101184499,53.438004061962836],[-2.3767736241936346,53.436474222506305],[-2.382144595038552,53.44158685893729],[-2.3888036975656135,53.43791952280134],[-2.3860101805809806,53.43549632897555],[-2.3890908963795034,53.43325578484739],[-2.3991549719806287,53.44047214694611],[-2.409858444417159,53.43866691704746],[-2.4080923920327324,53.435734760727854],[-2.4188831129198176,53.427460657914175],[-2.449736792466387,53.41552257676971],[-2.4545580843360892,53.403973374935276],[-2.4874769586904772,53.396870050586635],[-2.483185255131948,53.39119082493658],[-2.492340843795059,53.39019966989247],[-2.491907072309029,53.38632632417107],[-2.4982564318767344,53.39546080624814],[-2.490495616516755,53.39819350340432],[-2.5189075449325333,53.395959427512686],[-2.5216228225693005,53.38535122853842],[-2.5311180897053345,53.38826502625738],[-2.533210062278672,53.3951348170744],[-2.5484605934669715,53.39621951845581],[-2.554470729172513,53.37958712774256],[-2.57789007679224,53.37462748117399],[-2.597020955957005,53.37269032854957],[-2.589479435518461,53.38554812407077],[-2.577153801455953,53.383353116367324],[-2.5903351449486665,53.38566524902489],[-2.5980145476084604,53.374297216227916],[-2.603088045357903,53.374291470754976],[-2.6067614205848146,53.3868315888434],[-2.621625287837819,53.37513491834335],[-2.6377087052795516,53.378116509439366],[-2.644556594742186,53.37362438246033],[-2.657620690624743,53.37425793202863],[-2.6732027933174853,53.35646288430733],[-2.6969345672962417,53.36191117309425],[-2.725595344302198,53.35464556979412],[-2.7299304648397427,53.349375330551894],[-2.7572651903547096,53.34927513766853],[-2.762330668192853,53.354627846514546],[-2.7598141498001514,53.34881663285916],[-2.7763932281284474,53.33434940301775],[-2.7812756095607454,53.335567147678645],[-2.776101941658632,53.32972057419985],[-2.787681044223541,53.32217942818007],[-2.8184367928259406,53.332754101869156],[-2.839158736889872,53.32653113495767],[-2.8725992998759446,53.33260584132491],[-2.976049731566318,53.38015834543165],[-2.986061317667336,53.38899057266433],[-3.008415678754985,53.43954696751022],[-3.019615933681131,53.45362725143276],[-3.0173566038592474,53.45653194588644],[-3.0369392018087624,53.46718327250988],[-3.0596511239986457,53.49865471298272],[-3.063806769641877,53.5146270204997],[-3.062409805448882,53.53053174315163],[-3.063623378726368,53.52374529507251],[-3.070570966041301,53.52136749178013],[-3.100779198956461,53.54137079389784],[-3.103017106448881,53.5589469531623],[-3.0907799011832933,53.58084964184067],[-3.0602600682663894,53.61041988313716],[-3.029911247072284,53.64731792862207],[-3.016962185301628,53.65364317089659],[-2.972772202799562,53.6906330313689],[-2.9757078837086475,53.6963507850906],[-2.964869314300621,53.69812321834607],[-2.9632341343045456,53.69325055987713],[-2.9691647128809757,53.69248805332339],[-2.959227985861053,53.69172392040952],[-2.9569984007434247,53.68757959289698],[-2.9510778834236056,53.690715558333125],[-2.951693709676818,53.68095071145734],[-2.9431555543055983,53.67876327670522],[-2.9513873005475775,53.68112844220364],[-2.9479411846574846,53.691658255057156],[-2.9604424687007214,53.69324420967041],[-2.953956477049092,53.698660986512394],[-2.9401763455469894,53.696304113390724],[-2.9501811213383564,53.70113435490594],[-2.946173576736979,53.703812589935396],[-2.9515289034830574,53.70319395416358],[-2.9504256072000827,53.70559751223209],[-2.942751666430353,53.70776888432141],[-2.9280228568370474,53.704337522261206],[-2.936504890682516,53.705121924176964],[-2.941083799270636,53.70975339671364],[-2.938958380003134,53.7112038991095],[-2.9441775053576076,53.710139876273885],[-2.940038974312285,53.713047263197836],[-2.9460569943186337,53.713203956431514],[-2.936283907048257,53.724784579284524],[-2.9316590912155247,53.72011553177913],[-2.9282828419857436,53.72310017409653],[-2.926410375920222,53.71645525725012],[-2.9243509126372857,53.71998424401532],[-2.915105565061233,53.71390551739819],[-2.927599204942457,53.72344257369531],[-2.9130413252889107,53.72529924067885],[-2.9093104270048666,53.718307349896115],[-2.9028107059284016,53.714876164397374],[-2.911198302150858,53.72194311922039],[-2.9090972086068185,53.72354302220025],[-2.893903831578659,53.70919687859245],[-2.896211737125581,53.7167640519563],[-2.910854780620017,53.72596581938101],[-2.903415689246843,53.728822349838026],[-2.9042384958180882,53.72400229044443],[-2.8996693654168837,53.721771339753545],[-2.9036298870135893,53.72672259645726],[-2.8954697388111947,53.72442592075677],[-2.897832106030069,53.72538809387612],[-2.8915378943092986,53.73008982302207],[-2.888851801720478,53.730459465838216],[-2.889925610707703,53.72545786082567],[-2.8876226219789194,53.73040115590621],[-2.8854110860449924,53.72702400337989],[-2.8632964464269985,53.733698198458775],[-2.834834166257056,53.72295974852108],[-2.8250730082124687,53.71320462682438],[-2.823184260454633,53.703160249631125],[-2.8313125846404605,53.700179847909986],[-2.831983865187816,53.69511953201575],[-2.825063319944723,53.6875371516456],[-2.817321743139309,53.685529096985526],[-2.8230384727469877,53.680545595398875],[-2.8178609469647977,53.679033975661866],[-2.8079895246548,53.660386244964435],[-2.8068669577704477,53.629352596058126],[-2.800570127740565,53.625150018601765],[-2.806551503769346,53.63001994717629],[-2.8080981885166763,53.66117523884308],[-2.81672875721397,53.67858413793095],[-2.8218661782230807,53.6797517850917],[-2.8148841942756793,53.68750705159156],[-2.8237993106501413,53.68717728397024],[-2.8318060325105474,53.696548291512755],[-2.8222621573881215,53.7020995364609],[-2.825251976873161,53.71553524013314],[-2.81608948307586,53.71678191144813],[-2.8251716789791024,53.71638799869328],[-2.83247947060962,53.72268936840894],[-2.8250026381294786,53.729510097610465],[-2.834126010116065,53.72462861986073],[-2.8412790694390733,53.72858339633677],[-2.8329469362955706,53.73023721983896],[-2.8383641860538513,53.72851842508881],[-2.8431825133539927,53.73310157757623],[-2.83362174115948,53.73721998394113],[-2.8440040748149595,53.733926424065025],[-2.8430645462788853,53.729933642516635],[-2.853370846500424,53.73438775984141],[-2.826828906973563,53.742465599914475],[-2.8286154891824387,53.740551108752264],[-2.818054334605228,53.741653842794506],[-2.8306991189711055,53.736715297215454],[-2.826090391112589,53.73480994095664],[-2.8285553101982175,53.73533318688231],[-2.8251174069261764,53.73893198395849],[-2.817001681630224,53.73890308327414],[-2.815246911025814,53.74507005423547],[-2.7743562123186747,53.75325272206377],[-2.772720424395471,53.74784361139698],[-2.77232361585849,53.75341326046917],[-2.7462582702102862,53.757142627371934],[-2.7201069280429073,53.756112394203434],[-2.7107296440284006,53.747675278086874],[-2.694895190012563,53.75136653400023],[-2.673777565304553,53.74584812564085],[-2.6815716507243588,53.74776462089352],[-2.6762707940793424,53.75208522586257],[-2.6615483676351603,53.7489384386641],[-2.677952090734973,53.75297915021671],[-2.684881011185012,53.749173254930305],[-2.694978471441632,53.75209328400126],[-2.7085032992479805,53.74803634437711],[-2.7172255075623695,53.755974154310586],[-2.731011884706865,53.75839158731787],[-2.786283513457098,53.75321013579821],[-2.7928615823059193,53.7606854840952],[-2.7876533000478645,53.76545808901283],[-2.794411015682043,53.76199845527964],[-2.787556009731959,53.75417802371664],[-2.7896433542903023,53.75232776997018],[-2.8525031617478036,53.73871064686354],[-2.858095546473274,53.74951709915411],[-2.857857442509391,53.73753348330121],[-2.8974264703419643,53.73281911219688],[-2.900837502200984,53.73586161603038],[-2.9056712014368067,53.732057707678386],[-2.933996782989714,53.73190681042024],[-2.9208442319628065,53.73457329089414],[-2.9324345233530202,53.73632651131758],[-2.935512314601872,53.73236154241796],[-2.9380181175315716,53.73214598405691],[-2.9349568149832423,53.736227752762886],[-2.9495356679319853,53.732686338690314],[-2.932517136238558,53.740332479567364],[-2.9122879286241767,53.73713060631372],[-2.9153052076392036,53.742223492682186],[-2.9153892657933547,53.73736944973156],[-2.9342856959946966,53.74308924690373],[-2.941210339150644,53.74175586643681],[-2.9360166289959078,53.741140311130586],[-2.942230441987667,53.73604224582723],[-2.9734104265845103,53.733717358707125],[-3.0131040460258682,53.73825978745715],[-3.037767973340435,53.747490461652404],[-3.0538971945549576,53.76372595315177],[-3.0555408629091168,53.79471178348196],[-3.0589332280409494,53.79502976796725],[-3.055101248263519,53.80151439034783],[-3.0541946057221603,53.84248543026516],[-3.0468031480691087,53.87211621470486],[-3.0485613007132506,53.91939910051796],[-3.0313185222622434,53.92584181054107],[-3.004559716846326,53.92762465781786],[-3.0043498264765836,53.921229666181],[-3.0094063761350536,53.91998810339082],[-3.00491859986687,53.91878702274246],[-3.0050107334847938,53.90226847496811],[-3.009223208896229,53.90652013594385],[-3.007227179400001,53.90258879727902],[-3.012225917105985,53.904970268870514],[-2.9927269800352185,53.88572611849296],[-2.967671397970988,53.874627588892764],[-2.977561434241444,53.87067665475733],[-2.9757836556899937,53.86311133886049],[-2.979196351202938,53.858944860962474],[-2.9586227908864715,53.8608387034952],[-2.945165832604818,53.85037044153326],[-2.9203395411481248,53.85601182609333],[-2.9040882769424434,53.86427064099373],[-2.8947315673891305,53.86025156117947],[-2.8837124715194213,53.86289477008423],[-2.8785218490673503,53.860357834145866],[-2.8666246832271294,53.86546571012534],[-2.8619571724667923,53.85866031983762],[-2.8483339052965815,53.85730383839327],[-2.8442573388639327,53.86259486488604],[-2.824986972994067,53.863710507762526],[-2.8444558054353823,53.86293506762776],[-2.845775467277267,53.85741268803941],[-2.8626840647657015,53.8590317544953],[-2.8668918698532573,53.86588357727222],[-2.8776790162237367,53.86041253397607],[-2.907874982521581,53.86475534191783],[-2.913343202473681,53.85955491368806],[-2.935538061501916,53.857344273621706],[-2.943733641836831,53.85212563871379],[-2.955418422079331,53.861629255233716],[-2.969496362588902,53.8638203117619],[-2.9621508608350373,53.877275264948864],[-2.9832517459272885,53.889285652064316],[-2.9825245501592934,53.89539262632311],[-2.9865850382086383,53.89254478475755],[-2.99051264121123,53.89607039940488],[-2.991866258852083,53.90509074316191],[-2.983529632080144,53.903971840654904],[-2.9913304727786936,53.91113684856147],[-2.9906061282912115,53.90838672076699],[-2.9946273648706008,53.90808559794296],[-2.992473413096511,53.91265737817319],[-2.995997853764535,53.91654481357851],[-2.9930383211745055,53.931780010983395],[-2.924210793414074,53.95055846894081],[-2.9155098012546694,53.95143231766532],[-2.9118658382234615,53.94800550804075],[-2.9191075617479467,53.94614709723824],[-2.911706128407832,53.94438589494606],[-2.917324354111259,53.94425592788106],[-2.915999293679752,53.94205740602316],[-2.911038846306126,53.94383183297447],[-2.8977674185478963,53.938304554159764],[-2.885818037096277,53.941735420920416],[-2.8842248986927914,53.943780507582176],[-2.892003243010521,53.944484378477135],[-2.887339951972639,53.946894742746544],[-2.8731384182671356,53.94560727998816],[-2.8752838803451324,53.94982734397646],[-2.8650668863757724,53.952525268331364],[-2.872810892885789,53.951814849359515],[-2.8618981716426,53.960715528060845],[-2.854946293188202,53.961042061190476],[-2.854216814892437,53.96517593051801],[-2.8343963599615667,53.95400337034271],[-2.851068342575675,53.96388497026457],[-2.8345369543898196,53.96348585663636],[-2.867392774637985,53.96905649490827],[-2.875428198992179,53.97788662388057],[-2.868772413834429,53.983121612162904],[-2.86850973783938,53.99160827194273],[-2.861598275536609,53.995173627491525],[-2.856968674711741,53.993194980581464],[-2.8597503859146127,53.99545023822045],[-2.855957924723177,53.998880541006365],[-2.832450012306917,53.9982878811896],[-2.8237059743073223,53.994333632706294],[-2.830434019238932,53.997723833300036],[-2.8315157319175337,54.00476642755739],[-2.82508739077058,54.02931735703223],[-2.8300485155417663,54.031562811168655],[-2.8269318638563066,54.03578392191516],[-2.83113468353274,54.03250813762262],[-2.8351671691340075,54.03577464936748],[-2.830169928615282,54.03681421676683],[-2.831236675913853,54.03922846062537],[-2.837746784592286,54.03784483924609],[-2.841116152611366,54.04460078383481],[-2.810464159975976,54.05416332298347],[-2.797138353176292,54.05220380816388],[-2.791068660911071,54.05765789327004],[-2.7915724472805175,54.062779142655494],[-2.7985975170292803,54.052871118586985],[-2.8117100201346474,54.054985496577004],[-2.8374494061795934,54.04941298196165],[-2.846554572793338,54.04299135646797],[-2.8484823996897384,54.04120784573523],[-2.8437598805642645,54.04134894023685],[-2.8462171531928746,54.04006513093184],[-2.835872866275912,54.03289148290454],[-2.8391884223705475,54.028822466986156],[-2.835243317608719,54.031574480781316],[-2.8318894469174993,54.02778821009378],[-2.8324585940124254,54.023107312594284],[-2.839153310078215,54.02525857750251],[-2.8423500738645444,54.02117320728131],[-2.837468437451341,54.02027335503285],[-2.8345381461190144,54.01000674012067],[-2.8511145848383754,54.005576699548826],[-2.8431335903017803,54.01349381931603],[-2.8458474856269436,54.01373004275431],[-2.859152119862197,54.00366329999256],[-2.8685275891452213,54.01430632706002],[-2.863681023990178,54.00499177341197],[-2.876250418009565,54.00608915529221],[-2.8722440597655443,54.00343147322926],[-2.8800557048687496,53.98928241452883],[-2.8858475861410917,54.00135710059484],[-2.8844566194490935,53.99908053180336],[-2.889052444001671,53.998881228169004],[-2.884046467794949,53.99729383078631],[-2.8837293432580577,53.99175711179094],[-2.898148193762872,53.9914093293422],[-2.902198673515926,53.99749604876877],[-2.897249452894634,53.99920235384998],[-2.905411092051067,54.006394418288245],[-2.901641007729409,54.01913145204084],[-2.9223725394620077,54.03074622432188],[-2.9123570855983996,54.03331607115752],[-2.9199763395461846,54.03376691428862],[-2.905757360052233,54.039058817613196],[-2.904751397494056,54.04639331842808],[-2.895498181779191,54.04959882923939],[-2.8858412477463564,54.06462797036952],[-2.8730470790757425,54.07355852650589],[-2.838691987038629,54.07925020887173],[-2.81907266394544,54.08823401950983],[-2.815024631852692,54.09443505363804],[-2.81988052525267,54.08818447205774],[-2.824971827525988,54.08786382639767],[-2.827550507122997,54.09220751668249],[-2.8198639943018176,54.09401475913136],[-2.8257739090964935,54.09406873061221],[-2.8257842617915894,54.099440399677825],[-2.8082202895054635,54.10768644820833],[-2.7965714354288473,54.124595653325386],[-2.7846077903038275,54.133854467707835],[-2.792682172178783,54.12784650502284],[-2.8022034442923522,54.130953778912534],[-2.8004248927390485,54.1261880839594],[-2.804167402124253,54.12243098185012],[-2.8186396803304747,54.12246556231158],[-2.8287665619993714,54.13364396419914],[-2.826504716703086,54.142971006833285],[-2.8337232717502596,54.14159089593382],[-2.840062110336799,54.14676662831357],[-2.8351327060683804,54.15038744537134],[-2.8613940451150053,54.15516965009947],[-2.864599884417516,54.16011568019033],[-2.8608805258334007,54.16769109711095],[-2.8626036576639997,54.173420805488306],[-2.86701288197268,54.17450645041373],[-2.8349417806749404,54.17284197869689],[-2.815630549033181,54.18024534332133],[-2.8125779629013947,54.189805812413226],[-2.795215669896308,54.19680785614111],[-2.7712588034589634,54.18723785329807],[-2.746783072755269,54.18904682773669],[-2.734372211447039,54.18432935850756],[-2.7330548357654543,54.16809063033764],[-2.6736321487744945,54.16035319596944],[-2.672397135317777,54.172891967543706],[-2.6496366370345625,54.18494590632693],[-2.6349371968376536,54.199824846632225],[-2.6044338256611166,54.194529884687405],[-2.5571796183742865,54.197275047927874],[-2.5363986483311973,54.20816149515579],[-2.4795529154752463,54.2269761184138],[-2.462419789838973,54.23745984806092],[-2.4643295042245397,54.22086542763749],[-2.473910148037189,54.212934841840365]]],[[[-3.2245446527393193,54.27336892699399],[-3.22649844207848,54.27549344173215],[-3.2245727352235094,54.276077009810464],[-3.2245446527393193,54.27336892699399]]],[[[-3.025569837513368,54.42645627752027],[-3.018234536248559,54.42215271199808],[-2.9718213066381867,54.42371926685301],[-2.9675849910100727,54.41976659721854],[-2.980916753008817,54.41075875613746],[-2.964398829071158,54.4082991560019],[-2.959410186922267,54.40374126577777],[-2.959823164826797,54.39707552697082],[-2.942221812160317,54.38289656009219],[-2.941259613202724,54.35322781261762],[-2.9385222714396764,54.353073851870214],[-2.9498879070542476,54.33664171832379],[-2.9447699179184337,54.32984606539788],[-2.953574032758705,54.32374909773614],[-2.959570578231969,54.30336362888577],[-2.953955422609132,54.29235745216254],[-2.954119117082635,54.27498862047907],[-2.9691684385315753,54.268062744959295],[-2.9533471805914906,54.27309052765225],[-2.9441298698393314,54.31761869426209],[-2.9159198405934004,54.33854473457385],[-2.909987921104601,54.3355879917715],[-2.9004192964509294,54.33744652639242],[-2.9044933882932162,54.302364497077136],[-2.895866292400145,54.30052329330863],[-2.8949581699932456,54.2959427529305],[-2.8808845942654355,54.286407756215176],[-2.886626375573305,54.28033712101523],[-2.884165162823487,54.27412325856586],[-2.89346801759035,54.248437834741296],[-2.8847812636994674,54.24509603933625],[-2.8866330786226326,54.240062812936145],[-2.8735067223794934,54.22625033893751],[-2.8733420822438984,54.22019904324702],[-2.8836402682612303,54.21872397744834],[-2.885706217200072,54.21194142343597],[-2.8755911579162086,54.201586092791324],[-2.883199700105932,54.19942525973446],[-2.8853397716031735,54.19475606619923],[-2.8882270128328513,54.19850739403715],[-2.908982423218257,54.19022493443417],[-2.9198047502307083,54.175424525599105],[-2.9324627071980323,54.16719410327751],[-2.929714923497776,54.1527298293853],[-2.945507634704005,54.16117503555353],[-2.9379931395429164,54.156570386370355],[-2.9669153733059117,54.14983816489429],[-2.9640180035844073,54.14660022918182],[-2.9665360582805054,54.14591306593124],[-2.9925019975918237,54.14914996655017],[-2.995200195132233,54.15451654488065],[-3.0031843138948164,54.15542918422499],[-3.004280332017463,54.160340575410665],[-3.0015216387449795,54.160842659063114],[-3.003212677416452,54.165593597730314],[-2.995910859483894,54.166511743210954],[-2.9960133292000326,54.172563110169115],[-2.99201960667862,54.17034435832348],[-2.9934274543985557,54.177309018616896],[-2.9880702022278633,54.17922366840187],[-2.9931310551895036,54.17843237474895],[-2.9939745491494736,54.172902654127896],[-2.994314929173038,54.175467965805524],[-3.005409234728359,54.17234751006469],[-3.008229268449986,54.176354551815656],[-3.003689520528009,54.17820462624192],[-3.0086531283743074,54.17696044918462],[-3.008814756809653,54.1817753368847],[-3.0132240685039617,54.180914046351226],[-3.0191249208357536,54.18886706341095],[-3.0209022106787033,54.185729277725024],[-3.024267790709018,54.19143111678237],[-3.03603189139498,54.1965647413893],[-3.023668910425609,54.19244206237047],[-3.0333863848991776,54.19633847147342],[-3.016467090219634,54.20023346592263],[-3.013332629262732,54.206533187869],[-3.0307129655607676,54.22744841683377],[-3.0445680487221995,54.22659922915474],[-3.046926308239153,54.23170330352721],[-3.032077237208389,54.24007052851926],[-3.032333085494845,54.24306520663328],[-3.026945660051327,54.23680467958424],[-3.0123982395984306,54.2414949581452],[-3.0293237589427315,54.23814530003239],[-3.0262704541344383,54.24236910900938],[-3.0281197939663436,54.25292327557204],[-3.007664662113408,54.26684520071832],[-3.0280447985714156,54.253179196761],[-3.02783153594545,54.24824526936339],[-3.0371552500194623,54.23982289411571],[-3.0454276762598997,54.24088581690239],[-3.0506681785032685,54.235615941619216],[-3.0517493855798006,54.220686823977864],[-3.031257931314988,54.21195059856258],[-3.036398971656695,54.20614911426913],[-3.0337997046821172,54.2106856499104],[-3.0381656680797713,54.20823819748271],[-3.0382691126999872,54.20325208959907],[-3.051204133463154,54.19903828674556],[-3.0514306882431192,54.189845164594516],[-3.058093164890142,54.1892250207429],[-3.0553655946455334,54.1871482405509],[-3.060405916193762,54.180595099173935],[-3.061578856010837,54.185525077841504],[-3.0572767489534933,54.17176761566904],[-3.059462915774696,54.16186865749454],[-3.076231365348262,54.15415578753735],[-3.0862732418513303,54.13608397657852],[-3.098460077939636,54.128396541114704],[-3.1043523481845825,54.118950862773886],[-3.1693743552765863,54.08210865290505],[-3.1487812195011275,54.0657795836136],[-3.1702410734438593,54.07949606224779],[-3.1715964600120077,54.07393923444729],[-3.1764304896391127,54.07467142856069],[-3.172115151780567,54.081823992045315],[-3.185239711561668,54.09018298965441],[-3.185096364148497,54.096527159134325],[-3.1903975132823104,54.102896690683764],[-3.2134317224875986,54.09787729107548],[-3.218805521228129,54.08958407836834],[-3.2374478532304996,54.10356727477184],[-3.2432215343965236,54.11641291790549],[-3.242707770763358,54.137108198669026],[-3.2363532073387113,54.15575706163044],[-3.2482366150571975,54.154642053665825],[-3.255771149087717,54.167120646107605],[-3.2459533063156187,54.171624599835184],[-3.2256493168186493,54.171764489519504],[-3.2160168590611513,54.177208088178915],[-3.2137456455258016,54.18468024285492],[-3.2214419469362596,54.187471745759865],[-3.2141521638512858,54.18558224372486],[-3.216615450582932,54.18710710366349],[-3.2116643188006413,54.20710730215497],[-3.2044458903832354,54.20872309642009],[-3.2070300551918463,54.20809946507528],[-3.2037077689317512,54.21461288663532],[-3.2016211802514114,54.21300219864817],[-3.203434519572879,54.217557719636865],[-3.1783460121750378,54.23857288880601],[-3.1951542235605492,54.22852670294865],[-3.199292853538375,54.238238633961984],[-3.211322317269734,54.24844667287547],[-3.209613615503166,54.253105735229276],[-3.225654745561461,54.25979600109802],[-3.221235301257098,54.262426078156444],[-3.225781891367192,54.26045899342961],[-3.2214391950888563,54.27929357967355],[-3.225028321544381,54.27678161460976],[-3.2359063667898864,54.29005611013117],[-3.231479817666892,54.303720739375784],[-3.2333409480689568,54.308697031301364],[-3.2293653280867467,54.31271043009948],[-3.2384747347438525,54.31544650968502],[-3.236550220782984,54.318321352416156],[-3.2403135214204997,54.323530833057895],[-3.2172783788600867,54.335872044376806],[-3.218155775675344,54.34442844042301],[-3.2077910301576322,54.35214391064296],[-3.1938522344242064,54.353741874835386],[-3.1929323747802782,54.36204510346324],[-3.18275063662758,54.37301272985118],[-3.180231012518751,54.38150170872946],[-3.1827913466412854,54.38323254956506],[-3.172546530828898,54.38745269296953],[-3.1718764103475166,54.39768247054912],[-3.1568869145471674,54.40854097106799],[-3.0792137475598365,54.41884188256564],[-3.032116647679912,54.41749876639357],[-3.025569837513368,54.42645627752027]]]]}},{"type":"Feature","properties":{"name":"Leicestershire","code":"H10200102"},"geometry":{"type":"Polygon","coordinates":[[[-0.7854837041507735,52.97740619169377],[-0.7777543397004384,52.977209809524865],[-0.7771846362430447,52.958988536105565],[-0.7542687553677694,52.94884402490601],[-0.775332255015635,52.903976738592064],[-0.7753109360930399,52.891912376845276],[-0.763364682639282,52.88476188433776],[-0.7421473980020805,52.88174005773859],[-0.734228446463958,52.8669854141653],[-0.6828828983494475,52.81183721796294],[-0.6797089051823076,52.80519092639637],[-0.6811843352943059,52.79254609186412],[-0.6615865612114333,52.7582802891055],[-0.6792669439675627,52.756711417811445],[-0.6926287769259033,52.746825249086925],[-0.7161075086050687,52.74417224077353],[-0.7164263052641385,52.74099673724702],[-0.7274889986327403,52.738906367207505],[-0.7518173826977107,52.73632735600165],[-0.7757400249486935,52.743267278302795],[-0.8003303304026534,52.73591880798182],[-0.8126893234673154,52.72789721715343],[-0.8188405340189365,52.717059973693964],[-0.7989235994385294,52.7071508246165],[-0.8013289115838655,52.70415356749663],[-0.7957729185560306,52.703165831046455],[-0.7929073497670784,52.695908324407874],[-0.7845781078758365,52.694342195946945],[-0.7808242647742158,52.67085253538735],[-0.7924707575657366,52.66288779448571],[-0.792352042006016,52.65780624274624],[-0.80747359876736,52.64416931831305],[-0.8071726436314773,52.63932252171745],[-0.8002292081364402,52.638696358195446],[-0.8086491746137827,52.62579425393751],[-0.804638835864183,52.62007135208274],[-0.8167183001390932,52.60926538512737],[-0.818107678981701,52.59602829747646],[-0.8147401178420451,52.593056161753104],[-0.7894859272970935,52.597631602665516],[-0.7652994861812648,52.58211454518822],[-0.7570287489845464,52.56526717472664],[-0.737007640864879,52.54827919238252],[-0.7403641000657863,52.54021504397516],[-0.7275475793133981,52.5351143707657],[-0.7287407799951262,52.532506732487306],[-0.720383244867505,52.5258090308966],[-0.7128549306927143,52.52452056225033],[-0.7149725691254449,52.522362005611875],[-0.7329033484487505,52.52029257432863],[-0.755949231538658,52.5107433702257],[-0.7731618427734186,52.51771642649623],[-0.7882919596600401,52.51344373115471],[-0.8037080102638303,52.51827136090001],[-0.8171327238957875,52.515142972399715],[-0.8424551925361347,52.51880927302234],[-0.8610069597417904,52.52748081151887],[-0.866513156359171,52.52609111617979],[-0.869617713015342,52.51875348332934],[-0.8807820684655948,52.513007880593776],[-0.8771908024217026,52.49842097631607],[-0.8812516878929268,52.49237533685508],[-0.8936730301408699,52.49050222190233],[-0.8922182468396205,52.48770660643145],[-0.8959685657329528,52.486516299062615],[-0.8831275980540415,52.48101776762503],[-0.8804493977956273,52.47074584712254],[-0.8865303640855914,52.46981109130046],[-0.8971091919458667,52.45977317043422],[-0.9288638327628312,52.46541349987615],[-0.9332255944874611,52.47359605679915],[-0.9424951333863204,52.47190572852154],[-0.9473589278092028,52.476077007106035],[-0.9644745219423684,52.47618479406683],[-0.9764125100290141,52.46916835391836],[-0.9948836814264103,52.469860324741134],[-1.0355347939092803,52.449269091467],[-1.0391594359349468,52.445577847736274],[-1.0381531068745584,52.44239879938336],[-1.0311615753673942,52.44219421469393],[-1.0312302719639042,52.434639473163394],[-1.0464860474224147,52.421982466155725],[-1.079932842343569,52.435224265461514],[-1.0946246727144502,52.42393575721636],[-1.1234340784264265,52.41609291587749],[-1.1400923014175135,52.39796555533783],[-1.1624602266866328,52.39740093212458],[-1.180749756547643,52.39129666813218],[-1.1843427882553674,52.39477757334837],[-1.2021670124673594,52.39659914169871],[-1.2363434621502383,52.43431383860048],[-1.303424121225198,52.492702978460585],[-1.3926783415132207,52.526529504214736],[-1.4242140340356955,52.52138969134662],[-1.4211559031102012,52.53173050356549],[-1.414900951759506,52.53370981240165],[-1.522608110321636,52.569996950011394],[-1.5256667057679043,52.58051796761255],[-1.5348789838568293,52.5878922265574],[-1.5598238688851553,52.596503356196834],[-1.5534667961373048,52.612907881915824],[-1.5666232007218466,52.621187880407604],[-1.5653114085993074,52.6317388974279],[-1.5712420374443725,52.635046378194986],[-1.5468829977649277,52.64257153385956],[-1.5418950424879536,52.65207195742797],[-1.5512236472644982,52.66822198466546],[-1.5908270873284511,52.68196132893844],[-1.5866223270569693,52.68431805401021],[-1.586836137848966,52.69110485186115],[-1.5949952086198906,52.70065672585143],[-1.572545608379524,52.71116562409],[-1.5631111601141137,52.710175131878124],[-1.5496455209783673,52.71943549086722],[-1.543779099921087,52.73187390992141],[-1.5547793310742632,52.74064426881182],[-1.558696795650651,52.750803199002256],[-1.5517585367747078,52.76154968175578],[-1.5445304598115581,52.76378161527507],[-1.5364647186418818,52.760030210533394],[-1.5025334718303194,52.76791779080595],[-1.4940096068000146,52.759538964658276],[-1.4659459806004778,52.76833498440575],[-1.4627667080704152,52.77177220542669],[-1.4691428642153685,52.781840381738405],[-1.4674858198674485,52.7845765095127],[-1.4419223412627213,52.793821394375385],[-1.4418576206764304,52.80314999938452],[-1.417012422377197,52.80180979628067],[-1.38798403701521,52.83173703990492],[-1.3887190996002,52.83948510916164],[-1.3608700825513138,52.85507874874818],[-1.3487134809426071,52.8535609931231],[-1.3502502067521402,52.856515236604146],[-1.3435154360663202,52.86169470276685],[-1.3429989726757714,52.86690498031945],[-1.3371304318379724,52.863985547668726],[-1.3146219214450685,52.86669402582423],[-1.3056460753275627,52.87512619316323],[-1.3097398041368,52.87846814256019],[-1.288249775690065,52.872075139302176],[-1.267036156380061,52.87268333903861],[-1.2717684334518655,52.860390249573506],[-1.2647852109494595,52.8559749618905],[-1.2717460362075252,52.84908354773963],[-1.2667543255456801,52.83704440257632],[-1.2737042413361668,52.833720120856825],[-1.2700868049979424,52.82363090910551],[-1.2619288082434696,52.81869795891016],[-1.2628178289806244,52.81179216525213],[-1.2566819178945212,52.80305847309023],[-1.2387563059756013,52.80223935525879],[-1.2242069818733925,52.790593152668905],[-1.1979771484815827,52.79277744328624],[-1.1996861804386982,52.790901200860894],[-1.194714366825598,52.78857519906614],[-1.1852282395291174,52.79704915069345],[-1.1682128285660947,52.80413608819222],[-1.1299876718577533,52.80500413475319],[-1.1173069215023026,52.81872372169061],[-1.090937018518801,52.81894079367283],[-1.0724484276793846,52.82343897570936],[-1.0689017816254363,52.82158523138786],[-1.069207448237549,52.810926489385665],[-1.0471718641540968,52.800286564227854],[-1.051815014651933,52.792423319048794],[-1.0468229263839357,52.78145154667536],[-1.0365896214834556,52.806230339636315],[-1.036514714153525,52.81844716402404],[-1.007185501143161,52.82098560159634],[-0.9876872246109812,52.817760079859355],[-0.9794028600150446,52.82119023699174],[-0.9733561327422712,52.83190044091485],[-0.9758105050091743,52.83847653691086],[-0.9731785008002303,52.84193044962588],[-0.9596373490795664,52.843018737701534],[-0.9521092155038671,52.850480965098875],[-0.939349749768875,52.85489849527385],[-0.9392441918852317,52.862063820294686],[-0.9274180081268024,52.86626785461957],[-0.939758448771288,52.87711204163918],[-0.9146233041775104,52.87943472983548],[-0.8571694255637606,52.90494032595014],[-0.8602281853850456,52.915098453794144],[-0.842574868814328,52.92778214590582],[-0.8350264431473237,52.93829338687384],[-0.8220444700555342,52.94263665634292],[-0.832260898639641,52.9450408216103],[-0.8319609762780753,52.950165725220074],[-0.818705778463505,52.96053372481087],[-0.8117234174990133,52.95788966069856],[-0.8080840575020781,52.96656868259694],[-0.7961727746527406,52.97579037101075],[-0.7854837041507735,52.97740619169377]]]}},{"type":"Feature","properties":{"name":"Lincolnshire (Parts of Lindsey)","code":"H10200105"},"geometry":{"type":"MultiPolygon","coordinates":[[[[-0.7741549665682155,53.37877155597489],[-0.7790340313114841,53.38218211730942],[-0.7773761550957616,53.38142525316838],[-0.7741549665682155,53.37877155597489]]],[[[0.19432564361411975,53.44720839476119],[0.19395092307193534,53.44744816742219],[0.19418971512922867,53.44761011296965],[0.19432564361411975,53.44720839476119]]],[[[0.1940739943693066,53.44802404773739],[0.1933420563379101,53.448405243786716],[0.19364565041845216,53.44868469635301],[0.1940739943693066,53.44802404773739]]],[[[0.10660754719432265,53.48625823327797],[0.10523472154403576,53.486207804602905],[0.10684046327728192,53.48858465870542],[0.10660754719432265,53.48625823327797]]],[[[-0.6892180909209938,53.67793102796193],[-0.6953210271135036,53.65658911881453],[-0.7130501816121408,53.64000403126514],[-0.7117818418773219,53.62537814008308],[-0.6991445424388953,53.61295936935551],[-0.707830943910659,53.607681971177406],[-0.724099946421077,53.60886341020615],[-0.7315619012703117,53.60456208845347],[-0.7381290775847723,53.592382862924275],[-0.7303988074795377,53.582868496563],[-0.7464538195913434,53.56871856401167],[-0.7462714678431857,53.55731913223256],[-0.7372649731479257,53.54434796592981],[-0.741879355535007,53.53696094477894],[-0.7371062791148252,53.52681030337355],[-0.7423914810603156,53.51005279108277],[-0.7517763719273655,53.5004185101121],[-0.7659041240363833,53.49976149254301],[-0.77448817725781,53.48741654726064],[-0.7711193843950723,53.478650779693446],[-0.7839851457259464,53.475273555552654],[-0.7834912647357164,53.46303661155576],[-0.7973409495108336,53.45447731889668],[-0.8692461920215826,53.466081974926915],[-0.8710214673376852,53.46159841339202],[-0.9142361632998234,53.460799619242806],[-0.9178286561214393,53.46541850843975],[-0.8980085165288904,53.47470577897467],[-0.9564811969019523,53.51883649735978],[-0.9381964455124644,53.520459432082056],[-0.9324342872141071,53.5277958339205],[-0.9200419510913477,53.531713135704265],[-0.8883562419931171,53.52805996163279],[-0.8758485612328143,53.53280881327468],[-0.8835444732447923,53.53910839698039],[-0.8816140101605486,53.545554657249916],[-0.893108046300966,53.547527840748685],[-0.8900827916338425,53.56184707892195],[-0.9084924441798533,53.573002641081395],[-0.9049273212213171,53.577684662411805],[-0.8900977916633432,53.572790963409005],[-0.8917176667371112,53.582770937618996],[-0.8855774446956243,53.586092952450585],[-0.8697377809853264,53.578955311828025],[-0.8676610781412014,53.58116712485681],[-0.8586685739374089,53.60421479733874],[-0.8674300755946284,53.613499961890525],[-0.8644612001617744,53.63698295233729],[-0.8388918067595463,53.62768914419667],[-0.8155682655697679,53.63786100634786],[-0.8082817126433564,53.628755025390824],[-0.8123927884675849,53.627383639085785],[-0.8064191588586741,53.624399426707534],[-0.7834338704253095,53.63594416087086],[-0.7715209636929351,53.647457059043575],[-0.7584042990664672,53.6374887893872],[-0.7617549306409421,53.63393821999193],[-0.7591508203959989,53.63120389217431],[-0.7537959315164999,53.63060240495567],[-0.7465613403990883,53.642076909016986],[-0.7516199949185951,53.64795183805377],[-0.7506862838516644,53.65351300710334],[-0.7342199526853295,53.65216911719251],[-0.7241352889720203,53.660559481607535],[-0.7106394038498084,53.6639791207757],[-0.7211903399828142,53.67129765568509],[-0.721216702489443,53.677847053706316],[-0.7062358232684783,53.67806877771283],[-0.6984586854090644,53.68388467592447],[-0.6892180909209938,53.67793102796193]]],[[[-0.5520609521964556,53.690063685777744],[-0.5202962474711998,53.686777044876024],[-0.5215034429164955,53.68344495859991],[-0.5336270695294043,53.6810219552582],[-0.5562645565869307,53.68849892455593],[-0.5520609521964556,53.690063685777744]]],[[[-0.29244089800697237,53.71383916226878],[-0.27496880369110305,53.705862505787046],[-0.2640226546695913,53.69422992004552],[-0.2644818096052225,53.690396774185906],[-0.2359560763130608,53.66331425667483],[-0.20251067202411532,53.637936320799135],[-0.15221484673844127,53.61571236825537],[-0.09784231001391394,53.58396982586193],[-0.07775034045398588,53.576635760952804],[-0.06976326613691132,53.58373306156491],[-0.0590963807148388,53.581781150353066],[-0.031190113921514048,53.5662544657741],[0.010977077347916905,53.534302717848945],[0.02398254296281758,53.51951140403988],[0.03410955407231876,53.51763926394889],[0.040201235133162774,53.51057451579093],[0.04541371403707975,53.51347855824275],[0.04011526222803366,53.51600571336781],[0.0456954048491943,53.513877437886656],[0.040670923101374316,53.51303455622857],[0.042314469537782506,53.50831672431123],[0.04648027959762233,53.5139494159814],[0.049840100362943236,53.507303137651185],[0.05196936430545942,53.50894973516379],[0.046559795487159335,53.51337711836316],[0.05562024954028702,53.51230002631613],[0.055056764198015896,53.50511410946937],[0.05032750132054655,53.506589871351004],[0.05258082955259978,53.505186334004804],[0.06366384282793142,53.51045218233461],[0.05879328726192989,53.508708290369036],[0.05540748576408619,53.51285933787451],[0.06078877936164958,53.51399215721386],[0.05312406375844306,53.51405215002671],[0.05805208610849904,53.51635093721138],[0.05038319145004025,53.514490319181526],[0.052620868219003324,53.51899512238523],[0.040671173552230065,53.52458901616896],[0.04306958109534707,53.52548401666403],[0.0724528788574777,53.516906790694506],[0.07119688972299536,53.51460165290428],[0.08050565829702466,53.510810224680185],[0.08293966551585258,53.51599619539932],[0.09037324402003521,53.5141760619924],[0.08781549860138332,53.514097602926604],[0.09168325163253602,53.51100441580326],[0.08022551134630926,53.50743172975912],[0.08465050734668843,53.4985162652639],[0.0937464792608527,53.49383644142469],[0.08499645675936435,53.49352100983874],[0.10163428314514306,53.492263847523255],[0.09502275537183098,53.48904961847151],[0.10461360823777707,53.490530050820155],[0.1057537897507501,53.486795675980794],[0.09849897504639778,53.48669224983758],[0.10690106736151897,53.48229600538711],[0.1123145437370055,53.482033173456465],[0.10515015618239609,53.48380053814756],[0.10799150064157448,53.488022182972074],[0.11935248067840486,53.48354583797291],[0.10601391063876166,53.49131458820418],[0.12278379420476067,53.483433666873324],[0.1118002917211328,53.489734290184465],[0.1175315511825625,53.489416159939786],[0.11482027602075925,53.4897986576838],[0.1193993323031151,53.49488389887545],[0.11129215450386548,53.50174838626926],[0.11308097776196031,53.503663370258415],[0.136502242366494,53.496136590030076],[0.1294467096079154,53.490416410996666],[0.13159275744693097,53.483846865776435],[0.1452017455411342,53.48151458706747],[0.14846875765240167,53.49327497106773],[0.16365531655461352,53.48300523711656],[0.16902091241031533,53.47731800520085],[0.16090796884314737,53.47691405738518],[0.1628663550287073,53.474669248503574],[0.1749878002166093,53.47000831150712],[0.18555806822512894,53.457907137955246],[0.18274011312368063,53.457817111542276],[0.18344153155082019,53.45277308440532],[0.19283032393918814,53.44958173174768],[0.18691446980192644,53.44880275876057],[0.18661928128852984,53.44352659088412],[0.196375283088375,53.44212560540241],[0.20213987817568513,53.436531036602176],[0.1930409415955143,53.43981404262608],[0.1895356131695841,53.437391332910195],[0.19691138952889345,53.42957713333719],[0.2055420221093493,53.42959514582158],[0.2134198708446432,53.422341566611564],[0.20715154043242073,53.41800592113307],[0.21217841698995088,53.417218720604914],[0.19205439551641365,53.41784440644696],[0.21224751589259822,53.41666536948835],[0.20529121365080044,53.41399322108953],[0.2102384815786762,53.41527742685046],[0.20845835248022054,53.41043426955356],[0.21310481256067498,53.41563973081266],[0.21266813483626523,53.409868069502274],[0.21865140637547614,53.413163906305684],[0.22946521399231257,53.40598587545762],[0.23465875856054932,53.39741958390143],[0.22903416128053516,53.40070688171065],[0.2279279854699548,53.398281826662476],[0.23725869071079417,53.38985660595218],[0.2446468269462074,53.37221835840318],[0.2905408837919047,53.30600749914503],[0.31746857909009196,53.27672305292664],[0.33829412717083,53.241191064942825],[0.34240916287352974,53.220343225406964],[0.35686845783583127,53.187412367430746],[0.35107251479444224,53.15401613421137],[0.35194127802126673,53.13720978757646],[0.34417444248098816,53.12111694015135],[0.34467458652792393,53.1101780355251],[0.3395271694313613,53.11068670812166],[0.34430383148870547,53.10830777963957],[0.3417676562478026,53.09716608592814],[0.3281046651510317,53.08934670192274],[0.3224957390803353,53.091837453776385],[0.3281787849933298,53.10037231310565],[0.31880312182834547,53.0932520183249],[0.3219870049813345,53.09692434093686],[0.3200561726984594,53.10160194343493],[0.3068655901879523,53.11068415985182],[0.3114148194663174,53.104422803688635],[0.32077113614345504,53.100895606438996],[0.32189557706407046,53.0958371786886],[0.31807633669698654,53.09234806789261],[0.31330968480889526,53.09504677463661],[0.3130141135508477,53.091375645410814],[0.29877341693934895,53.09438076780641],[0.30580226962241025,53.09148417127565],[0.29303919963230207,53.09166701455103],[0.31142191890803833,53.09115481195434],[0.3012723101414083,53.08763154619758],[0.29136890685441114,53.089384644197345],[0.3006981952797289,53.08770469630552],[0.29378237290467124,53.08297801944803],[0.2888501397418943,53.08734965739874],[0.29280133256172,53.081941260457036],[0.2834686038646656,53.08627421606899],[0.28950113854489906,53.08191670139406],[0.28476468759782836,53.0798694506662],[0.2790752316956427,53.084166199893524],[0.2833523110579275,53.08162394848059],[0.28178338078560894,53.07909490848793],[0.2917105387266176,53.08119884216152],[0.2829868175715743,53.07567820563235],[0.2710009957749047,53.07944692069401],[0.2820909811799964,53.075735860448454],[0.2634483109792362,53.063630870856514],[0.2524324047715002,53.06286886182922],[0.2629958438613772,53.063286092667646],[0.2546612818200486,53.057130161894015],[0.24753045269653204,53.05490202527241],[0.24680111808757832,53.05901168378494],[0.23709777921287684,53.04881419602576],[0.22654749209447425,53.046783067646174],[0.2086649183208821,53.035536655322865],[0.2152295323099505,53.039597630887215],[0.20026507282918643,53.03401807706038],[0.1665716118966024,53.053408898783815],[0.1501705490636656,53.05807211390748],[0.14349483167767152,53.08270750718586],[0.13695576711605628,53.08632493494585],[0.08954979803362893,53.07158933488681],[0.03900659054038295,53.06997432492331],[0.0479680262725569,53.031967441786186],[-0.00571492567925129,53.00192627631315],[-0.0505755689591537,53.00467160480313],[-0.061405537233705634,53.009481075710546],[-0.08736363607658662,53.008762179721174],[-0.09982376795569005,53.01082120796587],[-0.1006798589497395,53.014920427105416],[-0.1125416829951037,53.01156244370275],[-0.11496215008224396,53.009025330417124],[-0.11067450736670136,53.0075287374073],[-0.11558492404035872,53.00531691778369],[-0.13323166452004961,53.01262360013565],[-0.1346099914786842,53.03957334893092],[-0.139808942125813,53.041457290700976],[-0.13782755274845762,53.04381492138679],[-0.15002297273833246,53.04467258038091],[-0.1638608442849398,53.059363480996595],[-0.1920963961226865,53.06907224688551],[-0.19532935977399823,53.077459120094844],[-0.19332336192573152,53.08442534015774],[-0.21030097358916977,53.090663666867854],[-0.21532495756331882,53.09701223402583],[-0.21571707019084554,53.106734594281704],[-0.2215635209035507,53.11131070864982],[-0.22231547458073217,53.12647331395179],[-0.23357277513468983,53.13497856281087],[-0.24837871766171934,53.157349053457246],[-0.2574299245019232,53.161426998997854],[-0.2726082128423181,53.17714263262561],[-0.3153029950244924,53.18712426890448],[-0.3250899678688766,53.20190554412541],[-0.3423261018605207,53.21620736299013],[-0.3479198791303896,53.228173039761224],[-0.3561911553907269,53.23002744550451],[-0.36249021616360694,53.22658495524132],[-0.3772616377630122,53.23312054045652],[-0.4856454363079471,53.227373257787185],[-0.5164157226937824,53.23021981937606],[-0.5220678160793253,53.2288456326923],[-0.5241565418481238,53.21765418690677],[-0.5347426483495216,53.21182229530641],[-0.5355786517594877,53.20768869066934],[-0.5453283952901016,53.20639882802818],[-0.5485050240463779,53.18842323483493],[-0.559318630206882,53.18878545351048],[-0.5842958798508305,53.20171514345061],[-0.5755786855624128,53.20838460369545],[-0.5819064200804023,53.210169997003376],[-0.5766487261457512,53.21675085489232],[-0.5831251484992921,53.22011159749107],[-0.5629415568345829,53.23433392898366],[-0.5900356057280527,53.24507430154383],[-0.6085125566807515,53.2573635437364],[-0.6384824951179698,53.25530378004694],[-0.6383269467257704,53.25816549318952],[-0.6600701674200444,53.26204571809881],[-0.6676952583298726,53.25725213429413],[-0.6646959645107596,53.24796535775363],[-0.6594662635305922,53.24449727838334],[-0.666481680135702,53.24262951775658],[-0.68470000135995,53.25686191663515],[-0.6955012095710892,53.2588309526003],[-0.7315519055477767,53.254012254002454],[-0.7319702429845107,53.245252688478125],[-0.738211679852972,53.24392483587509],[-0.7753449354061589,53.24916122204616],[-0.7763913275476672,53.25152116394935],[-0.7683170140518117,53.25231907490832],[-0.7710306764362802,53.259943083990095],[-0.7621146167771726,53.27155275918514],[-0.7750805874065982,53.284173405331856],[-0.7603387831151017,53.29892261647514],[-0.7573587831253625,53.292653186430215],[-0.7436098001096714,53.292652083166104],[-0.7474669483038067,53.29534032331262],[-0.7446112390470571,53.30306989459122],[-0.7516865716413772,53.31319627570863],[-0.7485048502248421,53.32461034654315],[-0.7570049042400181,53.32447535193516],[-0.7638370514537731,53.3293121093597],[-0.7545718425212783,53.33990613936408],[-0.762397655034574,53.34707821431625],[-0.7580491192941256,53.354592971836674],[-0.7721452174144037,53.36443483754461],[-0.7875886349871863,53.36289985181676],[-0.7849431693403898,53.372575217741726],[-0.7737171903573096,53.37883269724457],[-0.7875073983486943,53.38518490839627],[-0.7765554024102728,53.38844540217802],[-0.7748357072827164,53.395804238722306],[-0.7867172726434698,53.405340434892594],[-0.7892378040484014,53.410049570915184],[-0.7862667540210677,53.41425737816458],[-0.8042955036317507,53.41822051827807],[-0.8158372105609143,53.426376297241966],[-0.813958827800277,53.43129323762496],[-0.8180765474390523,53.438868670154385],[-0.7833131744757089,53.46194160114173],[-0.7829628300572534,53.47508515291338],[-0.7688539211076173,53.47986090207591],[-0.7724825046306038,53.48974417197364],[-0.7654234631802259,53.49881616727277],[-0.7511236049098918,53.499542341187265],[-0.740856963860481,53.50961949736491],[-0.7353196490986095,53.5255022428912],[-0.7401848474267773,53.535581111785724],[-0.7352852431176669,53.544885325575024],[-0.7438227480660727,53.55751458291645],[-0.7440236719604106,53.56897805415833],[-0.7287094839595722,53.58116673143307],[-0.7284655982736977,53.58627225022503],[-0.7355383699563847,53.59370011060607],[-0.7264391396939834,53.606180562895844],[-0.7041255471110659,53.60660715479204],[-0.6967205706222761,53.61214097809153],[-0.7086199737594266,53.62556612687658],[-0.7100345335065317,53.640322179207956],[-0.6940333962519141,53.65212506885765],[-0.6834496076142207,53.67213758475661],[-0.6838919526401988,53.680045470203154],[-0.6927627650161748,53.69479792641361],[-0.6105827706694996,53.71435010541422],[-0.5841000943118593,53.693845857820115],[-0.551867808396919,53.68064157994427],[-0.5218539633815633,53.67672289792776],[-0.5004111358789773,53.681094286396274],[-0.4679246317013295,53.697899174626336],[-0.39226470150673076,53.69745046871097],[-0.32941745392933375,53.7112247368401],[-0.29244089800697237,53.71383916226878]]]]}},{"type":"Feature","properties":{"name":"Norfolk","code":"H10200109"},"geometry":{"type":"MultiPolygon","coordinates":[[[[1.6454031863534067,52.58717268414863],[1.6499977767689311,52.57593037790734],[1.6365774271331115,52.572904788360255],[1.6347336095661786,52.56049626367087],[1.6076278490922096,52.545012005792834],[1.6094353591816193,52.540630346004356],[1.622626467041113,52.539182491405455],[1.6217893601174815,52.53433306394088],[1.5830613419156088,52.554488256964035],[1.5957219145061177,52.558230180091925],[1.610845217155481,52.569725325993616],[1.611068874826681,52.573862731917814],[1.626401247522966,52.574116825732546],[1.6454031863534067,52.58717268414863]]],[[[1.7184499528550246,52.61008061810029],[1.7267157621934814,52.60309973607571],[1.7274156721628318,52.591743837902314],[1.7341180020605882,52.57383939031734],[1.7383433329306135,52.57161345120134],[1.73388021114054,52.56880471796371],[1.7320740540288224,52.556368897653336],[1.7112101501700607,52.55500127710487],[1.7077174635704677,52.561390207727435],[1.711309586661267,52.562881018463905],[1.7094414771045938,52.57247181238641],[1.7143824775375383,52.58794861193683],[1.7095125374483768,52.59949432382269],[1.6987280321872256,52.60069450589448],[1.69839748553231,52.60642244912548],[1.7184499528550246,52.61008061810029]]],[[[0.16543625471950696,52.72494740207282],[0.1677641310452571,52.72240599495584],[0.1573910148620372,52.707114865495946],[0.1547465704781746,52.67979650320658],[0.14923727611569576,52.677369481033516],[0.14227723240121465,52.69932137509078],[0.14624766335824504,52.700389596598455],[0.14927777369078632,52.70555108645176],[0.14506236360319938,52.70713901140126],[0.15081979448283875,52.711486438922385],[0.14657611681224664,52.71264104644446],[0.1442701834634491,52.71945653206551],[0.15089358853213733,52.723969543919246],[0.16543625471950696,52.72494740207282]]],[[[1.4841344919174182,52.692924124043266],[1.4836165273182278,52.692759461485764],[1.4841182606335441,52.69351917752913],[1.4841344919174182,52.692924124043266]]],[[[1.5428721300900112,52.704075000567045],[1.5436624206155025,52.703429783037286],[1.541607704928413,52.70405975083153],[1.5428721300900112,52.704075000567045]]],[[[0.31875129833929516,52.816221796567085],[0.33361575193729043,52.81178209627037],[0.32932156427222214,52.80957789854319],[0.3368061044846945,52.810002624037686],[0.34035844367363816,52.80347506182399],[0.3379275116265983,52.80446271747774],[0.3421467481212611,52.807178860017714],[0.34711552130462414,52.80446112506614],[0.3410046815995446,52.79970612850568],[0.3502175100305051,52.80326394799467],[0.34830798491874065,52.801505055409294],[0.35303461248884527,52.80245452329223],[0.3480374836193448,52.80111114121129],[0.3601090149075698,52.79817469817268],[0.3588988480806449,52.79563498930308],[0.37043906990421355,52.78787991216111],[0.39359014858315794,52.748773442134144],[0.3890119784019679,52.74167253482476],[0.3587202892916295,52.71985323521781],[0.3511864383596685,52.702151585498086],[0.35578369440174784,52.70515826227524],[0.37298999696025203,52.69176293248515],[0.37363578330573466,52.686725758064966],[0.3616216609561005,52.66669982268842],[0.36942489094794095,52.64060075945181],[0.3640819273886002,52.62028490862504],[0.3662448355959207,52.61187029660965],[0.3602000327334537,52.60213033096231],[0.3425901717915157,52.5902139186707],[0.34137814380711673,52.58207782434485],[0.2636071728800868,52.512674859117496],[0.2466895371750302,52.502144587999126],[0.2106001357017446,52.51874388803667],[0.2238766534508382,52.52107286947634],[0.22923018306803813,52.531972995722676],[0.2230646011380621,52.527890261078774],[0.20855106992467803,52.53174593668811],[0.21604036671502294,52.53712824229218],[0.21035263019497177,52.542180028194764],[0.2173591106566589,52.54782026013288],[0.21318678953865436,52.54636483997633],[0.20758787290802494,52.55420702574021],[0.22075414673632882,52.55653511144545],[0.22137385773684426,52.55987520864573],[0.20798137157576752,52.565970748743105],[0.22249726027769123,52.57319160560094],[0.21696530044234874,52.5808752820242],[0.21143188986362646,52.582044129995644],[0.20925911782001064,52.59107167276909],[0.21554459131817477,52.60024748623193],[0.23653237010740338,52.610081121978546],[0.23048315755164528,52.618637306117876],[0.21431360686469747,52.62500709680857],[0.2095509713296526,52.63007258303282],[0.21440990398107007,52.630370755677575],[0.2090853051509524,52.63886949998774],[0.20193424263175913,52.63939861653726],[0.20557047412900356,52.6349878515371],[0.19158494359606387,52.63422766997658],[0.18195636176069022,52.64105736016544],[0.18648589417055192,52.64491843849541],[0.17576733602617847,52.64314871382104],[0.17122029491973406,52.64745270567613],[0.16298931802351704,52.66198837390262],[0.17388032049522462,52.66342508373884],[0.1681347573358602,52.66815838276156],[0.17098295440246275,52.670112659331984],[0.1688745245969396,52.67538429918454],[0.16248662308484355,52.67947429699327],[0.15566590921681245,52.67783712236524],[0.15843363142797484,52.706971787714146],[0.16780104936040424,52.720712001734086],[0.18128008506937926,52.72601475860678],[0.18570654253802146,52.73466790284696],[0.19415608880245497,52.73700326553298],[0.1978625113132049,52.743053077098644],[0.2714911186988177,52.77383833299569],[0.24512688569101732,52.784692602928516],[0.26530957146383966,52.80946414878842],[0.27994684890700644,52.80964235514948],[0.27514228945688346,52.81119046660449],[0.2964833742310296,52.81620081047999],[0.32211776454341423,52.81360838047064],[0.31875129833929516,52.816221796567085]]],[[[0.867589046449994,52.960092875803866],[0.8727538245985568,52.96011016292337],[0.8610234999040357,52.957223147234586],[0.867589046449994,52.960092875803866]]],[[[0.9981387019101964,52.95848339021135],[1.0005684982176475,52.95778347514412],[0.996266478183382,52.95675978966985],[0.9981387019101964,52.95848339021135]]],[[[0.5353847917345474,52.969391558273244],[0.5329959550911092,52.96932291084469],[0.5349506060930505,52.969786618107904],[0.5353847917345474,52.969391558273244]]],[[[0.7385035006344204,52.964500696413964],[0.7334681121905243,52.961535637108],[0.7349950300550198,52.96547903783196],[0.7385035006344204,52.964500696413964]]],[[[0.9539584574867193,52.963131243680124],[0.9644540371177589,52.96057189183725],[0.9497085673425105,52.95879674559333],[0.947557516647788,52.96325429546864],[0.9539584574867193,52.963131243680124]]],[[[1.0004134102195648,52.963971432411036],[1.015984615456759,52.96317232077738],[1.0184233629869734,52.95708818422699],[1.0089342377062305,52.960057666565696],[1.0137749804716039,52.95866861269819],[1.0020582709524581,52.95718821842289],[0.98877818931038,52.96260637411226],[1.0004134102195648,52.963971432411036]]],[[[0.8696410689586427,52.96710040897704],[0.8771976457724362,52.9664472544864],[0.873419503389235,52.96015492294796],[0.8663336538936596,52.96257027217494],[0.8696410689586427,52.96710040897704]]],[[[1.0285793937099381,52.9643339798362],[1.0277645654204695,52.96429090001203],[1.0279310964580053,52.964819082438346],[1.0285793937099381,52.9643339798362]]],[[[1.0266945254567372,52.96519955804613],[1.0278601472475435,52.965146454750986],[1.0258505414656667,52.96414271730283],[1.0266945254567372,52.96519955804613]]],[[[1.028460946459728,52.96547290666],[1.0299928445802324,52.96488521795298],[1.02856453466643,52.964675220640935],[1.028460946459728,52.96547290666]]],[[[1.0461588853558887,52.965005006359235],[1.0465263273504104,52.96444787058743],[1.0455549218627591,52.964953051351785],[1.0461588853558887,52.965005006359235]]],[[[0.8991779337476076,52.969136931272686],[0.9046825911603533,52.96365674772742],[0.8989946293035053,52.95930259437536],[0.8733757476829421,52.959045591599775],[0.8765366421719688,52.963022397273285],[0.8868044758743263,52.96377335020251],[0.8791114941486301,52.963508607545045],[0.8773219269315765,52.966793187055465],[0.884558599501212,52.964604943609096],[0.8991779337476076,52.969136931272686]]],[[[0.7114406112072637,52.97766588159016],[0.7357118311689019,52.975763199573265],[0.7188452826753188,52.97170873814469],[0.7082257406571628,52.97364738952568],[0.7114406112072637,52.97766588159016]]],[[[0.8736380805115106,52.97870864916266],[0.8808067912214147,52.97620572877376],[0.8866136748617421,52.96839609799579],[0.8939717847750663,52.96996627224797],[0.8854211562575777,52.964807928483665],[0.8654848367558107,52.96833480844536],[0.85979255587778,52.96370641914081],[0.8653289326019864,52.96251267457939],[0.8551258321123388,52.95740104153638],[0.856970911872687,52.963675395104914],[0.8644415998619273,52.96540025896678],[0.8575591271448559,52.9665849793391],[0.8594735622407033,52.96956696476615],[0.8685007168239566,52.978711391194516],[0.8736380805115106,52.97870864916266]]],[[[0.9924263980158714,52.977999741563146],[1.1253965876700347,52.951063381278594],[1.2510276067535484,52.94151638022329],[1.3133317539203624,52.92917595422063],[1.345011161521857,52.919649114166496],[1.4305391000718295,52.88337217081608],[1.4777990647787567,52.85511666706887],[1.5882456843732542,52.8001621517481],[1.660030844856888,52.75546354974042],[1.701610492002396,52.71752435062832],[1.7457238867202005,52.628964251636475],[1.739327574576616,52.587655252197145],[1.7398231351649263,52.58201536728894],[1.743868788673315,52.58083929747445],[1.7407604067981939,52.576361503908416],[1.745350120423398,52.5744269476411],[1.7375035627629112,52.57255397681192],[1.7289046636911234,52.59144862735393],[1.7277896967217001,52.602905770900975],[1.7224347158574518,52.608713876737255],[1.728517319812628,52.62433514783924],[1.7232352362429966,52.62998532043745],[1.7096194552867832,52.6299236141822],[1.6954773402871341,52.6212202237795],[1.6816806586303348,52.629069090041206],[1.6241392442633615,52.633093473366145],[1.6071567137919627,52.623769525790436],[1.5955329098862843,52.628478909582],[1.5929777402921446,52.637628418167466],[1.5709481202249027,52.6372742409812],[1.5684499684914193,52.64152974224712],[1.5713919168666302,52.64804719526073],[1.5600968158870911,52.65021084630962],[1.564225153990685,52.665327394129115],[1.5551936140198857,52.67346358017984],[1.5552303049416007,52.67975918493326],[1.5514149283687546,52.6821126229619],[1.5558322369976745,52.68643360388175],[1.5474527526158146,52.6954139670317],[1.5581690372686563,52.70081252956278],[1.5746088001734975,52.70173775808221],[1.5881047495568776,52.7111659902793],[1.621856317164576,52.71733668879553],[1.6345185514954077,52.725357722576426],[1.6153322708809452,52.71545629111823],[1.6090045189590585,52.7203358972023],[1.6134774475107576,52.71684961867801],[1.5858834646797493,52.71088246214792],[1.572728044111849,52.70130157457527],[1.5529487960028427,52.69927635538785],[1.5369983638166371,52.707195620236554],[1.5505955337453854,52.69961770696803],[1.5463620268014828,52.69281012977939],[1.5512789040627946,52.68619696119355],[1.5475267438362235,52.67963315596683],[1.5282269369867327,52.68196305304579],[1.516518726421269,52.688454193494685],[1.5168777993065043,52.69626663800014],[1.5074532732550754,52.704359357580834],[1.4977416226885576,52.705061272182306],[1.498462979741496,52.70972372323259],[1.5095490624198893,52.71483507978975],[1.5069587127839537,52.72465263643213],[1.5082978376637797,52.7144160967774],[1.498645207446531,52.710260745637655],[1.4971768071024283,52.70527585456669],[1.5072140524385516,52.70427559160143],[1.5162520026664772,52.69682493309293],[1.5150198527073804,52.6893469449148],[1.4962818522764774,52.686982799155324],[1.4843316609977173,52.69387450124397],[1.474841533710705,52.689515508240746],[1.4631846939233204,52.70531678991602],[1.443729901843573,52.70144057942478],[1.4437177206983316,52.69574260783889],[1.435757967882736,52.68925906692791],[1.420334473714584,52.691795100896144],[1.4182966412838562,52.69360254982555],[1.4261744716535247,52.70082090921985],[1.4192291588021524,52.692086066804244],[1.4376494736843617,52.68951809403723],[1.445141599686633,52.70118453943926],[1.463622661109111,52.704583479471054],[1.4753760320241744,52.68880899954747],[1.490067720002351,52.69267653622823],[1.4947227547569357,52.68692268392488],[1.5035549080114283,52.68977758212138],[1.5189811868820928,52.687083028395236],[1.5156668328399039,52.6812842332663],[1.5123245709491075,52.686146387194306],[1.5145835847534217,52.681102317978514],[1.5091170945847963,52.67532225167952],[1.522839375350785,52.685785428791405],[1.528961216411268,52.68134118766771],[1.5510165094628026,52.68081329559974],[1.5635012519801579,52.66630359275176],[1.558626342707278,52.651335407030096],[1.571137687348096,52.64763208447264],[1.5688370216995045,52.63807734385858],[1.5912143577141113,52.63785285725218],[1.5947121753915858,52.62980908416672],[1.6033271884330185,52.624206448632044],[1.6135631226872533,52.62462921853618],[1.6248074538523885,52.63253868147609],[1.6792039249362918,52.62885287096236],[1.6897343517897563,52.62656929404789],[1.6935512756242013,52.621131939674434],[1.7194193685952588,52.630542529871896],[1.7276112845227731,52.62185207000504],[1.7236299793722574,52.618331448482735],[1.7243994296407812,52.61155857980192],[1.7071917978314133,52.61882879630422],[1.6959829932287416,52.61713836385062],[1.6834154416873943,52.60785094882757],[1.66142332488441,52.60378305726471],[1.6381154937590043,52.5815040560854],[1.6294086484071635,52.57963151513452],[1.623824516339272,52.573720843232124],[1.6106536126524609,52.57425322307985],[1.6082712987143097,52.56824495235947],[1.5942668747532829,52.55807111758729],[1.5558001971977735,52.55927094327789],[1.5432910175719992,52.55513344078856],[1.5390576908109739,52.56127642184359],[1.5294763086390262,52.55921937832937],[1.5245848310922108,52.56206734735918],[1.5261935087340437,52.57064675353016],[1.5202155192304647,52.57540833855253],[1.499357149841154,52.57097185299987],[1.4869252001806221,52.58692313545176],[1.4713393946523037,52.58650096412659],[1.464466533489443,52.593645850763],[1.4563516905062568,52.594124179009164],[1.4547518773390413,52.60134182373321],[1.4364832006346553,52.61117205580104],[1.4372361070876816,52.619323992414635],[1.4155130274920347,52.620765240315144],[1.3997477176664148,52.607469593588476],[1.3873080188223705,52.60442176674542],[1.3802691834301404,52.61139709019573],[1.3788718733227485,52.6188991229855],[1.371631779666511,52.62351857412394],[1.3530975817544086,52.62093506752417],[1.3359836212932463,52.62588938734584],[1.3120480293287529,52.61986272447426],[1.305221249241682,52.62477941661499],[1.310683464817449,52.6337294108538],[1.2904452986660215,52.632995838447506],[1.310542959590978,52.63331778455005],[1.3065765400880383,52.62176069667097],[1.3227264849864258,52.62013809543555],[1.3156556997677247,52.61392320533888],[1.333522081852719,52.62528292408901],[1.3508784440356834,52.62071966916295],[1.3718684192809472,52.622790442047],[1.3781875219037465,52.618349166962695],[1.382084286099417,52.606329653911914],[1.3893529672635339,52.603606684871],[1.4017805509218448,52.60786258808034],[1.403515565860339,52.61268802407743],[1.416866203457754,52.620589343848174],[1.4364837222732543,52.61906350829889],[1.4351734667830416,52.610939336499584],[1.4554303805357036,52.59996384562818],[1.4565817595891886,52.59335562399068],[1.4646898289122903,52.59281429462795],[1.47187397150824,52.58591941633467],[1.4876583105230554,52.58559985322351],[1.5002596455097972,52.57022272006278],[1.5202129521677767,52.57479650959207],[1.525705219996952,52.56955323138031],[1.5246860036703727,52.56115951919729],[1.5402621198018271,52.55877648622377],[1.541754116203139,52.553607100461996],[1.5323565184917802,52.551976679219884],[1.5212160528856844,52.541644083420096],[1.4837996479612403,52.53744435022932],[1.520885390018324,52.541347189534875],[1.5346613195722958,52.552559969852915],[1.5563401084951054,52.558897245072764],[1.5740867310449715,52.55827888607122],[1.6284085526652703,52.528256851932],[1.6309651963110576,52.521421731379164],[1.6486838866509106,52.51375423798189],[1.6465564504681365,52.50858080621304],[1.6550035502975695,52.50156050067985],[1.6735387909198254,52.503290509609876],[1.6839466912773713,52.490807811380925],[1.660772926578621,52.46826768733463],[1.6459495201967762,52.471568720968556],[1.6340464098706604,52.462434190386325],[1.6181734025632701,52.46342694458109],[1.5829567080237072,52.47876087824502],[1.5848130168059766,52.47660591195844],[1.5693118438275449,52.47402480166221],[1.5586173078335614,52.45754019355015],[1.5332041383607162,52.46755924958758],[1.5226493711713773,52.465587769803655],[1.5178859072268778,52.47117460827283],[1.5253310924386645,52.46429520212662],[1.5236825293625165,52.462207069247306],[1.505650210118701,52.462609460608796],[1.4849472814662898,52.47146433104925],[1.4675023782798378,52.46503330696524],[1.4608971512713493,52.45749806723451],[1.4451659970793758,52.45572082801819],[1.4233466209787187,52.47065175589582],[1.413184040271276,52.46145023933149],[1.434455083839943,52.455524722787644],[1.4372895567731614,52.449055128964744],[1.4334103053854492,52.444718676411284],[1.4103197633460218,52.444018548642134],[1.392482848402926,52.43718562542633],[1.3949634494039616,52.43483775031611],[1.3919859614656889,52.43322292608439],[1.3649234844342686,52.42646860776834],[1.3599584995722231,52.42226757785723],[1.3630325094044695,52.41295817971788],[1.3489633096698859,52.40831538959134],[1.346974656947367,52.40319230538002],[1.3384365165844316,52.4013805781723],[1.325734269271723,52.389977161728744],[1.3120287318509507,52.38763126812623],[1.2909770043397681,52.39061503436322],[1.273381899061146,52.381679678751816],[1.2617013202540863,52.370667677621654],[1.2351272349526667,52.364163592754736],[1.2152444965148756,52.354357669551746],[1.198386754496251,52.360137673600356],[1.1695287226037552,52.358797116475394],[1.1348200816058747,52.36687816554506],[1.1261076313947067,52.36518993724765],[1.1129416005620503,52.37166476462061],[1.0640154838383578,52.377447839375584],[1.0312253804710243,52.37915077244294],[0.9702667556594011,52.370892013473885],[0.9475460873152506,52.377053165466265],[0.9333895646978548,52.38852016859571],[0.8682669454970169,52.39141832919719],[0.8538289774128449,52.40067573206219],[0.836039947029861,52.40161033102199],[0.8072614457959724,52.390350169750825],[0.7939337887894431,52.392127941548495],[0.7840381639852737,52.38696358320474],[0.765686245262845,52.391080195912785],[0.7489519974752796,52.38175020988392],[0.7396144303872701,52.389001125567034],[0.7410835535234663,52.3945594794528],[0.6957844632802765,52.39707009585838],[0.6701755603505088,52.40663827683149],[0.669179983459806,52.41154992280871],[0.6757053964924054,52.419169158559995],[0.7181302225986785,52.448143597638605],[0.7062204645877631,52.45276671503221],[0.6794596647456376,52.45416388286337],[0.6691180638928647,52.462591825150284],[0.6306985932274422,52.45027310361777],[0.6196208878908257,52.45425563425505],[0.6213029075075901,52.451547568053975],[0.6159704686698327,52.44962390488149],[0.5984626906698862,52.45459869528888],[0.5728094043391448,52.45235051698518],[0.5586364277899586,52.456747028237345],[0.5428879600478035,52.45079854466485],[0.5313194294158022,52.4544457489816],[0.5243327647477056,52.449048538368125],[0.450033902879485,52.44871539590928],[0.4275047251982427,52.43931612679191],[0.42457337556806557,52.4577481158322],[0.40600477921727196,52.46426552867594],[0.383060058439112,52.47998211259816],[0.3676284950261689,52.50030736296507],[0.346960925652758,52.501181579555485],[0.33384539015137665,52.50831955062298],[0.32147889633537313,52.506433843602544],[0.3200607685654257,52.512158651316355],[0.31131330840377475,52.512854854556835],[0.2581904753137464,52.50629803011551],[0.2497812606116449,52.50032071078826],[0.34225181930155935,52.58215496360546],[0.34313082479438367,52.58974728289021],[0.35691354062439407,52.59819490168273],[0.3670153375891095,52.61068043306316],[0.3650582007497211,52.62129059237576],[0.37042106483618054,52.641444132570136],[0.3628798936866216,52.665127080980724],[0.3744983565803946,52.690866714884734],[0.3631923668457159,52.6993561443584],[0.35614184075563327,52.71290282977922],[0.3972206400823097,52.74873965517269],[0.3923119369971345,52.75887284609839],[0.3951839655679329,52.759912868517354],[0.3900270004386062,52.76232445185161],[0.37631174037886594,52.783911753454746],[0.38172913843504125,52.78194520383382],[0.37714835300443195,52.78434911450039],[0.3815220520118057,52.787086849805846],[0.37460626986974066,52.786855923248886],[0.3695748661075695,52.80016847410609],[0.37601405313047576,52.80770135188311],[0.3785802477977237,52.808115739848006],[0.37474602732163864,52.804122514519406],[0.3847467892816593,52.809562039575134],[0.3798571065607269,52.80834462052741],[0.37870793677297504,52.81154115443119],[0.3860131054149787,52.81198077373772],[0.3776425894290658,52.814807935025016],[0.3881900124927722,52.81581816627288],[0.38039878344247186,52.81469870730954],[0.3858320799493694,52.818266623549384],[0.3841526800386898,52.820261677577385],[0.3903685808556086,52.8165962132985],[0.3871853752208519,52.8196395559014],[0.3922859596216395,52.81885967051059],[0.38733760745185625,52.82065625248904],[0.39607875687598026,52.822667034800375],[0.3935004071561766,52.822914218991265],[0.39668775171923276,52.82941447167967],[0.3977022165608485,52.82432754358629],[0.403057648646702,52.82579110034075],[0.3975875025872572,52.82968405643421],[0.4026343326440625,52.830682659942994],[0.4038809079793625,52.826665590758694],[0.4114079841883777,52.828647692849465],[0.40267953504223836,52.83136698108467],[0.4113508097723874,52.82978642162999],[0.4083075164483368,52.833792393814896],[0.41548285881169644,52.830776100130585],[0.41813832106204085,52.831402742921505],[0.4136528787153166,52.8338150698153],[0.4283347833944995,52.83571869518523],[0.4209206243112188,52.838978951553294],[0.4302711808345389,52.84209979764913],[0.43181226329142447,52.83744060931459],[0.43045243056773314,52.84436043196274],[0.43562215215528377,52.84461773652464],[0.436411590942246,52.83961960138458],[0.45349090760395744,52.842660618099046],[0.4459195430383139,52.84712800993456],[0.44710352123970265,52.873342349436776],[0.4702040720447058,52.9022743305802],[0.48119935266523983,52.93115210890676],[0.49866792284510997,52.95283436332065],[0.5379542576384077,52.971601953098755],[0.5329324614779479,52.96948523340103],[0.5354422953964143,52.96922936214991],[0.5413670130920302,52.97403796078858],[0.5362625817592028,52.9740274322108],[0.5388845919685457,52.97446063293501],[0.5626769507434972,52.9761890155699],[0.5705289102391901,52.97376581512282],[0.5633194065898957,52.97327951697093],[0.5675859262206713,52.97076382860586],[0.5654671608785092,52.96924750770039],[0.5780248903037878,52.96365200655437],[0.5849787698816545,52.96587139156262],[0.5769531977861,52.96526517950282],[0.5882209046024889,52.972791787934355],[0.588365927792191,52.96587318016225],[0.5906561099665271,52.970369113378474],[0.5951328764602958,52.96858705718264],[0.5937588450777739,52.965965089212126],[0.6061193865878739,52.96783576290455],[0.6005095328759408,52.97036156268826],[0.5973169328282856,52.967475479545975],[0.5958403058318881,52.969529334460425],[0.6023911500262299,52.97232306731405],[0.5956354127632366,52.97011204789114],[0.58889444262422,52.97453880677961],[0.5909151325094884,52.976141326515915],[0.6183007571194336,52.9732037244402],[0.6210312087208769,52.96894296080561],[0.6157795982762189,52.96880600992745],[0.6182482852435658,52.968197668864775],[0.6256636456667232,52.97063474104002],[0.6218231086254628,52.97218089663089],[0.6240518102985163,52.97360831688702],[0.6648931727249744,52.97757338481199],[0.6764786794058432,52.97355030210272],[0.669698088408915,52.969818817463654],[0.6573690775868438,52.97276613725295],[0.6597858301595264,52.9720213985073],[0.6373820837631313,52.967885941320894],[0.6827190582089971,52.9670793993845],[0.7033126124474026,52.973005676236404],[0.6781710784376689,52.97017937266073],[0.6972659924861764,52.97776820935301],[0.7130544195232845,52.97189328892784],[0.7105566734752111,52.9725438446584],[0.7529318662304237,52.972838347088484],[0.744783343974553,52.96502124447764],[0.739672449797659,52.965955802868656],[0.7488102892029433,52.97012614130583],[0.7380567526559575,52.96739957372174],[0.7394820517593047,52.972716697839616],[0.7342260104976618,52.97219478253335],[0.7370454965352212,52.9678734316822],[0.7313329259810437,52.96187523845092],[0.7337917578655437,52.96111811335935],[0.7606229521019804,52.970282984276814],[0.7569749050885461,52.97264835994073],[0.7609217783175435,52.97501541602336],[0.7531535638182716,52.97590255651109],[0.7579878651898763,52.97765109928367],[0.7765740409698841,52.978080605071334],[0.8138373809901663,52.97055514173318],[0.8246140796885582,52.976516415815745],[0.8162079681719419,52.97608106831743],[0.8141613287131504,52.974598920703144],[0.8354051012762095,52.97782867195351],[0.8539771523160059,52.972783851672204],[0.8543891627976116,52.95686655697796],[0.8719378645445156,52.95582386694878],[0.8783895365921985,52.9597731652371],[0.9091659014541884,52.96197046940927],[0.909326669874496,52.95908682711385],[0.9122264880878297,52.962897327310365],[0.9202533961297816,52.96199336337798],[0.9164687962328256,52.95940720060114],[0.9190179787765966,52.959486672689],[0.9229515688943114,52.960372018761646],[0.9186789122365403,52.96254379367457],[0.9218769519910183,52.965106547513145],[0.9388776687202014,52.960722765975724],[0.9293882414763593,52.95811884894554],[0.9319753111911182,52.956690694914684],[0.9456921580451914,52.96322502798606],[0.9473522973672949,52.958991954246315],[0.9614236226948788,52.95999185293982],[0.9620101825498948,52.95680878950119],[0.9702573519777131,52.9625340859488],[0.9859593345052126,52.963394968131624],[0.9822938778804369,52.96026285352427],[1.017411956568408,52.95514066822241],[1.0182095383584266,52.962012272904104],[1.038291709444034,52.96671568398013],[1.045966908082997,52.96456294938297],[1.04320593446331,52.95344639329056],[1.0477872436032991,52.95944286694788],[1.0479126270910422,52.96490605910074],[0.9987566376899825,52.976374139279216],[0.970468659889248,52.971389279677716],[0.974736464801596,52.97777763894015],[0.959821302209258,52.96877713606271],[0.970472817540717,52.97813615555901],[0.9924263980158714,52.977999741563146]]],[[[0.6801844849644735,52.98802274401952],[0.7507466173199743,52.97935950196294],[0.7166095847200233,52.97665209331921],[0.6973414612234059,52.981943737537705],[0.6846748280998255,52.977409504478544],[0.6807690082515653,52.980691997242474],[0.6857176662079065,52.98653177406514],[0.6832703379853566,52.987246250975424],[0.6653732683516861,52.98193407382545],[0.6666388081372513,52.98663325355225],[0.6801844849644735,52.98802274401952]]]]}},{"type":"Feature","properties":{"name":"Northamptonshire","code":"H10200110"},"geometry":{"type":"Polygon","coordinates":[[[-0.50765348370718,52.64236114960599],[-0.4935346665770394,52.64073284941596],[-0.48801487791733156,52.63365892593809],[-0.4695262254530017,52.62609839122912],[-0.4687617177139175,52.61758804531137],[-0.4779343875356086,52.614135190452025],[-0.4783475781257378,52.60233840699731],[-0.49583788710833454,52.5868590654326],[-0.4744099845273174,52.57307576072383],[-0.4294623271222653,52.58077083694798],[-0.41266389139364046,52.57891341173852],[-0.4124289088288118,52.570888765329975],[-0.4034750633641104,52.565670016604635],[-0.4165076784659605,52.55966698864478],[-0.4156335428076037,52.55538441001336],[-0.41283898222539045,52.550938520486135],[-0.4000366991970279,52.54748646505946],[-0.4012599519321243,52.534346831921304],[-0.4145132396980415,52.530735249904154],[-0.4121907652842652,52.52687705626341],[-0.4023513582583984,52.52124390248547],[-0.391507174906396,52.522555671771414],[-0.3772273251319752,52.51083155970642],[-0.3568056342951562,52.50531749094802],[-0.3500194423923294,52.50726299656307],[-0.34832801272312336,52.50446740715492],[-0.35829737987356963,52.49539112059918],[-0.35728294046059417,52.48951682119278],[-0.3394840148439681,52.47134645716996],[-0.37264989180694835,52.43629640462086],[-0.36094914380587545,52.432998584250846],[-0.4148271730184779,52.411167874307885],[-0.41761487035009315,52.406752990811555],[-0.41492957318401635,52.40337272849209],[-0.4316251898521482,52.39550137296609],[-0.44065941895045607,52.38410947972534],[-0.4532081938155904,52.385231363083776],[-0.46836082400143497,52.379562694214165],[-0.4927320634933987,52.38065995681392],[-0.4867259250924764,52.37362361713917],[-0.49844367643724924,52.36507322198715],[-0.4971977128142999,52.359612611766806],[-0.475351132515858,52.34852531470727],[-0.4817245608681993,52.34050301637981],[-0.46504750077600016,52.337724183785504],[-0.4640762595370046,52.322561297617],[-0.4739525100342488,52.318691351747695],[-0.48744018264350364,52.321963448491985],[-0.5175925696948379,52.31824480503722],[-0.5126841187801441,52.31547425186532],[-0.5191810445683335,52.306676828533604],[-0.540141802045499,52.28940391526211],[-0.5331498735452391,52.28303716783132],[-0.5294284600912583,52.27023873149677],[-0.5360460440839055,52.26703634313208],[-0.5388468506519145,52.25632242401248],[-0.563865280329488,52.25312113943956],[-0.5834534226974283,52.27247599725921],[-0.6019567744577377,52.27905135781374],[-0.6246188357830963,52.27485103560845],[-0.6294187508335986,52.27021697887484],[-0.6430514651783532,52.2719275303292],[-0.6515362645100635,52.26793790041816],[-0.637359446873839,52.22827722200671],[-0.6599391324540547,52.20843410960177],[-0.667348278637863,52.19522357752177],[-0.7024633804156465,52.191312862687695],[-0.734770989295752,52.17161860433267],[-0.760986372602613,52.16178100683814],[-0.7632028920129937,52.16809333426549],[-0.7765450461411311,52.16726203976726],[-0.7825159556521479,52.164297734265695],[-0.780186546941034,52.16165348461487],[-0.7908307714058829,52.15011254808953],[-0.7987868298878144,52.156190523977294],[-0.8259507103295617,52.151878839694284],[-0.8193275322721694,52.14175083303926],[-0.8296623671742644,52.13766329920481],[-0.828597304908437,52.129885886702795],[-0.8789682529951226,52.12420631264116],[-0.8844037365120647,52.110640775930925],[-0.8702886976757567,52.10876712202747],[-0.8673053593470129,52.09868177615687],[-0.8457070162968965,52.08829496749384],[-0.8315727127801372,52.06899289442761],[-0.84168814228111,52.060423248033985],[-0.8549365514605586,52.062278639227046],[-0.8615224925990759,52.0593393726731],[-0.8590113216208365,52.049991132371936],[-0.8529950801325591,52.04844172147946],[-0.8581799656065723,52.04228541756606],[-0.8680996955444275,52.04221027757141],[-0.8792153403800361,52.02700522844012],[-0.8876984890906606,52.028619622329046],[-0.9083473396607065,52.02256901474469],[-0.9243198414879866,52.03834206029012],[-0.9328461393559346,52.06165980618132],[-0.9420019735809934,52.07018136163773],[-0.9382873517633987,52.07468821835932],[-0.9507789058296012,52.08011083265617],[-0.958234681122011,52.078749627545086],[-0.964803076670885,52.07192315163021],[-0.9834306575547542,52.06918748271199],[-1.0366398907423369,52.073441093921154],[-1.028520494448177,52.069392705087076],[-1.026208663767545,52.063233526214674],[-1.0605752913135855,52.06197358843028],[-1.0788572287715683,52.05655638721212],[-1.0820647687644729,52.052006204439],[-1.1212365469886796,52.043998668864],[-1.1347028400384793,52.02761414243405],[-1.1368978914214123,52.019460914225235],[-1.1184901012295452,52.015128036683755],[-1.1354760630428355,51.99724438682945],[-1.1637448712644565,51.992782904849896],[-1.1743209480838726,51.98237356802335],[-1.1989015669515244,51.97707170955385],[-1.2493884010551586,51.98537792944636],[-1.2619413092292675,51.981052613674024],[-1.280724654580009,51.98167110972409],[-1.2818067109666424,51.97886042578127],[-1.281399202065843,51.98442113998597],[-1.2879755344359918,51.989834881294385],[-1.2835139688923813,51.990044145137965],[-1.2832449721973846,51.99873839591912],[-1.2762444231333165,52.003836013278594],[-1.2868178731836202,52.00826775568214],[-1.2870641657472437,52.01125048091212],[-1.2790701293834867,52.011761014700376],[-1.2832013056654736,52.0231869484156],[-1.2915097403467448,52.026888604446775],[-1.2945157530951106,52.03901839018268],[-1.310399551092972,52.050107036196756],[-1.3081630391255776,52.061059165010654],[-1.2992608132302323,52.06885754124884],[-1.3051650280228142,52.07026472769472],[-1.2968771496894391,52.075354950985286],[-1.3157826543765743,52.079517424942026],[-1.3194502684462246,52.08710733666935],[-1.2704943450704431,52.0975277304383],[-1.247052912403229,52.09758309246138],[-1.307058311422558,52.14308654884957],[-1.3049089243778171,52.14514580707803],[-1.330523325824109,52.168071410024844],[-1.3298861201375978,52.17367211486253],[-1.3107190298252365,52.19042688157695],[-1.2560489647661568,52.19705676522614],[-1.2535782573055403,52.19943686895276],[-1.259218228049605,52.215788387008715],[-1.2734878679836537,52.22150202947346],[-1.2730208459560355,52.227687185062145],[-1.281459237975196,52.23669220331664],[-1.2694042190218358,52.23568097890664],[-1.2518729646646387,52.248225811003586],[-1.2360026249419327,52.24899832057164],[-1.215300045966492,52.263258157333745],[-1.2226226694315643,52.28553814984516],[-1.2332407830833512,52.29014012703333],[-1.2236695255961707,52.303077333229076],[-1.2078480027855445,52.31408575924493],[-1.263927048718353,52.32826525634674],[-1.2622845677904744,52.33472602571746],[-1.232780002222625,52.34660039430569],[-1.1759056192585642,52.35591272319686],[-1.1737144169535005,52.3643471156974],[-1.2021670124673594,52.39659914169871],[-1.1843427882553674,52.39477757334837],[-1.180749756547643,52.39129666813218],[-1.161161707814968,52.398004824889114],[-1.1400923014175135,52.39796555533783],[-1.1306548727644126,52.4114358725213],[-1.1137566047142526,52.4200652078953],[-1.0946246727144502,52.42393575721636],[-1.079932842343569,52.435224265461514],[-1.0682874573553276,52.43303725369437],[-1.0559060782971497,52.42240731549461],[-1.0473049168331263,52.42124249888845],[-1.0305871079556819,52.43709054169945],[-1.0311615753673942,52.44219421469393],[-1.0381531068745584,52.44239879938336],[-1.0355347939092803,52.449269091467],[-0.9964424308990106,52.469660857019264],[-0.9764125100290141,52.46916835391836],[-0.9660095169023816,52.47546345577889],[-0.9490262653454482,52.47616685398153],[-0.9408521828565801,52.47199555499777],[-0.9304143321507532,52.47343636256695],[-0.9312155659463909,52.4659290205718],[-0.8986004596731135,52.45911130097522],[-0.8865303640855914,52.46981109130046],[-0.8805720329982206,52.47048232152698],[-0.8820534053819185,52.48036585700993],[-0.8947009844016268,52.48473455723343],[-0.8936730301408699,52.49050222190233],[-0.8812516878929268,52.49237533685508],[-0.877559688264301,52.49707913418943],[-0.8807820684655948,52.513007880593776],[-0.869617713015342,52.51875348332934],[-0.866513156359171,52.52609111617979],[-0.8155737174258358,52.5153979659341],[-0.8037080102638303,52.51827136090001],[-0.7882919596600401,52.51344373115471],[-0.7765775501592289,52.51772200341287],[-0.755949231538658,52.5107433702257],[-0.7258482321387085,52.52256951262462],[-0.7140924403688759,52.5229548780136],[-0.6999772082436156,52.53409374791397],[-0.6966920311761874,52.544418379532615],[-0.6868383975246983,52.545461513850505],[-0.663337435494749,52.56598378907529],[-0.6450013395797863,52.570417789901256],[-0.6439800703306743,52.57350508273892],[-0.6356263841371982,52.57074200118607],[-0.5998080512255197,52.5880009375651],[-0.5844613691963088,52.587292751639595],[-0.5798687873757575,52.59500871743676],[-0.5701967088040353,52.58537447440387],[-0.5584024218695847,52.58624639725361],[-0.5543464684101621,52.593798211954216],[-0.539273370575002,52.59306363053112],[-0.5380314272815298,52.595248436072296],[-0.5496849124930894,52.599662169829124],[-0.5458974078284221,52.606090223488245],[-0.5486249452310216,52.61195864471553],[-0.5370816507290546,52.617438609175004],[-0.5376117141341004,52.62686887070551],[-0.516954143668484,52.64071728094549],[-0.50765348370718,52.64236114960599]]]}},{"type":"Feature","properties":{"name":"Northumberland","code":"H10200111"},"geometry":{"type":"MultiPolygon","coordinates":[[[[-1.7405247183308423,54.97947399723176],[-1.744588849509598,54.9789221587894],[-1.7481942545650317,54.98144597140012],[-1.7405247183308423,54.97947399723176]]],[[[-1.6434224138038307,55.58281561882834],[-1.6425409460029217,55.58289921140457],[-1.646168799071889,55.583858801363405],[-1.6434224138038307,55.58281561882834]]],[[[-1.6430279775298906,55.6171856414073],[-1.6408495556715519,55.616645492477225],[-1.6415733087850717,55.615810079268016],[-1.6430279775298906,55.6171856414073]]],[[[-1.64570978618286,55.616850136588404],[-1.644109891016187,55.616423146050224],[-1.6475356529486127,55.616341384816835],[-1.64570978618286,55.616850136588404]]],[[[-1.6533825076340032,55.61738248174716],[-1.651025767499582,55.61634236765192],[-1.655683203540269,55.61613266658875],[-1.6533825076340032,55.61738248174716]]],[[[-1.6483544415213411,55.62030581532402],[-1.6484423765789058,55.619529645352785],[-1.6498900690894607,55.6203048155899],[-1.6483544415213411,55.62030581532402]]],[[[-1.672487778438224,55.62904893835942],[-1.6739742847114365,55.62945728279957],[-1.6735010828965553,55.62982266728687],[-1.672487778438224,55.62904893835942]]],[[[-1.6227764714364683,55.631846507844045],[-1.6208440886210758,55.631597920036945],[-1.6234522143334056,55.6292955588639],[-1.6227764714364683,55.631846507844045]]],[[[-1.6252586076048818,55.634580573784106],[-1.6196788618972922,55.63332778218078],[-1.622425521768785,55.63266138960151],[-1.6252586076048818,55.634580573784106]]],[[[-1.6229552966565093,55.636383369046726],[-1.6234506786225618,55.63674434424478],[-1.6225100562109833,55.636591382100484],[-1.6229552966565093,55.636383369046726]]],[[[-1.6260771630097357,55.63787207501224],[-1.6250544542510341,55.63699458260023],[-1.6274283090634423,55.637293869535846],[-1.6260771630097357,55.63787207501224]]],[[[-1.6180744319860652,55.639859471308654],[-1.6179595128044593,55.6390970712603],[-1.6213209441063907,55.63914253727823],[-1.6180744319860652,55.639859471308654]]],[[[-1.6285597481410767,55.64045510131449],[-1.626398964807318,55.63878157484674],[-1.6293899223025454,55.639192343204506],[-1.6285597481410767,55.64045510131449]]],[[[-1.6057343876209336,55.641095598199655],[-1.6081600962656422,55.642259021182795],[-1.6054092754586482,55.641193412062016],[-1.6057343876209336,55.641095598199655]]],[[[-1.6092633923204738,55.64395556674212],[-1.608076826477881,55.64359681333404],[-1.6098326321172152,55.64391693933293],[-1.6092633923204738,55.64395556674212]]],[[[-1.6062880128947064,55.64419408019462],[-1.6046983412815865,55.64378817878749],[-1.6081096886005455,55.64317007582233],[-1.6062880128947064,55.64419408019462]]],[[[-1.608932742174209,55.64636195487438],[-1.6083667442386398,55.64575357186451],[-1.6100125875993159,55.64579565709966],[-1.608932742174209,55.64636195487438]]],[[[-1.610872965258064,55.64588555572167],[-1.6116867856190766,55.64638098935014],[-1.61121484057235,55.64634224675489],[-1.610872965258064,55.64588555572167]]],[[[-1.7901133589851417,55.658125573014715],[-1.7829719130618116,55.647998197809294],[-1.7880109135660722,55.64743817335231],[-1.789250390617834,55.65543360437908],[-1.7936975602026755,55.65786655455734],[-1.7901133589851417,55.658125573014715]]],[[[-1.7957827305117113,55.68723260667767],[-1.7774628933909473,55.68517347839686],[-1.7791110434183621,55.66791118065842],[-1.7924479101099762,55.67053597428845],[-1.7999543318889257,55.66808260801268],[-1.8053388246288367,55.673341929409354],[-1.8044734523161503,55.67818953015543],[-1.8146947899100418,55.68254303699003],[-1.828117774413098,55.68352858036219],[-1.8404483384785424,55.678736691859754],[-1.8533006119933493,55.68542768789009],[-1.8495059214941125,55.68816928376532],[-1.8246864656368036,55.6846928370688],[-1.7957827305117113,55.68723260667767]]],[[[-2.1275093441584394,55.73905884997926],[-2.1209649926694185,55.737706762495684],[-2.1288839242139894,55.739048429801294],[-2.1275093441584394,55.73905884997926]]],[[[-2.1100191518476628,55.74889736789832],[-2.10881800742065,55.74828209270434],[-2.113130803538647,55.74865047088053],[-2.1100191518476628,55.74889736789832]]],[[[-2.0708489754092736,55.76095342381303],[-2.063369045141881,55.7605926719274],[-2.0725594779569656,55.761188760424815],[-2.0708489754092736,55.76095342381303]]],[[[-2.022576227731094,55.77119704088676],[-2.0262305709473605,55.76967407286647],[-2.0136364621011715,55.771707868417195],[-2.0027556296065097,55.762116842701545],[-1.9915643001422552,55.76152080594897],[-1.9575788283838915,55.732541629716806],[-1.9108910428271737,55.705329902693514],[-1.8835583245369965,55.69494684905172],[-1.8786265933324295,55.68555058732221],[-1.883879199911894,55.684926631895486],[-1.8711122823606,55.681695929355314],[-1.8681383416581898,55.666005502957965],[-1.843849399347833,55.65097714454069],[-1.8392780583240216,55.642596930999396],[-1.8099335720021321,55.63381222346442],[-1.8017010467881387,55.63550299806705],[-1.7889947753766036,55.64651427233967],[-1.7815054232258576,55.643380237010554],[-1.7631020725273727,55.625233281999826],[-1.770874285690892,55.617154056934076],[-1.7827917910624838,55.616795615102546],[-1.7733769817102576,55.611891813200074],[-1.7690941515920293,55.60366221554214],[-1.7399135390359866,55.618362093035586],[-1.724521659996887,55.6167729587291],[-1.6899948307555628,55.60590782678645],[-1.6638018077109602,55.58644888335233],[-1.6378040248098449,55.57822326271601],[-1.6487552402363927,55.572418671205035],[-1.6443607414604677,55.574138353363026],[-1.6324463046434337,55.56063521438618],[-1.6252208703101612,55.55777990422349],[-1.625045284408397,55.55357460778011],[-1.6173278424393545,55.552110223868254],[-1.6322057412963997,55.54887391261913],[-1.63445380961951,55.53841767694834],[-1.6244658411039106,55.52771779338948],[-1.616998813559567,55.52643927272953],[-1.6172041298656565,55.52242563731057],[-1.609311856387236,55.52166472769755],[-1.6166561895096405,55.51491478338991],[-1.6111361860335154,55.496543824563595],[-1.5903289552308428,55.492269840607975],[-1.5911254725474364,55.47474314037067],[-1.5872629645645147,55.462972998952864],[-1.591312893941562,55.45662675451349],[-1.5853361998321032,55.447620917295644],[-1.5910948432202618,55.441167212327215],[-1.5838667771969976,55.433554514635915],[-1.5737714806008134,55.43125332971446],[-1.580293815684633,55.417406734841116],[-1.5774981431222832,55.40860632635944],[-1.5893494766688983,55.404023027516395],[-1.6066736753244835,55.38664843961741],[-1.618224397051049,55.38765831503651],[-1.6172520090196676,55.3938605917618],[-1.6075009743540196,55.39492786344416],[-1.609075591838282,55.39713015664748],[-1.622427606000016,55.39785329542444],[-1.6080370971775497,55.39548046808141],[-1.61599196640622,55.39549491876606],[-1.6216398838723933,55.38889920203733],[-1.6136410966355064,55.380408700572616],[-1.607697440256405,55.38433495058408],[-1.5984902333957367,55.359347970144206],[-1.5857721787368342,55.3440612586418],[-1.5703501493741048,55.33965099161525],[-1.581881106541848,55.338889586850314],[-1.5935178698278967,55.34455457741554],[-1.590274973215165,55.34064527824604],[-1.5927729430441713,55.340462208257435],[-1.6062619419578965,55.34450103641781],[-1.6075409782352739,55.34959345625841],[-1.6125179124513256,55.34917348515282],[-1.6136192894649002,55.344422067061686],[-1.6236910952312895,55.348445417381015],[-1.6143076725091567,55.34401264666199],[-1.6077088496487746,55.34904491204305],[-1.6057632532041417,55.343902706342085],[-1.5823417642009228,55.335568740241456],[-1.5688610947640231,55.33692746275368],[-1.5489032626291175,55.32293392745015],[-1.5481072966793243,55.312802104507064],[-1.5691322203580873,55.29095430674081],[-1.570255016861716,55.277022407840064],[-1.5527527792629816,55.24724698011385],[-1.5245008886555595,55.22774899782434],[-1.5274322953164399,55.223325304048366],[-1.5248604039469016,55.21618502969063],[-1.5103696697710238,55.20025485667402],[-1.5001182471583634,55.196274258098136],[-1.5034923909722553,55.192535046874916],[-1.499037435151536,55.186250155909164],[-1.5122085340066065,55.18196009688341],[-1.5116718839217451,55.175113398093494],[-1.5241643196683716,55.16225734843094],[-1.5385971254417286,55.16196321240338],[-1.523320945710042,55.16044853920207],[-1.5138648452615473,55.14265178133323],[-1.4876948198933893,55.11904578763876],[-1.520326757945616,55.14350689122754],[-1.520398802716249,55.14063938539743],[-1.5307424445574582,55.13906196296371],[-1.5567800837708838,55.14635988557373],[-1.5327147749197134,55.13823373807745],[-1.5663682797212768,55.1313921987002],[-1.5269130572565457,55.13678689967845],[-1.499971503464532,55.12832400878452],[-1.495675511158773,55.12508890715973],[-1.496466887809183,55.11857709156048],[-1.4913140376117724,55.119163519682985],[-1.4967526657230668,55.11376144721322],[-1.493738598946061,55.103517058208006],[-1.4717807156323344,55.08430803920576],[-1.4772113635501007,55.079355241117774],[-1.4748960013793664,55.07768264290979],[-1.4762978396214241,55.08165024981775],[-1.4699038489402816,55.08536846673595],[-1.4519606467946506,55.06982290638814],[-1.4533258634935764,55.06365390444211],[-1.4474628666509448,55.05138855915135],[-1.4279277802070949,55.03809239021468],[-1.4303500195994754,55.03380870993157],[-1.4268923216967624,55.028296729009305],[-1.411393209044688,55.01630406084049],[-1.4398665492183493,55.006681460094605],[-1.4471010653516592,54.99298005995306],[-1.4540508446966411,54.98872536734694],[-1.4997351536007673,54.98853265205969],[-1.5145721213997059,54.99608820075129],[-1.5016846780425965,54.98988246464385],[-1.5290160491233507,54.98481373707178],[-1.5351204195267083,54.96602218718824],[-1.549659565385485,54.96011017797889],[-1.5790630969984214,54.96598808577313],[-1.5891487213130961,54.97526335857911],[-1.5868383410954334,54.97049493943179],[-1.6338201146326476,54.960112303468776],[-1.6823759474812927,54.96584162217025],[-1.7074863003464449,54.97406777480274],[-1.7104209490340578,54.97422578333575],[-1.7010427968671513,54.97239664779619],[-1.7104128295005938,54.97372586988451],[-1.7064624172652887,54.969514864199084],[-1.7171091645845338,54.96785424845834],[-1.7230292723238922,54.96974981486325],[-1.7250021667777797,54.97549986918126],[-1.750715927892852,54.98422710917579],[-1.7931965394165985,54.98247309092802],[-1.8026072841908283,54.9783936179519],[-1.8084195189676335,54.97012897246251],[-1.8217851573395076,54.96549837216446],[-1.8215079653949782,54.95634160031492],[-1.8299502301877166,54.954109120548566],[-1.8287590832086018,54.94467470777375],[-1.822575117503671,54.939434097911416],[-1.8265428552079643,54.93123270677349],[-1.852953746834842,54.92708391716437],[-1.8499186499021443,54.91614092294753],[-1.8188793871074151,54.90445269051306],[-1.854218551740036,54.88938007381329],[-1.847555774878123,54.885485409759234],[-1.8580163272261445,54.876684248679254],[-1.8583291825377295,54.86914136258622],[-1.868701470412785,54.86165300896611],[-1.8648553380856836,54.855290178480296],[-1.8690514682427515,54.849354635021704],[-1.9107850230605796,54.839928675747984],[-1.9079885290881533,54.83813471375217],[-1.9107226356574085,54.8337997406262],[-1.917746378814367,54.834154089700306],[-1.9188782989023248,54.84037698457748],[-1.9276416400618053,54.84176490599549],[-1.9200872276206085,54.8447507450513],[-1.9312459425581818,54.84998939345572],[-1.9310517583372453,54.853681998224104],[-1.934082243199823,54.85089588922186],[-1.950807080980042,54.85364105237669],[-1.9757988046790302,54.86830372464918],[-1.9986223250829125,54.86894872774659],[-2.038044906865462,54.848117779969456],[-2.068417339379653,54.84344110383984],[-2.074504218727568,54.839229145139754],[-2.0947624458900846,54.83654069337492],[-2.133430990938757,54.84184684513708],[-2.135826463382693,54.832760666813655],[-2.1434844890824314,54.825011951034206],[-2.161783679979509,54.817282166805924],[-2.168463825778602,54.80371597825173],[-2.176470684034344,54.807541149225074],[-2.1971628899127746,54.807053184893235],[-2.2156676440134224,54.78229641772592],[-2.2323062911693095,54.783310508587476],[-2.2355916541246157,54.78712613566401],[-2.2822606188430785,54.79811833276999],[-2.307367953907851,54.790688661229844],[-2.3208710015081118,54.79385103865873],[-2.326038460863447,54.8042903668111],[-2.348354184947439,54.80663647541409],[-2.3743052367216353,54.82900563689317],[-2.3895519696265417,54.83240551963369],[-2.3964175429258314,54.85091670074225],[-2.410801912480022,54.85794319164795],[-2.4258624178180037,54.84340005893239],[-2.453401283270769,54.83437796487032],[-2.460265293908489,54.83621200266541],[-2.5169441808895487,54.811447766424514],[-2.53372420151899,54.809774783959234],[-2.5514239488876984,54.81771600612431],[-2.576226000040262,54.839914274852894],[-2.578208692965443,54.84325835099841],[-2.57398787462888,54.85184243203893],[-2.587310702904257,54.87415668695874],[-2.600495328468506,54.88556204423889],[-2.573137422701049,54.89818179424591],[-2.5624924548466557,54.91808099549453],[-2.5460628147476227,54.92520883820761],[-2.545372872979828,54.92878613826482],[-2.5677899875020147,54.94373469278449],[-2.5683467455217377,54.96051276611509],[-2.5958707638406695,54.965405559047916],[-2.599199762389577,54.9697514790695],[-2.586175716791649,54.984899195089376],[-2.5726282536935012,54.9896747981347],[-2.567481225413677,55.0018796186726],[-2.572886170596121,55.004523538880846],[-2.5728810057916345,55.01626386036455],[-2.525712864188986,55.0329634196277],[-2.483788343434651,55.03968449501228],[-2.492100896305539,55.054848076292856],[-2.4937794117008103,55.05217824504802],[-2.499914245626525,55.055841356100665],[-2.502308275268884,55.06065653405329],[-2.4996284225933993,55.06149101564065],[-2.5025049836352284,55.06151625139151],[-2.4932451460883174,55.06574497360056],[-2.4922076179558537,55.07036636220136],[-2.499956756064027,55.074171220142254],[-2.495025201001916,55.08118342144711],[-2.4851867117242326,55.081489255818276],[-2.49102017232382,55.08578704141985],[-2.5113650523662057,55.088755612605894],[-2.5248331145652254,55.08292628641313],[-2.554943559299694,55.0812571278372],[-2.5681358077767005,55.09537592602367],[-2.580561194305057,55.095322400150444],[-2.5990870732177846,55.11523379023949],[-2.6014528432748683,55.121471620655775],[-2.5983143732145915,55.12398719864271],[-2.645495672734315,55.13080757770594],[-2.6575359335442132,55.13656862193783],[-2.6828858009137098,55.1669279097913],[-2.6737746217062486,55.174324494130104],[-2.687684774123751,55.188773490132725],[-2.6821785236170785,55.20204754069595],[-2.665717707810692,55.22277851585592],[-2.6471334373370636,55.220469387650716],[-2.632569870380395,55.22405184136012],[-2.6359425247373887,55.23013428934622],[-2.6315808725429446,55.24197941867991],[-2.6265874567903067,55.24649025275706],[-2.611965333045052,55.248406217201314],[-2.6442505700343837,55.25880154812973],[-2.6261133426119785,55.26205204430022],[-2.622770748131039,55.27274739318503],[-2.574132078490346,55.29705565361854],[-2.573239618207694,55.3015920687415],[-2.557311426135942,55.31145252952381],[-2.559788715611161,55.31736245054359],[-2.5190253398421354,55.32304968768048],[-2.50271776774439,55.34090902551132],[-2.482695105882688,55.354583430273806],[-2.419621505578839,55.36039363853689],[-2.4022373945386626,55.35573795211008],[-2.3930530495070066,55.34794371838032],[-2.379041871108152,55.34995214268553],[-2.373311922598041,55.3556291921888],[-2.3345272016201806,55.368656548968396],[-2.3371817632507668,55.39117782259828],[-2.3448497259933845,55.40158493501519],[-2.3338410835552215,55.40441370320768],[-2.336090484866039,55.40956701689436],[-2.316434741987362,55.40813383220804],[-2.280922466799067,55.42675548614735],[-2.2439227872233456,55.43359895018938],[-2.23063884445162,55.42983460668279],[-2.222027156914754,55.432177504855055],[-2.1929525176208626,55.448547569321796],[-2.18887479213994,55.46003988390948],[-2.1654295950239173,55.468444219499425],[-2.1741232634059395,55.47340396599445],[-2.2006252495777403,55.475496587206685],[-2.205602968555891,55.48257364881685],[-2.199239114798718,55.48975990548569],[-2.2273224357128467,55.50868825253816],[-2.2240191780063947,55.52356528043555],[-2.2337770391281677,55.5300251704208],[-2.231284487543716,55.54384151696589],[-2.2394410741097333,55.55095097525793],[-2.2388863470245037,55.55529643534685],[-2.2478403966985483,55.556718732428585],[-2.271012604580169,55.572384694201034],[-2.286831961456147,55.5782522142468],[-2.2899870512452343,55.58373997820038],[-2.28595778609139,55.60093421818118],[-2.2945153670147054,55.608335023790076],[-2.3064100626329624,55.611335415502616],[-2.313365944095183,55.61954204688168],[-2.3056927396085833,55.62831242209796],[-2.325359603319777,55.62893245127153],[-2.3194648605330532,55.645356979521324],[-2.2971995751421423,55.649365772170924],[-2.269594132221653,55.64284143413435],[-2.2533563451703413,55.64608582617192],[-2.237151537239231,55.64084886996848],[-2.2328854493909818,55.64603258556668],[-2.2457447800501855,55.6503742860996],[-2.244733710045532,55.65349286314498],[-2.2160212039089644,55.665180044845826],[-2.21660565053123,55.67636690012875],[-2.1814436726805786,55.70186388634174],[-2.1650203414499707,55.706016207557276],[-2.174182289916477,55.71584230680467],[-2.1731704153921156,55.72134552281145],[-2.1495046173275827,55.72354788473118],[-2.1447548015060605,55.73885923575974],[-2.136316924958216,55.741319293293174],[-2.1170601867312664,55.73793519789532],[-2.1143492803708543,55.74665698481738],[-2.104448787777126,55.748179968801686],[-2.107155625888058,55.75805607439285],[-2.0996683229826654,55.761593014054725],[-2.0444631244091998,55.75800847460913],[-2.0365656310283646,55.760144387094094],[-2.02871313689802,55.77046968517827],[-2.022576227731094,55.77119704088676]]],[[[-2.0263438858152023,55.80296201166178],[-1.9981692742185708,55.785101452626826],[-1.9897446567924555,55.76601191708751],[-1.9839256554488305,55.764952732388124],[-2.0026283558795437,55.76550550126949],[-2.01548366181846,55.774634424783066],[-2.0356436134060276,55.76967979148486],[-2.038622087842092,55.760747614998174],[-2.062205729701342,55.76265287991897],[-2.0442751043218412,55.759437332655864],[-2.0468958937063673,55.75878396973857],[-2.083661215072231,55.76264280684518],[-2.087806363141712,55.786070488445006],[-2.0855947181256926,55.792240416312715],[-2.033363320520752,55.81019507383241],[-2.0263438858152023,55.80296201166178]]]]}},{"type":"Feature","properties":{"name":"Nottinghamshire","code":"H10200112"},"geometry":{"type":"Polygon","coordinates":[[[-0.9177651593487478,53.49017656805607],[-0.8992850639298217,53.475982041954495],[-0.9178286561214393,53.46541850843975],[-0.9131438927985474,53.46073125329007],[-0.8710214673376852,53.46159841339202],[-0.869402128486358,53.46568845147918],[-0.7988715712211738,53.45565531858001],[-0.8069849862782752,53.44449679518993],[-0.8186129700890694,53.44129591121204],[-0.8150263039822755,53.431774016413144],[-0.8170447112170484,53.42706881601555],[-0.8038226545703381,53.4172664229203],[-0.7897509967853719,53.41437401119006],[-0.7869624888034866,53.40382145407872],[-0.7761633879048319,53.39676362561275],[-0.7769265967169826,53.38908391511598],[-0.7879981695570252,53.38648897774872],[-0.7744668156649122,53.37780741755593],[-0.7797447904822055,53.38104133288963],[-0.7751465663654873,53.37753929321363],[-0.7849237959207995,53.37436497603233],[-0.7891258738254233,53.36259180900345],[-0.7778848936526268,53.36092731295427],[-0.7737348344639244,53.36377421401792],[-0.7575859673513018,53.353406360510284],[-0.7636016771727828,53.34560370100029],[-0.7561314676317307,53.33865387520241],[-0.7653486440607569,53.33016835613337],[-0.759474564595502,53.32449206737539],[-0.7495844925939108,53.32414877555519],[-0.7528794091078057,53.31156981130135],[-0.7462604457131883,53.30415439864595],[-0.7511619516508233,53.29290401088835],[-0.762530706562932,53.29941107955233],[-0.7653631569339365,53.29262753583873],[-0.7794189181926241,53.28139131653953],[-0.7773938565247343,53.28317583820525],[-0.763302295392514,53.272492892982115],[-0.772182753870154,53.25987044460676],[-0.7691854768158999,53.25303288482362],[-0.7770221786990801,53.25216056284611],[-0.7798570739473029,53.241197023972056],[-0.7762795795022143,53.23904759786412],[-0.7824265984956817,53.224377913273216],[-0.7765437622124506,53.218641987832726],[-0.7747127488242705,53.2066955120017],[-0.7791277483988285,53.20383600574667],[-0.7760329824385142,53.1996731251857],[-0.780347507696562,53.19093635300217],[-0.7903140956546264,53.18896835781909],[-0.7922932358936495,53.17915642679032],[-0.7844155793136806,53.17740854897001],[-0.792325072845443,53.17988767775634],[-0.7884019369275826,53.182938776320206],[-0.7899265110272099,53.18763562628525],[-0.7799691228462764,53.19002803412713],[-0.775124210398983,53.19872607748053],[-0.7777611462116437,53.20281775784764],[-0.7737270944450657,53.20633923858393],[-0.7750525116047612,53.21856643239882],[-0.7810270301613265,53.22412625835258],[-0.7750005784484583,53.24626096909768],[-0.732537693616354,53.24392925776591],[-0.7322689997578823,53.25240131900344],[-0.7267111531309607,53.25542946534881],[-0.6955012095710892,53.2588309526003],[-0.685352501652729,53.257844302580544],[-0.666481680135702,53.24262951775658],[-0.6614598427037677,53.24396732562964],[-0.661670744303526,53.24894623760892],[-0.6646959645107596,53.24796535775363],[-0.6676952583298726,53.25725213429413],[-0.6600701674200444,53.26204571809881],[-0.6383269467257704,53.25816549318952],[-0.6460638954943425,53.25414296944554],[-0.6443606302268096,53.24546992513687],[-0.6623127525713917,53.241099083070935],[-0.6731610689012654,53.21895861075268],[-0.6945037172807996,53.22119023503979],[-0.7130195178285987,53.20841576899615],[-0.727474060091182,53.211673025623135],[-0.7527909977056964,53.18809897914312],[-0.7616718385998231,53.18592657330216],[-0.7624461817505149,53.1824580951946],[-0.7172506149605273,53.17838881733872],[-0.7144779954076361,53.168827778312526],[-0.7208461128796656,53.15673711637483],[-0.7135081837414132,53.137517024795685],[-0.7315256830107538,53.12795802887689],[-0.7155345136946745,53.11723182085813],[-0.7198020007121653,53.10558064295773],[-0.7283371702459687,53.09776567554426],[-0.7072600740122085,53.08515221377545],[-0.7078231415398812,53.07917556162042],[-0.6978642049697434,53.07599694277247],[-0.6951020053884477,53.06654605711182],[-0.7095726946564059,53.06624535376559],[-0.714204228199713,53.05939397193052],[-0.7282933669176888,53.05520793441459],[-0.748704248184396,53.05450084881937],[-0.7589108003578086,53.03055024002752],[-0.7743713610970349,53.0242498698667],[-0.7877053126595306,53.02400892216231],[-0.794092400992975,53.01111482862266],[-0.8023800950146428,53.01189339901224],[-0.8037018989067789,53.006041648936105],[-0.7797850254538633,52.98688145680724],[-0.7765100539359778,52.97716245153722],[-0.7953264262240984,52.9770503420161],[-0.8087756083345794,52.965823197584115],[-0.8117234174990133,52.95788966069856],[-0.818705778463505,52.96053372481087],[-0.8319609762780753,52.950165725220074],[-0.8330642856336916,52.945538150425385],[-0.8210279057883331,52.94403363904124],[-0.8347303685430054,52.93922187683747],[-0.8415562200159339,52.92856397339364],[-0.8566877777366786,52.91897909833318],[-0.8620444235785445,52.913245771906055],[-0.8575055714031898,52.90687687173789],[-0.8605496975534126,52.903769990843486],[-0.913349124454298,52.88046685865516],[-0.939758448771288,52.87711204163918],[-0.9268442772890292,52.866488566026284],[-0.9392441918852317,52.862063820294686],[-0.940643082082544,52.853804728556476],[-0.9521092155038671,52.850480965098875],[-0.959012614780162,52.843102326638],[-0.9698131962039472,52.84415462601509],[-0.9752831602723847,52.84028111395329],[-0.9736933294179764,52.828400011048416],[-0.9792241198008974,52.8224446123132],[-0.9857939527361669,52.818684306575655],[-1.036514714153525,52.81844716402404],[-1.0365896214834556,52.806230339636315],[-1.0455952657866514,52.780697120387956],[-1.0517346318478398,52.79373253371902],[-1.0492874091493152,52.80178449344692],[-1.0707065504171114,52.81227477792329],[-1.0685504594223336,52.820272626585606],[-1.0742065639641543,52.82397276237066],[-1.090937018518801,52.81894079367283],[-1.1193260390547446,52.818271761381645],[-1.121160080772231,52.81089942704744],[-1.1327352629116294,52.804530313356786],[-1.1633583560611327,52.805439062040655],[-1.197135522816272,52.78937492646681],[-1.1979771484815827,52.79277744328624],[-1.2276747045805136,52.791689044044375],[-1.2410217272322885,52.80379212259533],[-1.2545359952482362,52.8024302727607],[-1.2607103374570632,52.80684568754125],[-1.261191201629404,52.81712477445732],[-1.2686521291412862,52.82148145258129],[-1.273216606488189,52.83230560206003],[-1.2662483489787655,52.84171192419087],[-1.2699506620092111,52.85181101494124],[-1.2647852109494595,52.8559749618905],[-1.2721318465908884,52.85795264628226],[-1.2721369894728243,52.862167315001294],[-1.2692887588902109,52.87082717324895],[-1.2368598193728981,52.879861921549576],[-1.2453612481372025,52.888434278708225],[-1.233534831261366,52.89198850942563],[-1.2788711126618255,52.90787691782639],[-1.2772133295859014,52.91377588077822],[-1.2852462343697217,52.921306567834044],[-1.2773356791417634,52.93490295894531],[-1.2804496183896181,52.947894583839414],[-1.2890303675867325,52.95295982140548],[-1.286232629715066,52.96663553790085],[-1.2985762546039152,52.97960945587088],[-1.292460713039349,52.98462331232538],[-1.3024857494852997,52.99921077407731],[-1.3200214115072888,53.006629391655345],[-1.3359126900303138,53.053505194880024],[-1.3436816679164132,53.06263159042968],[-1.343609090056372,53.068050082510474],[-1.3345770156378451,53.07739840835631],[-1.3238767944619265,53.08389902844291],[-1.3093975902775843,53.086424756202916],[-1.3068951994435025,53.098988987748264],[-1.2996875284348488,53.10130196691302],[-1.3091227983734388,53.107253014633486],[-1.3114758958641108,53.12086661136208],[-1.3215816443387436,53.130884082215154],[-1.315896735084511,53.13565316323326],[-1.324679334974386,53.15499817003042],[-1.3231403324001807,53.161500553503295],[-1.2895655960204664,53.17163697020725],[-1.2546702487515669,53.16452659645598],[-1.2391824108280254,53.178351376055055],[-1.21907286520582,53.17810634530159],[-1.196645243524875,53.18330441234449],[-1.1939508212610015,53.19263544132888],[-1.2092465702312993,53.214885453315695],[-1.2008546346546474,53.23505528718964],[-1.210405833761068,53.24557863312274],[-1.1988347135615558,53.262027731161616],[-1.1754062493365103,53.26572980869489],[-1.1798321433144985,53.26915549207445],[-1.1788876780899176,53.272955723740196],[-1.1666037969466585,53.27753523047246],[-1.1774572381886017,53.28597049308522],[-1.1706313988408905,53.294148832919944],[-1.1723995460622374,53.303007025506105],[-1.168772364377072,53.30846150617946],[-1.1720780884544866,53.310726942105454],[-1.1996252319369725,53.303769295032644],[-1.1997831534964187,53.30718796163899],[-1.189337515984682,53.310407494467704],[-1.1807174849166,53.321810015199446],[-1.1602314017778088,53.32962878687471],[-1.141044910883429,53.342987880041946],[-1.1384899212803175,53.34684527015552],[-1.1549471259424247,53.34435247612113],[-1.1598781557587041,53.357993039591584],[-1.1442814155029783,53.356294663790294],[-1.1285891836003288,53.37648467071987],[-1.126751457419809,53.39174711058697],[-1.102394056511103,53.4075120875913],[-1.092860288421924,53.41975566936915],[-1.083207058431754,53.42544561433802],[-1.0728120587400092,53.42325330230364],[-1.0733983999837502,53.42769437523416],[-1.0528188865799257,53.425224784699886],[-1.047926980539033,53.435467273987804],[-1.0526228900863976,53.43928514972817],[-1.051451857235643,53.448070229792464],[-1.0811481657829423,53.44719656947208],[-1.0733239199241988,53.459616043795556],[-1.0257082702026914,53.456102587270514],[-1.0178841194953754,53.43736870076806],[-1.019942394008687,53.426228803717784],[-1.011656140297104,53.42612343861691],[-1.0134879373515837,53.429323836540405],[-1.008850474936918,53.43305729158049],[-0.9927587470933257,53.436955239226116],[-0.9901279735598943,53.45391223028704],[-0.9806178397301366,53.46506663655517],[-0.9808988684096778,53.46994241483454],[-0.9879403645845898,53.47441490362464],[-1.0159276473704377,53.480045394979655],[-1.0171757954593608,53.484115717974724],[-1.0096631728714995,53.48549741760307],[-1.0095097495448608,53.489494953450276],[-0.9855679836570511,53.4884122888509],[-0.9824005732338098,53.49408242247441],[-0.943029440123336,53.50903425225666],[-0.9177651593487478,53.49017656805607]]]}},{"type":"Feature","properties":{"name":"Oxfordshire","code":"H10200113"},"geometry":{"type":"Polygon","coordinates":[[[-1.3162934033952307,52.15307716894436],[-1.274384462433833,52.11612640251163],[-1.251493138842972,52.10337474066952],[-1.2466069443560264,52.09534098106537],[-1.2704943435665856,52.0975277331265],[-1.308835257260266,52.09100699533671],[-1.3195066983931665,52.08585654314274],[-1.3164768944157097,52.079987900903724],[-1.2960664795941612,52.07763655529791],[-1.3048688766209389,52.07101337453295],[-1.2992608132302323,52.06885754124884],[-1.301277577255789,52.06409135537282],[-1.3060037461619551,52.06401741813428],[-1.3114448258065838,52.05110168646783],[-1.2951479938675297,52.03984253844772],[-1.2932890033322368,52.027988851382155],[-1.2839393537147357,52.023890554581506],[-1.278241029782246,52.01296928165038],[-1.2878748251238785,52.00912149559567],[-1.2765244862825675,52.00563962712501],[-1.2860870032488196,51.98969812463259],[-1.28191861742668,51.98037091175443],[-1.2418944565957772,51.98565462522911],[-1.1962020918299514,51.97706090333963],[-1.1760420714601154,51.98200107390708],[-1.1645850391036003,51.99168805139416],[-1.1328484171423707,51.998448262924526],[-1.1234383202862654,52.01162535278121],[-1.1140548986577963,52.016092453467664],[-1.1034659591293257,52.01244056103068],[-1.0969998895836763,52.014862003456116],[-1.0879079047513074,52.00579841628227],[-1.0617980660168225,52.008472626508905],[-1.0529657287356817,52.00279682517697],[-1.0770984840793587,51.98107521331689],[-1.0938229132926127,51.958084400384145],[-1.08190182657628,51.95197438014437],[-1.0755664831599758,51.94382953018878],[-1.0562039904731895,51.94984364886098],[-1.052766076633965,51.94729543817724],[-1.0607109969829904,51.935610887706545],[-1.080365576959965,51.92823010769673],[-1.0846808480647245,51.92086111062386],[-1.0797091181088139,51.91734632014614],[-1.0832684913754844,51.89941311073114],[-1.0911650181751065,51.893922957837816],[-1.0673186110938369,51.88636067313777],[-1.074532466196447,51.87568979410889],[-1.0621596386837435,51.869112508012066],[-1.0639243926379154,51.85256721703397],[-1.0607596803385135,51.844114842011635],[-1.0448580505517222,51.83967092422647],[-1.0592700513615143,51.83293565901937],[-1.0695572592037665,51.833568264866514],[-1.075000842765923,51.82882337702628],[-1.120150372004554,51.845005130255544],[-1.137015696624292,51.835769302794276],[-1.1393789385291484,51.83377193616989],[-1.1299066257876873,51.83140346457041],[-1.10963290857434,51.81694125208889],[-1.122948484794174,51.806585541191346],[-1.116863933320855,51.79919793618627],[-1.1220268008734824,51.79366418363259],[-1.120142688702629,51.78699340236617],[-1.1005918326694042,51.7801551734364],[-1.0838057870348747,51.780571139823664],[-1.0775847937408267,51.77722483050293],[-1.0805348859805555,51.773165833055906],[-1.0772906803582052,51.77105559181897],[-1.0787906225054806,51.75613790795973],[-1.071812405146358,51.75744268701764],[-1.0368232790682734,51.743535420167554],[-1.027965211878603,51.74572970853724],[-1.0286013435808363,51.757079470082246],[-0.9818634168210755,51.75202554890591],[-0.976879858328862,51.76031799097915],[-0.9498333361039455,51.75690329389118],[-0.9036313216737004,51.762236888080054],[-0.8916377383337998,51.75858234626105],[-0.8851917434255683,51.750192632470885],[-0.9024638744342759,51.75102864789153],[-0.9097526898215544,51.736818908598565],[-0.9163886039150597,51.736569058905665],[-0.9221061463981716,51.74687351844848],[-0.9265678245904136,51.745301184156645],[-0.933414736778877,51.752325110927345],[-0.9436221450375886,51.7533286283215],[-0.950437579595091,51.739218240497394],[-0.9480935075988035,51.73385138415713],[-0.950796416642834,51.73119072408048],[-0.9459683800519267,51.72644921400404],[-0.9121509621372129,51.73017135017883],[-0.9062300071731252,51.73516766057403],[-0.8939915341108094,51.72161993852638],[-0.8875280986715021,51.71992213625475],[-0.8847947965607724,51.70510048999917],[-0.8921074013404185,51.692573023940945],[-0.8789140607536877,51.68020820142977],[-0.8941480605767033,51.676783525970684],[-0.8765880963261673,51.66905295429158],[-0.9168963900616298,51.67128715507917],[-0.9240932406824867,51.664581582421825],[-0.9294454794051826,51.66519604221374],[-0.9220958897748823,51.658372548476244],[-0.9249868773300677,51.65254231461048],[-0.9439904935878861,51.653471383585725],[-0.9426325587426863,51.650903011427225],[-0.9483764659752992,51.65034632150498],[-0.9326473503934659,51.63693660991409],[-0.9482047282576395,51.62838855127335],[-0.948270206176443,51.62120273708732],[-0.9375137648098577,51.61802589468218],[-0.9407059265826633,51.604488289336885],[-0.915021800797772,51.59991570651855],[-0.9216265725276228,51.59095265250983],[-0.9380040776062081,51.58512027186651],[-0.9365283263138061,51.570655016522934],[-0.8908449810774719,51.54960983121903],[-0.8961040627725123,51.535115933235666],[-0.8744941149963202,51.52255751827644],[-0.8735886870104012,51.509646023018334],[-0.8673637373427386,51.50577885367956],[-0.8702843313575266,51.50096223927342],[-0.889782458244345,51.495042536879424],[-0.8953274965073823,51.485388751707916],[-0.9071049447195013,51.48117253284001],[-0.9185438043595242,51.46714623164495],[-0.9432081302578169,51.458448330340815],[-0.9583565927862748,51.46145234317434],[-0.9557840124830483,51.46888906549464],[-0.9647168552453815,51.47917462531265],[-0.9584217665217513,51.48951083679461],[-0.9612365579790003,51.49739681638144],[-0.9608440428191958,51.49024543016284],[-0.976490702782501,51.483826396306824],[-0.9908446090266838,51.48368142851242],[-0.9870750180206591,51.46799587776001],[-1.017243500498352,51.46724849628514],[-1.0369051925459607,51.47634320538496],[-1.037014558986227,51.48467665426663],[-1.0423754273841128,51.4895953566973],[-1.0588412410257855,51.49240049122855],[-1.0892940381286846,51.48594424355994],[-1.1017095212084438,51.49056125412472],[-1.1121438673515978,51.510585780631565],[-1.1396426250949492,51.51553828663026],[-1.1439403215959876,51.522081007791094],[-1.1336285673706756,51.53448787108859],[-1.145636681523149,51.55380814701961],[-1.1392135492523279,51.56258594245722],[-1.1253254043830472,51.570702805947086],[-1.1263019934477432,51.58226152996026],[-1.1131284403605584,51.60927023286045],[-1.1146499576418323,51.61817650004981],[-1.1407315993108185,51.62456488637313],[-1.153084162480831,51.63519894298221],[-1.1794244349666814,51.635025565120266],[-1.1774245673777723,51.64916436363078],[-1.1895137040458403,51.658116968456696],[-1.2078815637445124,51.65594836535674],[-1.2107652442654835,51.6454496796723],[-1.2188131713038473,51.63963955112673],[-1.2178700713693644,51.642636622144835],[-1.230977235788062,51.641051571755],[-1.262118084867709,51.64879843427359],[-1.2861403754401157,51.642428796632714],[-1.2886626723800176,51.64735186847312],[-1.2793036339552817,51.655752193701225],[-1.2830783367673848,51.665863809574496],[-1.2708779313030143,51.66955329817985],[-1.251729602493207,51.66575511364914],[-1.2309784993662216,51.6716474167148],[-1.2223680377346589,51.68208376491126],[-1.221772361563917,51.68922092018358],[-1.229650815351787,51.698860005696005],[-1.2311361965405891,51.710397404802315],[-1.2279645597197257,51.7116609723651],[-1.241314788842709,51.72048428786147],[-1.2413902520937967,51.73338471048086],[-1.2436382868589395,51.7299895601482],[-1.2530084442347167,51.731314462111754],[-1.2608337475823332,51.74101002909369],[-1.2879526463748536,51.74778847732168],[-1.2880509759696184,51.75596052860871],[-1.3010246617376797,51.7694124106109],[-1.3067000674346778,51.78864401288462],[-1.3371038615275226,51.78400318749448],[-1.3619952824953279,51.77155348409444],[-1.3601020637350194,51.76347323248428],[-1.3725632631802194,51.73707284520443],[-1.3658530981073713,51.72583835095946],[-1.3789784073933247,51.71221402649684],[-1.3945432835303282,51.7049548694199],[-1.419566840147633,51.708989005716624],[-1.4389518097297747,51.706312135994274],[-1.442562027149319,51.71091454112799],[-1.46163947311141,51.70944418025431],[-1.4644987217110284,51.699132979571075],[-1.4787648546799603,51.70297375468855],[-1.488308826565542,51.69424850908219],[-1.5170557746049034,51.70123790526048],[-1.526582150647404,51.697877457133075],[-1.542288947732331,51.70203848365406],[-1.5726382171833173,51.699607701797575],[-1.5978057907581575,51.68730380888738],[-1.6044465688434326,51.692153374946976],[-1.6343872511457789,51.68285176543387],[-1.647025783076676,51.68415917211375],[-1.6480228909847885,51.69006923439109],[-1.6519958189079522,51.69100895800614],[-1.6495819479774405,51.69602873155571],[-1.6657087667583985,51.69673089278887],[-1.6836985949364962,51.70886611344588],[-1.693321554210268,51.722066750701195],[-1.684760644525419,51.730596935847956],[-1.6874231233121688,51.74211403172429],[-1.7013838760436995,51.77224505843045],[-1.7184318465502666,51.78263043475239],[-1.679890081883932,51.803256901802435],[-1.674678758946007,51.81505058966898],[-1.6807075994136187,51.81617678704744],[-1.6856417763704128,51.83423977276609],[-1.6761729795379823,51.85016578255679],[-1.6850735796531344,51.86243507182755],[-1.6827640817289435,51.867698589225924],[-1.6637567727162863,51.87612200641999],[-1.6664628905107184,51.87859800218347],[-1.656209368554603,51.89697389151977],[-1.6323072728916093,51.89946097490588],[-1.635685349046722,51.911933730172116],[-1.6444063257254913,51.912277083781696],[-1.6406434023186964,51.918809659996015],[-1.6447156613243734,51.92265046423159],[-1.6232918683261623,51.93657383926976],[-1.6142477882257626,51.93764690208296],[-1.6212590808666758,51.94513193995987],[-1.616777702495357,51.946668537137654],[-1.618538307532653,51.94956654511738],[-1.6265428892427156,51.955337721893166],[-1.652681594679315,51.95732160438282],[-1.651951310912041,51.96035602144712],[-1.6628133813901285,51.96304386999384],[-1.6673331931130768,51.97487872597254],[-1.6613688043954686,51.98723164433196],[-1.611207363742643,51.95520350648157],[-1.5936191989110151,51.96479125761661],[-1.5903512954546866,51.9699248164544],[-1.5970728283252227,51.97558743099242],[-1.5783729861887241,51.97274082297407],[-1.5473471856154941,51.98056897043402],[-1.5552307383601147,51.99116215442698],[-1.542110490035934,51.99582443749433],[-1.5284273198415887,51.99257905903204],[-1.5215476392037777,51.99485617270738],[-1.4965713551153703,52.05675773797818],[-1.4990751470256813,52.07355286448917],[-1.489375164950498,52.077106242490466],[-1.492921068597177,52.0821574659057],[-1.4837885083152962,52.08866828047731],[-1.4851356280004178,52.094683711018455],[-1.477854667929977,52.09614824304941],[-1.475744243489832,52.10147164673291],[-1.466222797555935,52.09743254330876],[-1.4462790086741197,52.09769039470852],[-1.4466429079078547,52.107143770974346],[-1.4518771190563629,52.11362311630139],[-1.4255943535175015,52.11866316730747],[-1.4020123140319405,52.11060332952117],[-1.3835347814753838,52.09462557979349],[-1.3571308190426574,52.10115979211457],[-1.370813659796992,52.1177738481095],[-1.388212141928174,52.116883899571484],[-1.390461839518092,52.12154354788735],[-1.3834306010488095,52.12858203927251],[-1.3619868849213912,52.13684877867338],[-1.3473887128721185,52.13588223954272],[-1.348414889196561,52.141977241134875],[-1.3397121587006793,52.144868554887594],[-1.34168134132659,52.15414490378492],[-1.3318594971247537,52.160100457190495],[-1.3312366747687625,52.16733000095304],[-1.3162934033952307,52.15307716894436]],[[-1.2916865569617342,52.093283969216046],[-1.292621834446803,52.09305883455217],[-1.2897120183730015,52.093202965072145],[-1.2916865569617342,52.093283969216046]],[[-1.3149400471935746,52.08969177415666],[-1.3149663440731985,52.08939897721443],[-1.3130734174464391,52.090017962940436],[-1.3149400471935746,52.08969177415666]]]}},{"type":"Feature","properties":{"name":"Somersetshire","code":"H10200117"},"geometry":{"type":"MultiPolygon","coordinates":[[[[-3.0145489433338963,51.228018223315324],[-3.0134210832566453,51.22414291965086],[-3.0173019141109445,51.22782435368753],[-3.0145489433338963,51.228018223315324]]],[[[-3.017531769023124,51.23376507907643],[-3.014506415576902,51.23168602929383],[-3.0170394530300113,51.23196711645801],[-3.017531769023124,51.23376507907643]]],[[[-3.1042792561977146,51.34072982888572],[-3.102107719370189,51.339271812274404],[-3.11268061513785,51.3394253766931],[-3.1042792561977146,51.34072982888572]]],[[[-2.711292625278297,51.49704193434721],[-2.678645021444852,51.47986069075695],[-2.661263151507425,51.48651204385409],[-2.647241314738056,51.47158240120464],[-2.6323713805108397,51.465863253459],[-2.6242256578978047,51.44830481133217],[-2.623929396670076,51.44027360142675],[-2.6270415441888413,51.43988639426732],[-2.622270334412747,51.43311528431151],[-2.6220931463556565,51.42208803987286],[-2.59546420926152,51.42424042479654],[-2.5807379630732448,51.43045591140628],[-2.573490538445208,51.42654912707141],[-2.5598554478063686,51.428727202516335],[-2.560774009854841,51.432189501565716],[-2.5534054466973646,51.43361684026559],[-2.54333903463291,51.44666510668271],[-2.541613915797074,51.44172655133109],[-2.5303168246253165,51.441978142457856],[-2.5285055553637834,51.43302145403537],[-2.5074035714007645,51.42414798595906],[-2.4897160308414543,51.427437537123275],[-2.488612876080054,51.41677455094646],[-2.4810024911110977,51.42087424078266],[-2.467639037464191,51.415487730798],[-2.4457159207015393,51.41794707405218],[-2.4419110172503182,51.42271130576229],[-2.342223960644495,51.43874573940403],[-2.325465669979298,51.43692327231454],[-2.3087591981898656,51.422379441355375],[-2.2956209585112566,51.42834241548241],[-2.282567488361963,51.42214382585905],[-2.278358305850224,51.416189798663645],[-2.289364239971521,51.405145721454026],[-2.281136808891494,51.39672301956042],[-2.293063153544129,51.394761359178],[-2.295114256745396,51.38379635492609],[-2.2879836883436986,51.37526988927099],[-2.2901781068156315,51.367816949564045],[-2.2962419195322483,51.362917172826236],[-2.30623588168399,51.36466670222854],[-2.308261438494552,51.35865156497734],[-2.322855308288848,51.35628664898585],[-2.3421288690780395,51.34657343625598],[-2.3408278901174158,51.34402384094609],[-2.320675350153563,51.34729438987762],[-2.306530055748806,51.3401374719244],[-2.2955405268901727,51.343144147173575],[-2.2932616175209177,51.33697183511846],[-2.2985928644934757,51.33378335175678],[-2.286113952774224,51.32850621997693],[-2.2869032559058873,51.32473981954185],[-2.2642310532146555,51.32453601944326],[-2.273458951463376,51.3207396900812],[-2.270608285498284,51.31303328960862],[-2.282739472713184,51.309920235496996],[-2.2754374564362276,51.30527134302638],[-2.278972304337673,51.300188628776866],[-2.2772500455635973,51.294397394366335],[-2.2845906158982423,51.28646354560276],[-2.27513845251388,51.28600544005309],[-2.2642451567345816,51.293890280270126],[-2.2545461227457992,51.29077115315957],[-2.2486162601763757,51.28310343422366],[-2.243751742900497,51.26284512867204],[-2.248710475927262,51.25988713891971],[-2.2457061166828214,51.25445488722055],[-2.2638994799086327,51.23043678203283],[-2.267638568180449,51.22004775683995],[-2.2644073264615137,51.21540475630078],[-2.2865353375233775,51.18811726139539],[-2.3286552887957996,51.14660730897845],[-2.330929412063153,51.13803230971614],[-2.344834211512176,51.130858783481415],[-2.342118077387335,51.12474680520619],[-2.3666218454251213,51.11596074326436],[-2.361106426777097,51.10866591847349],[-2.3559583759353386,51.08661262167567],[-2.3452425334200124,51.08736673954888],[-2.335701733547184,51.083126557071125],[-2.3385199151065286,51.08490413938688],[-2.335252484275663,51.08640726532626],[-2.327841719880312,51.08459212673093],[-2.3259525138595154,51.07951682394525],[-2.3410314906382634,51.07535816112712],[-2.3488094563773116,51.06840412520964],[-2.3458414082914185,51.05708711444631],[-2.331394826441631,51.0501086981662],[-2.3300665390157898,51.039816252507094],[-2.3565895974039948,51.026556043567844],[-2.370879195251473,51.01140481253294],[-2.379062085504759,51.01499730166686],[-2.3750368984675054,51.00967002825881],[-2.3807586854320646,50.999652296461065],[-2.3749069207672324,50.99011869317931],[-2.3511462019503533,50.98929494825396],[-2.3426397093896254,50.9838998975645],[-2.3433039037604644,50.97815078200684],[-2.3960884806571547,50.9679829066227],[-2.413514136739388,50.96011261071211],[-2.4254822018366733,50.969356348843256],[-2.432756652622127,50.97033077076479],[-2.4452494865901144,50.96701479651037],[-2.442573390161175,50.95766411281451],[-2.4574059817281526,50.9492962867368],[-2.458956327958527,50.95442951782921],[-2.4734581587566313,50.95768500036898],[-2.500267554828699,50.99315298073343],[-2.5163572896559767,50.99435230588826],[-2.522620498618333,50.983599440129865],[-2.5203844370670905,50.97411409275516],[-2.5245320128956807,50.974164960801694],[-2.5343802064097076,50.99632308285802],[-2.5436469810506286,50.99888910956258],[-2.551944139957443,50.99453999482612],[-2.544037842140597,50.990493806997485],[-2.5465116643979453,50.98284694993206],[-2.5579574980979456,50.978075667940814],[-2.573981253062777,50.985922271985096],[-2.573503077345186,50.98245612096637],[-2.5857192259776047,50.97618921690108],[-2.5917446878244146,50.97906885002311],[-2.601239424647136,50.976036874523444],[-2.592826397771841,50.9635002519081],[-2.5984241708570783,50.94804520807717],[-2.6088659489088264,50.940481552699225],[-2.6188957204763366,50.94093373084356],[-2.6188047077551415,50.93756243143548],[-2.6071382291579064,50.93320569039217],[-2.614863947133826,50.92320623866435],[-2.6162415392756206,50.91149364216512],[-2.6214366992443896,50.90826455295256],[-2.6112446106978777,50.887685352228715],[-2.61673343154553,50.88096014518516],[-2.6224914414760256,50.878954719878294],[-2.6252865531855036,50.885156795743946],[-2.6461825077306758,50.88762914088107],[-2.6518599892889756,50.88348231381334],[-2.660363957253379,50.88630255451888],[-2.6774247142286507,50.876958897733275],[-2.711605030811858,50.86913280998867],[-2.713678962126133,50.86353145279732],[-2.757660501966219,50.86343881402524],[-2.7554097089245144,50.87442395457083],[-2.7627368706278754,50.870154214359076],[-2.7660550514474687,50.86068753822788],[-2.7809844992926194,50.85984837268699],[-2.7879448088522576,50.852631456100326],[-2.803108135066682,50.85627536710529],[-2.8046263532491706,50.86342689491593],[-2.80850080383064,50.86379408426673],[-2.823496246168383,50.850576593531386],[-2.837616501479484,50.85134525843859],[-2.8366379635600505,50.83546059944408],[-2.8699640242046,50.833186141728824],[-2.8723244434091177,50.83600730976828],[-2.8664588732656036,50.83935058727473],[-2.868159809419158,50.84734060543617],[-2.8785252085472326,50.846566652295],[-2.8850277632187633,50.85084511753849],[-2.9020877669049066,50.843894991803325],[-2.926752551979939,50.8418528702119],[-2.9420156937346977,50.825878699958245],[-2.9553665893714527,50.82026537856515],[-2.972748258867653,50.843046314336156],[-2.96365762028627,50.85686596853328],[-2.983227323938966,50.868159447481744],[-3.002363474016187,50.862900300093095],[-3.005384845860674,50.86059551534957],[-3.000487859027211,50.85523472907538],[-3.0040154322386066,50.85268139792083],[-3.017392947670579,50.85520008767628],[-3.041386867062878,50.84876388893045],[-3.0448902998486287,50.85453083763884],[-3.04364503480281,50.86651510864421],[-3.05876946919644,50.871372124424944],[-3.0594666686111776,50.87473453209416],[-3.053231151450869,50.879459226894255],[-3.056890924649702,50.89068978237822],[-3.0491479455657897,50.9004628273913],[-3.053137701115611,50.90721387047983],[-3.090045976971964,50.90523654631373],[-3.1205105456816002,50.89694225085402],[-3.123356390041414,50.90021913192513],[-3.14177723782845,50.88834685812497],[-3.149288239191882,50.891967707267035],[-3.1541331998096434,50.90030508521573],[-3.1689573551097503,50.90014978575362],[-3.1697217636886124,50.906195523636754],[-3.18520560626718,50.90920721237928],[-3.178552480181383,50.921823791224284],[-3.1718025733482746,50.92473060361143],[-3.171862444793558,50.93274113452654],[-3.162904262230128,50.945450753467426],[-3.18620270353041,50.94784526138211],[-3.217259937483444,50.94270232406205],[-3.261200933427699,50.9422842071301],[-3.2797449110756425,50.95331200212195],[-3.2916935772696956,50.95467321368205],[-3.3028611217364525,50.96381560049179],[-3.319351498338687,50.96835876372516],[-3.322245361642017,50.977863694022666],[-3.3297456165242436,50.98203627043786],[-3.3780373116614517,50.977309760306014],[-3.380944613387748,51.00217646307709],[-3.3783463709093935,51.0154920489441],[-3.4141901916223065,51.01991808700943],[-3.4157808862941814,51.02904131123073],[-3.4237613600076133,51.031681477814246],[-3.4586140415667144,51.023762185084706],[-3.481293016320544,51.03319310080532],[-3.5033461698329744,51.02907695693361],[-3.5194803415794027,51.02417561378058],[-3.5200400489502273,51.01204785030969],[-3.5319685093277977,51.003083392979576],[-3.6021505013373925,51.00672666198267],[-3.611238108739685,51.01084037397349],[-3.6137397162827987,51.017063556448626],[-3.6105694477769505,51.025399476482754],[-3.5994535621586463,51.035926784669265],[-3.599892933234717,51.048901558349556],[-3.5949949021307384,51.053824884653906],[-3.6233427948566024,51.06097966978285],[-3.635545783722357,51.055171365632575],[-3.6504356362550388,51.05784704459317],[-3.648400978863325,51.062591409709874],[-3.68203443882857,51.071277307769385],[-3.695755766053313,51.07905387576158],[-3.721011035827718,51.07914692629499],[-3.726819891525582,51.08523001059175],[-3.7382809906141587,51.086657821887364],[-3.7640074501355754,51.102244088317434],[-3.8012416453258235,51.11436166875609],[-3.8168000978700922,51.12370013337623],[-3.831565099610183,51.14023577906275],[-3.8299412961261123,51.149528563750856],[-3.8336417880434794,51.15207352077501],[-3.83850507771741,51.176951879862514],[-3.8035178247834405,51.176296625299145],[-3.7827758792661648,51.16942875051341],[-3.754869710311564,51.176841879163675],[-3.724534877061117,51.178864053334216],[-3.7235808833125854,51.185583602876925],[-3.7312040679205905,51.19344366369637],[-3.7253125002893768,51.20090945296976],[-3.729405659532515,51.21485143158367],[-3.7270198591728647,51.21709563885832],[-3.7316284665339894,51.22188896234421],[-3.721201707262467,51.233223647315086],[-3.6313024273119865,51.22329420340687],[-3.6206453908112084,51.21629319395938],[-3.589759566607202,51.22266804050644],[-3.5751329546327724,51.231417917860945],[-3.541905845271879,51.2318856320757],[-3.4959795908275026,51.22354303097242],[-3.4730626002678755,51.21377715039863],[-3.469396138805309,51.207548427280486],[-3.443349605962131,51.20713246935936],[-3.4301435728662466,51.19447700426714],[-3.407038034456263,51.182561000009834],[-3.3280462526548535,51.18351860240516],[-3.311657335137618,51.178988215090236],[-3.293449205212616,51.181982536656896],[-3.2746020845914696,51.17927551889186],[-3.255995762208929,51.18692604696869],[-3.2158412334361333,51.193678917890864],[-3.200821879840588,51.20096939548524],[-3.1797490421661245,51.199251102448855],[-3.1497029015236944,51.208514762992614],[-3.1260101528905047,51.210381942094386],[-3.0767999427946053,51.201200718809076],[-3.0635785221012335,51.20219489542217],[-3.0206034437867126,51.21862969965592],[-3.019086709221929,51.215702125892726],[-3.0285645874253455,51.20823753552355],[-3.0245687923026594,51.21172780132373],[-3.031125964027954,51.194261922018754],[-3.0422996161083073,51.19449656749265],[-3.053447562673879,51.18782441745342],[-3.058737064989045,51.17396652008193],[-3.0347705861223666,51.16194914165478],[-3.028018158332001,51.16535779731216],[-3.0258880425594548,51.174629726431874],[-3.0192839664341444,51.17547077133245],[-3.005689282477101,51.1705332939091],[-3.001147271346316,51.16049074900319],[-2.9903488567855376,51.16128774825666],[-2.9908873732410752,51.15337716023161],[-2.998111020540014,51.150224733057506],[-2.992445204807985,51.14100351171066],[-3.002151520978127,51.13270711083265],[-2.9946334750919323,51.11862471446667],[-2.974666372537097,51.11208469928702],[-2.9626904642056062,51.09825406222944],[-2.943057091639461,51.088998895553395],[-2.9169689310637223,51.068729352804965],[-2.950834173489012,51.04044509391725],[-2.9737034010112287,51.03706230219224],[-2.948496942391493,51.04153520884218],[-2.916223177220712,51.06652972518632],[-2.9026299961298543,51.06054904094793],[-2.891742553600848,51.060861043525684],[-2.8909410920903493,51.05330818925739],[-2.8798120798040943,51.046283203042336],[-2.891191976447176,51.053592267351284],[-2.8934036805942696,51.061004843984264],[-2.905135067729729,51.06122935682728],[-2.915068775606407,51.066543564278795],[-2.943734261833591,51.090837076990645],[-2.964309240161537,51.09944493730959],[-2.973142500261034,51.111575775722784],[-2.9938183410785046,51.11806237312347],[-3.001562577850986,51.132639309925054],[-2.9911406608111935,51.14137071084975],[-2.996449834325809,51.14991064040901],[-2.9899810124035113,51.15265547631373],[-2.9886183729480384,51.16216394581123],[-2.999938072498407,51.161254732297444],[-3.0052301558441297,51.1723134182809],[-3.018998924951704,51.17681865343433],[-3.0273866970166616,51.17575692676091],[-3.0303479088361156,51.165726710814376],[-3.038224364037562,51.163780158929065],[-3.0545699256252914,51.17743241744128],[-3.0496089287390404,51.18667090185108],[-3.024466822176994,51.19332306337961],[-3.0022673910902293,51.22389723089469],[-2.9841222145673587,51.219774047636626],[-3.001632948232843,51.226207626218006],[-2.998924490085391,51.24153289348317],[-3.020629532679187,51.265835733938644],[-3.010374845658238,51.30644867099169],[-3.0104743289500955,51.32097166576521],[-3.033530964170195,51.32675981492501],[-3.00318118944173,51.324687359976636],[-2.992215475575729,51.31977971248968],[-2.9948679232497266,51.31919334509138],[-2.985156049136205,51.31175272904652],[-2.99390933522691,51.30711117532505],[-2.993338039808535,51.30191621140142],[-2.9839265637124748,51.31256974486354],[-2.9846874926903175,51.320162500814554],[-2.9850637122654673,51.315012599143536],[-2.991158454557049,51.320012590303165],[-2.981522663723252,51.34744700321159],[-2.99346266813173,51.354715243004115],[-2.9649110510625274,51.36408987701723],[-2.960929176493484,51.37426219477928],[-2.962174105729921,51.38265141483926],[-2.978873421670609,51.38781895670945],[-2.9368945227586414,51.39763706050775],[-2.938106624071005,51.39061827920594],[-2.9295650693969213,51.38924475953554],[-2.9357661101474126,51.39299223364315],[-2.9162547442006495,51.39541262662864],[-2.889387770660735,51.38707633762538],[-2.898032330291725,51.39173888680474],[-2.8955134475489577,51.392155649213144],[-2.9106295426640405,51.39468487961571],[-2.909689288410438,51.397070817627],[-2.8877078347951777,51.4138240627655],[-2.886345233720139,51.411705760337945],[-2.8816474465517388,51.42495531219906],[-2.874851009011376,51.42738305327661],[-2.875355451612438,51.432477323607834],[-2.865974384419845,51.43609196788215],[-2.8492927477977728,51.4535741297432],[-2.8180576271951603,51.46804583065528],[-2.7981204931519432,51.48491325619363],[-2.782411187910882,51.486884200445985],[-2.7722507037299957,51.494189852193664],[-2.756227657040976,51.494224608654086],[-2.764906562584605,51.48654950254079],[-2.7600760712024015,51.48588790726294],[-2.751607481809983,51.49115537668973],[-2.7320867581935087,51.49205079433208],[-2.718637140123109,51.499669847956056],[-2.711292625278297,51.49704193434721]]]]}},{"type":"Feature","properties":{"name":"Southampton","code":"H10200118"},"geometry":{"type":"MultiPolygon","coordinates":[[[[-1.5531581938797014,50.71368705996872],[-1.5534911051804288,50.71305584827671],[-1.5539058987549745,50.71371240758093],[-1.5531581938797014,50.71368705996872]]],[[[-1.7703602356551704,50.735824737785364],[-1.7682375382074174,50.73059069990738],[-1.772377516132215,50.73394989990208],[-1.7703602356551704,50.735824737785364]]],[[[-1.3762106919500512,50.780347714715],[-1.3853229825945796,50.77683097713245],[-1.3893514596006538,50.77759231976225],[-1.3762106919500512,50.780347714715]]],[[[-1.0911421062119588,50.81448252439422],[-1.0986754466939483,50.813041692209964],[-1.0979736580956718,50.818154631507625],[-1.093612838181159,50.81936647453482],[-1.0911421062119588,50.81448252439422]]],[[[-1.1530258033304055,50.824822403022026],[-1.1514137587601916,50.82556278669791],[-1.1500775249776434,50.825802031259194],[-1.1530258033304055,50.824822403022026]]],[[[-1.0070143629249895,50.82491768295507],[-1.0073875205628096,50.82171727720663],[-1.0092436437480234,50.823309652249385],[-1.0070143629249895,50.82491768295507]]],[[[-1.0133339115031192,50.82818478363908],[-1.0121506892350605,50.825506316887136],[-1.0155712504479315,50.82733849496592],[-1.0133339115031192,50.82818478363908]]],[[[-1.003851257040648,50.8332288763111],[-1.00019456583945,50.829423815609864],[-1.0072573488317773,50.83260856997044],[-1.003851257040648,50.8332288763111]]],[[[-0.9669735454343903,50.83318434627739],[-0.9664877317004693,50.83016530311214],[-0.9558082984071827,50.830743858671944],[-0.9495360620998826,50.82319028764115],[-0.9560946058931543,50.81529681226701],[-0.9549597072635868,50.808325371841796],[-0.9685509769102703,50.809876361704156],[-0.9609142867453329,50.808904710347534],[-0.9644838766499221,50.80577691220446],[-0.9713285054563426,50.80840970307568],[-0.9669483107216283,50.80221918230044],[-0.957138256992833,50.80413304427267],[-0.9528358517715881,50.80129379994649],[-0.9540930460272593,50.79399394613637],[-0.9658713615638022,50.786582770765165],[-0.9510130135916646,50.78705447609163],[-0.9497434451240709,50.78402691733805],[-0.9577303885494481,50.78147283277279],[-0.9552118563315064,50.78104464793548],[-0.9353273322589433,50.784332902996134],[-0.9358607234819549,50.77683415691857],[-1.0199776083866554,50.7856171847523],[-1.022353492089629,50.795234481202854],[-1.0073494873587794,50.79270279238219],[-0.9934311503968091,50.797567942720306],[-0.9821865616514089,50.81935600792738],[-0.9853973221987062,50.82581366530805],[-0.9669735454343903,50.83318434627739]]],[[[-1.0732935664840688,50.83625815138832],[-1.0442473463766726,50.83060870943412],[-1.0379886882038618,50.81133750971222],[-1.040762472399972,50.80662511840313],[-1.0368483683862362,50.794308175895466],[-1.0410627484635573,50.791123089543724],[-1.030735766087364,50.79139929054829],[-1.0293351903109293,50.795784730384725],[-1.028391177793805,50.78752051095782],[-1.0880025820933212,50.77724242053419],[-1.1078314088968868,50.790705811023074],[-1.1043217749858625,50.79675513708802],[-1.1102827799612922,50.801544695023296],[-1.1099992322320955,50.8058112868506],[-1.0890337504422307,50.81106192140932],[-1.094669041146801,50.81063541151431],[-1.0900146568201081,50.81727169478518],[-1.0987586736112833,50.82634594122151],[-1.083680388950433,50.824136549404],[-1.0732935664840688,50.83625815138832]]],[[[-1.0602489280914806,51.369298249003045],[-1.0475278235020757,51.357382952792804],[-0.9933118398204501,51.361006840380554],[-0.9831242965863325,51.356333535544344],[-0.9184595997440048,51.364752388059095],[-0.8721027176925515,51.35125812341119],[-0.8542700352026321,51.35473726139753],[-0.8283132195506356,51.35217630866342],[-0.8171347461698188,51.34871528055238],[-0.8105448552035107,51.34063521545609],[-0.7877101797021119,51.34008971907793],[-0.7655554605017922,51.325040449516166],[-0.7649009435791021,51.321002472624514],[-0.743151594967774,51.306227704716285],[-0.7319645526016009,51.28067136770894],[-0.729111380116675,51.24942368132209],[-0.7332917329704355,51.2471929726038],[-0.7333375611936843,51.23713044210258],[-0.7400031415728647,51.22946990918196],[-0.7671399210854998,51.234868008720596],[-0.7727490529801256,51.2411034284285],[-0.799717723931506,51.237643848854695],[-0.8032322372056174,51.242852689613066],[-0.8097519431061744,51.24191782207564],[-0.8247444094174817,51.23412822790378],[-0.8282058115923913,51.22595034268819],[-0.8458836129111297,51.211265659397625],[-0.8429424614241889,51.20078914945877],[-0.8235017892468726,51.181924874128335],[-0.833392764717954,51.147758718138],[-0.8257390759638914,51.14514864106612],[-0.8073922426790452,51.15244695728363],[-0.7938013093197064,51.15174436859455],[-0.792141856140491,51.143536717978854],[-0.7808732702889256,51.13563367809807],[-0.7771129343272617,51.12465395281034],[-0.7460163809529086,51.110645280710735],[-0.7484000825290597,51.10639930188606],[-0.7705810544028707,51.10435421839736],[-0.7577485908905207,51.10116540034701],[-0.7556261248106417,51.091734707578674],[-0.7503266072438827,51.08747072299974],[-0.7796216395368464,51.08071197066043],[-0.7817013437737668,51.069414602649914],[-0.7937024976152786,51.06562869128873],[-0.8078558761757344,51.06441285348559],[-0.8107178821176751,51.06734335334926],[-0.8157842054015085,51.06209996374135],[-0.8246391856488553,51.063546322442974],[-0.8298082278093326,51.06945004951714],[-0.8375010805506393,51.06833657166872],[-0.8463394449978741,51.06046027324154],[-0.8473496699656927,51.047203244110655],[-0.895050797311228,51.02128246086485],[-0.8947125394000044,51.0096649398857],[-0.8891637513794033,51.00483733823458],[-0.904003092677074,50.99624159600711],[-0.915448949694009,50.979227639856504],[-0.9136206818055299,50.97244616214732],[-0.9277690257840816,50.96118194140066],[-0.9268706248722393,50.95383549045757],[-0.9310773025969913,50.94830930453846],[-0.9397381291166166,50.94560478502698],[-0.9342919650356978,50.943574563580015],[-0.9242458066098849,50.92640425478819],[-0.9398520810528643,50.918528539370854],[-0.948664260797158,50.897668154434406],[-0.9541285895627308,50.8942533825476],[-0.9341585826521797,50.86952839283154],[-0.9243264383627154,50.86322424463006],[-0.9310069951994755,50.85503296270326],[-0.9305806099464673,50.84312113726129],[-0.9503491483855203,50.84246242537158],[-0.9572299136020521,50.83870712839795],[-0.9726380921102588,50.84175561754842],[-0.9774510501811211,50.83517253301119],[-0.9956933456940573,50.83985665228492],[-1.0000029425077035,50.849821011863625],[-1.0009362694630746,50.84277515858532],[-1.0177269945348726,50.842757623793865],[-1.0199419608858158,50.83739470607369],[-1.009881820231438,50.83509427211779],[-1.019610440597179,50.83483376216629],[-1.025556258381553,50.82614067605655],[-1.032687152251338,50.82856269225266],[-1.0347494066442808,50.833643267711864],[-1.0743343746639356,50.83670261915679],[-1.0794621294509503,50.841981598360356],[-1.101976042088556,50.845899763095744],[-1.1154350087607832,50.845579356015776],[-1.1179056808969012,50.84387407164442],[-1.1124325785525637,50.83725681289519],[-1.1194249880950742,50.83504835166059],[-1.1423189625568937,50.838463644592224],[-1.15423194023209,50.844495514572685],[-1.1710127786570996,50.8401988918524],[-1.1751571949144353,50.84672956191787],[-1.1651167495982617,50.84933199141945],[-1.1688390465245644,50.85540054405064],[-1.1684079133878045,50.848923999188614],[-1.1773284731956735,50.8470992402679],[-1.174424759072047,50.842107032481785],[-1.1773702224831304,50.83729369568135],[-1.150936355604744,50.83377853731453],[-1.1556771051834955,50.82282953787618],[-1.1458532427539772,50.82543388664311],[-1.1412817736433878,50.81784966035497],[-1.1246933730257542,50.806083524110406],[-1.13873226759946,50.80649913839431],[-1.1354221570357828,50.80147499116587],[-1.1223150229154546,50.802428601882625],[-1.1232720927691282,50.79871979419084],[-1.117445599741974,50.794597662116814],[-1.1186951462757924,50.79052314593375],[-1.1363433401153764,50.79051918304052],[-1.1403569440065688,50.789124225697805],[-1.1319848548769338,50.788663619382426],[-1.1443567830522756,50.78470535300247],[-1.1324192207968302,50.783330287349585],[-1.1125263266819794,50.789670469759216],[-1.1408907924147849,50.773350686560846],[-1.160317935712067,50.78416149255332],[-1.1889262478443767,50.78949279633633],[-1.2142273518937365,50.80956103832206],[-1.2367382701080651,50.8174360974323],[-1.2443029968159047,50.81661385646995],[-1.3056490144282873,50.84084267644245],[-1.3020763947742129,50.84847767766806],[-1.3068543462905788,50.861492960234],[-1.3038653659098856,50.873647112228156],[-1.2950957830637597,50.87850951466721],[-1.298083089963215,50.884429105275416],[-1.2842458694136338,50.894871179975695],[-1.2626883286438961,50.896968311022015],[-1.2516615087185115,50.90351113363656],[-1.2496609026023864,50.900109519160665],[-1.2510485738203971,50.90394609005761],[-1.26281924602438,50.90479986692852],[-1.266557815127773,50.913360106820484],[-1.2609906682101428,50.899912887178814],[-1.293669925310233,50.892990453280646],[-1.2950317370358913,50.88783906555802],[-1.3036438277621858,50.882312931856816],[-1.2992796895205094,50.879535675132686],[-1.314869595849804,50.87493446073772],[-1.3080784270614825,50.868464863031434],[-1.3111243245290816,50.85582258616694],[-1.3154556936471387,50.8534575464886],[-1.3086687661209753,50.84998017239501],[-1.3109851397108019,50.84829586266251],[-1.3315178442024,50.857235340333325],[-1.3828252879702194,50.890634081016685],[-1.3834041111171165,50.9034394370882],[-1.370361741915475,50.91132551459286],[-1.376301480355267,50.91596838041655],[-1.3860726092132232,50.91618474611576],[-1.3762214811650602,50.920675166030044],[-1.3780345816764916,50.9304634431523],[-1.3726670302354957,50.93570943137959],[-1.379190758973465,50.93212801310693],[-1.3788318383024694,50.92200120715234],[-1.3895074020639546,50.91583130537147],[-1.3765827902341539,50.91163140046503],[-1.3864950809476042,50.90634444168906],[-1.3867568228124603,50.89497350986129],[-1.3914053324523805,50.8942252719501],[-1.3906179854696272,50.888634381984325],[-1.3946525306727617,50.891871456475585],[-1.393911700292691,50.88255569689146],[-1.3973291379815644,50.89359858390505],[-1.398748323776697,50.89116595325239],[-1.4361810162007278,50.906951102847735],[-1.4471573081595484,50.903396304652716],[-1.465719443975535,50.910898763305504],[-1.4786604338930274,50.93329792201924],[-1.4757944890507935,50.925282727098164],[-1.4836874412297143,50.931353396156396],[-1.4778071799087291,50.92649955866309],[-1.4850208889631535,50.927107194136795],[-1.477439659249531,50.9238637276178],[-1.472955831207315,50.91329692191065],[-1.4775881557877297,50.9158170290292],[-1.4815790640413826,50.91002953011888],[-1.4889248526911933,50.91068875211344],[-1.4759358804678404,50.91079576476107],[-1.4624996810123583,50.903407679482385],[-1.4204218332975533,50.89447366696982],[-1.3971120243451753,50.87472537477176],[-1.3961929204881751,50.869840737228],[-1.3724001310490674,50.856628613366446],[-1.3735953139212462,50.854385750718386],[-1.3521911796438328,50.84787534106988],[-1.359081589197906,50.84235353289152],[-1.350480960879043,50.84591241895943],[-1.3512374353085785,50.843404705128485],[-1.339623840619314,50.8425696999122],[-1.3340632838475115,50.83743962136309],[-1.338961593946214,50.831634188492316],[-1.3373688767895502,50.82707344512323],[-1.3239250115893881,50.82604030781865],[-1.3285546662992296,50.823427388814004],[-1.3220622556459156,50.82709973792792],[-1.3178674815629041,50.82388975863843],[-1.325957691059613,50.82342682357179],[-1.3211982560826765,50.82205375146287],[-1.3232172441929628,50.81743824875452],[-1.3141689213992125,50.815342056107966],[-1.3149370617087712,50.820282304215795],[-1.3105281710537569,50.81298402779655],[-1.306317425985521,50.8198059757759],[-1.306739121777977,50.81472254986615],[-1.3268971674740975,50.80183117425513],[-1.3419101465912613,50.78493581296202],[-1.389346879126279,50.78524145130213],[-1.3987492978982807,50.78177465168596],[-1.4058897135728798,50.784536331153745],[-1.4010706180948422,50.782961172210754],[-1.40557684917377,50.78504288165712],[-1.4106631039839406,50.80410204191954],[-1.4171543235283377,50.8003887855907],[-1.4166261637072302,50.8055377133561],[-1.4347415881457741,50.80950855305563],[-1.4380356984700566,50.814991707831496],[-1.448164160975948,50.81925896884865],[-1.4343021790629138,50.808166368067695],[-1.4203094450613776,50.8053006613816],[-1.420408130958021,50.799162060714835],[-1.4104050531818788,50.79855524479424],[-1.4098390564581096,50.78264791417959],[-1.3910619789652026,50.77651482036684],[-1.4087083139420855,50.76960490361079],[-1.3918357112450224,50.775150911685316],[-1.4185652703194602,50.765824018994195],[-1.4615472806193732,50.76030406496565],[-1.4623277207446783,50.76297790192806],[-1.46789365632999,50.75872061685566],[-1.501702957977353,50.753352318581285],[-1.5278902086270734,50.75675746336037],[-1.5336383811671699,50.76330462479265],[-1.535476227619595,50.75928907512148],[-1.527448740523132,50.75413310816062],[-1.5290662320759643,50.74864268855775],[-1.5239506307475648,50.748305339729804],[-1.5270895966649176,50.74277977160623],[-1.5355563146768219,50.74446504790672],[-1.5384342230119916,50.73880142811329],[-1.5298816214534452,50.73969901401532],[-1.5296614702620432,50.736632159977745],[-1.5558345113073686,50.721435522651795],[-1.5780224223452166,50.717236004300375],[-1.5513369984223522,50.70606593264652],[-1.5527727879370352,50.711018028621574],[-1.549356615781452,50.70565897057329],[-1.5632739231731794,50.708193318914695],[-1.5819076559432848,50.71826899376386],[-1.6456779752740138,50.73267773046629],[-1.7085402525340327,50.73592044889956],[-1.7274670783585953,50.73181202463135],[-1.7389700483713435,50.72410464560827],[-1.755548449590746,50.729630343203375],[-1.7573043820907974,50.72355336042209],[-1.7620200491268148,50.72264032456675],[-1.7688450716902164,50.72836596285022],[-1.7703551472005166,50.73831147600178],[-1.7750137806673516,50.73861376040593],[-1.7685753693603936,50.73018755339563],[-1.7898209060772747,50.72963509730772],[-1.7914838850672192,50.73647869163657],[-1.8039693350463724,50.74066532659455],[-1.7919304104272522,50.73613772877544],[-1.791171456140045,50.729609643285364],[-1.7675116371840072,50.726369405868404],[-1.7605783266791006,50.71779425263175],[-1.7458392229772726,50.71490394834445],[-1.7409468776064625,50.72225274992679],[-1.7402425869552482,50.71971405302087],[-1.747394427586796,50.711667519705955],[-1.8038697885956128,50.72004619450213],[-1.8511821610019852,50.71839583535985],[-1.897403784887783,50.7095102507982],[-1.9071783286683068,50.71577092067504],[-1.9045467837616563,50.72631912023452],[-1.8641202281065432,50.773312671041225],[-1.8648315261581692,50.80963100468598],[-1.8573222819445139,50.82211398731088],[-1.85733539934693,50.831350307969316],[-1.8618346122463834,50.83687332840536],[-1.851554567873154,50.84844317048913],[-1.8518569856264235,50.86383158280515],[-1.843110476228562,50.88568519315673],[-1.8465315898793164,50.88974494694576],[-1.8400165136642177,50.896795495723254],[-1.8236044879326807,50.89551684526528],[-1.8157817189213294,50.90364607648747],[-1.818946417503471,50.91222710313437],[-1.8098475403528356,50.925362062598865],[-1.841057446930269,50.93030147161444],[-1.871916310956977,50.91695798930534],[-1.9112814337247073,50.94625415942528],[-1.9188115806247785,50.95971319813647],[-1.9547183868417506,50.977030526439],[-1.9551414014559934,50.988938175262085],[-1.9497233984501203,50.983355979012494],[-1.9278584950251616,50.99768819231912],[-1.8863194817151892,50.9992362917256],[-1.8724840037062622,51.005747758257684],[-1.8728371617440087,50.98475703478682],[-1.8536865406870793,51.002780715701185],[-1.835936204317987,51.0090763917455],[-1.8169463759548012,50.98845594416342],[-1.8035753579282217,50.991956581815785],[-1.7401181538525896,50.975390482020806],[-1.7184708314187644,50.97578935285506],[-1.690220815951232,50.95558657772502],[-1.660152798278244,50.944682441499666],[-1.6336709118823411,50.95865616675463],[-1.621150230260771,50.955013392969015],[-1.614167521522174,50.9704739678904],[-1.6051235449840322,50.97590313735063],[-1.6173103778823925,50.97979924553967],[-1.6263428892521143,50.99806689537163],[-1.6192188515589352,51.003375807535356],[-1.6068445341599809,51.00088927502863],[-1.6114012964107036,51.00581304150264],[-1.606675970412948,51.00970981176021],[-1.5971782073432494,51.00677472389276],[-1.6022575565547907,51.01768652702172],[-1.597044994234613,51.022559544470845],[-1.63155460372423,51.032428476541774],[-1.626694231670689,51.07900901865802],[-1.6347958042486537,51.09222577944581],[-1.624572892845376,51.10456926248801],[-1.628523935846488,51.112091161008934],[-1.6261865492653549,51.1153144987502],[-1.6402657443753799,51.12455933002668],[-1.6606999970586422,51.125955455838564],[-1.6533988891909357,51.15477434037314],[-1.6691552898180397,51.176610835251296],[-1.6669163199056394,51.18894727237758],[-1.6913977599445404,51.20272058128009],[-1.6892491530963456,51.22392651629078],[-1.6996931406064364,51.234046820720415],[-1.678303609700912,51.238788145610854],[-1.663122026557126,51.23452732480328],[-1.650921622995795,51.2377252428627],[-1.6234152230968626,51.23351966113729],[-1.6023556093685352,51.25368330138158],[-1.5762257479544934,51.25647246004178],[-1.5446519360034703,51.24576808207347],[-1.5387549655336654,51.24795192381012],[-1.5296311398198041,51.259820037334755],[-1.538995238094409,51.26050983570067],[-1.5363047045027214,51.277597572479706],[-1.5425092075377789,51.28147544032544],[-1.5335421431123681,51.288100570548046],[-1.5240772145936488,51.287438883728065],[-1.518963385586964,51.295908686454126],[-1.5267854903451634,51.3010879982041],[-1.5243533386115262,51.30608619444449],[-1.5308765505752595,51.31864827285757],[-1.5244923253738207,51.33892076899514],[-1.5118166415497782,51.33987259544141],[-1.4928872175724985,51.32787512325784],[-1.431249618227542,51.33431113127122],[-1.4283428760128318,51.3351469475388],[-1.4427383700068146,51.34683225894634],[-1.4422798077138725,51.3539616717908],[-1.4260655247525094,51.355485492570544],[-1.4113033160931092,51.37117188418969],[-1.3484358868087996,51.36581694605713],[-1.315045445447545,51.37142731603829],[-1.2736752250392174,51.36577472593076],[-1.2568295739658457,51.37085615039322],[-1.241392220250218,51.36573314968315],[-1.203238410449644,51.36654668827437],[-1.1786829590348382,51.35835151116633],[-1.1196301233670034,51.357157682785804],[-1.1130835325596284,51.36024811301583],[-1.1133615802497934,51.37237313440766],[-1.0828215029537238,51.38450110791853],[-1.0602489280914806,51.369298249003045]]]]}},{"type":"Feature","properties":{"name":"Staffordshire","code":"H10200119"},"geometry":{"type":"Polygon","coordinates":[[[-1.9463995224162665,53.21202577832094],[-1.9325937661362982,53.210835474121545],[-1.9035726304870628,53.19807738366761],[-1.887825453940888,53.19921206283924],[-1.8838517525764036,53.19774036975308],[-1.8845247146849793,53.192438090465494],[-1.8715897885947859,53.195071263687595],[-1.8306331703221084,53.173130965555686],[-1.8105045788407035,53.15163565325121],[-1.8191286063788645,53.1355510402015],[-1.8108696992257054,53.1320340647735],[-1.7987779300129307,53.11469745104704],[-1.7812280156723839,53.102402633924946],[-1.7799119469514046,53.09228073971074],[-1.7922502759286767,53.08687092823295],[-1.785548526703119,53.0787881713251],[-1.7895064110747974,53.0777962105567],[-1.7832789280878971,53.062219466970234],[-1.7749359338214028,53.05947406658761],[-1.781677299419028,53.0512662565233],[-1.777118820968046,53.04303461330541],[-1.7677900498034709,53.04363624966885],[-1.7572391687633495,53.03801599343598],[-1.7590780151970329,53.03332292160064],[-1.7552081894904061,53.02857859466982],[-1.7618516510086712,53.02238406583959],[-1.7565611036368478,53.01705536604455],[-1.7647604708631688,53.00662747681281],[-1.7603231928511498,52.99845351637854],[-1.7869567384808327,52.99251165554832],[-1.7861937047376324,52.989755056377845],[-1.8030141677307618,52.98520217330107],[-1.8042850571020477,52.98016101858614],[-1.8250901253050564,52.97777984100657],[-1.8277539455815892,52.969584043269315],[-1.8169132040513607,52.95503644814386],[-1.8287127599343673,52.9447022634129],[-1.8222871794726423,52.94179850977737],[-1.8275636372190327,52.93916790428968],[-1.8466290051861156,52.942059420008626],[-1.8455185203272613,52.93562962221969],[-1.8514253004025516,52.93568126185731],[-1.8490647084294312,52.93307277944739],[-1.8545349397169653,52.92759297024484],[-1.8514657225306492,52.92618330966732],[-1.8545804022297518,52.921102000346266],[-1.8467947921295629,52.921191672899624],[-1.8493711287721686,52.914320157949966],[-1.8418445598111937,52.910996588101234],[-1.8381366703091098,52.90094766579898],[-1.832525392333217,52.89959582641214],[-1.8378797915225271,52.894083438863326],[-1.8338685454206032,52.89499491644051],[-1.8299438270249297,52.89179861786204],[-1.8313804953183401,52.887525170953744],[-1.8223994133975328,52.883246978705664],[-1.8111502745783865,52.881390807136064],[-1.7974026962956366,52.88540709528891],[-1.7579557789281934,52.87817464340772],[-1.755028569210842,52.87564738940987],[-1.757531591792131,52.873381036968055],[-1.7510496805731657,52.87398290982366],[-1.749158015934433,52.86841497350273],[-1.7439158432890145,52.868005958616706],[-1.745878625784383,52.866372228401104],[-1.7256176970132557,52.864450109180744],[-1.7234235033374667,52.858563856035545],[-1.7114265583047086,52.863907388166275],[-1.6878856638494497,52.864461731997984],[-1.6514560320750282,52.85169618953393],[-1.6450912891529805,52.85083616382879],[-1.6423043247292943,52.8552452214617],[-1.625093061925077,52.85381574086066],[-1.622697507479747,52.85185468813517],[-1.629525206552324,52.849437515121416],[-1.6278930050879818,52.847213724369226],[-1.6141622345717435,52.84382346502536],[-1.6042731198957285,52.8326224428467],[-1.5954565875366304,52.83182206967899],[-1.6075312996477935,52.814844910192335],[-1.5903293190675647,52.80886846584996],[-1.5875762172102874,52.79994280836442],[-1.6071986160102834,52.79588354117678],[-1.6119294845702763,52.78617044484267],[-1.6089556675883687,52.78266671012782],[-1.617609001854692,52.78543760599016],[-1.6280434015337406,52.78017502825325],[-1.6385314217591223,52.787261123942166],[-1.6498565343745197,52.77906700396447],[-1.6641124636181883,52.78472396229436],[-1.6684887345615091,52.781497972004544],[-1.6683484740777819,52.772946118249436],[-1.6773542141171058,52.76997202249558],[-1.6832083621039053,52.75839327976519],[-1.70551294600052,52.74596782277012],[-1.7035222769360814,52.74014507691458],[-1.695228295425586,52.74117736634664],[-1.7018004786819902,52.731422638934504],[-1.699531339964484,52.72676003071481],[-1.6744468309371194,52.726376060843435],[-1.6550076988872497,52.71994699465065],[-1.6576470299235233,52.71379630151886],[-1.6549500179440528,52.69852310774115],[-1.6244588760505378,52.70031232108783],[-1.6160547930597189,52.707949149869215],[-1.6055076814290474,52.70448513131845],[-1.60972922806358,52.69926116172412],[-1.591543973840341,52.697635800144084],[-1.5877190216400092,52.68799600199881],[-1.6021695812448133,52.678427233340464],[-1.6018196882557743,52.674050084478935],[-1.614478971127066,52.67159755711747],[-1.6137514357903533,52.668351767472785],[-1.6901281986420942,52.64215553055257],[-1.6849744242637041,52.63129453555728],[-1.6900182419602983,52.6313131762539],[-1.694499415830465,52.62466486817522],[-1.6878275534157323,52.60600863016734],[-1.6997991089399567,52.59601027442368],[-1.701700804486224,52.58809159438509],[-1.7351628688925187,52.58781094876959],[-1.7372820730660634,52.59183570909779],[-1.7452280992876226,52.59285948209338],[-1.7668246153624059,52.58836667474421],[-1.7777106578356696,52.59105283387245],[-1.7866586887027445,52.58721979702404],[-1.794166314425972,52.598383423653395],[-1.8173465220313847,52.60881006153596],[-1.8179460095612245,52.618280842050844],[-1.8251433379259376,52.614116013477705],[-1.8257027681222342,52.6081924501614],[-1.8494896832243988,52.603160978847924],[-1.8531686343493343,52.59430906222137],[-1.871536948990918,52.58540643144485],[-1.877758860967758,52.569473057109406],[-1.8757535080738903,52.56324899851182],[-1.8562527810963076,52.54515128430143],[-1.890134189381673,52.53045201209653],[-1.9030371031308297,52.516564127279295],[-1.9132201152194703,52.526222689523024],[-1.9222375150245967,52.52581115881015],[-1.9309433103104425,52.5324684451055],[-1.960223956244008,52.530868875773535],[-1.9564094365046354,52.51901269781724],[-1.9614017288692114,52.50911763599098],[-1.9583589702654145,52.503101927116916],[-1.9431053921447154,52.497819278256976],[-1.950318930982063,52.48354876444216],[-1.9625998046606081,52.481043669480215],[-1.9672117759018053,52.47749274546563],[-1.964947998552618,52.47375548736779],[-1.972191154628979,52.46947965208576],[-1.975349431881115,52.482092217071475],[-1.9927923507806629,52.49540404667987],[-1.9974298009496203,52.50472844344418],[-2.0222752713053804,52.512740976090235],[-2.040730328434015,52.49964099984075],[-2.038837248419239,52.493425213981205],[-2.026778249203757,52.48838826428942],[-2.029187204825516,52.481259797460005],[-2.05396083987086,52.46223508270924],[-2.0715549055499975,52.46022327656969],[-2.0964962662876543,52.46795021348961],[-2.1099469398753916,52.46144217320424],[-2.119522093726583,52.463121235455255],[-2.141931702806275,52.457036225583074],[-2.1562933380384117,52.46126470630956],[-2.154468744917526,52.466839019625205],[-2.1587562809237566,52.469746438759366],[-2.167438557591097,52.47001965311818],[-2.1749150146275094,52.45577376425764],[-2.1631815150521847,52.42288402713436],[-2.184886420386315,52.42590681157271],[-2.1923423363162926,52.423140550369475],[-2.216511022659355,52.43383386544117],[-2.260755080751824,52.43681420762856],[-2.2608823615356046,52.44427597102505],[-2.266031387690728,52.44359213742873],[-2.2634470409335266,52.4393914960258],[-2.2688373198681617,52.43780620602777],[-2.2845386011788276,52.44329871593729],[-2.2922997004973804,52.4491422616595],[-2.28495691532642,52.454825682899035],[-2.2948704116233465,52.47510769733224],[-2.3102917621454475,52.48862983360911],[-2.3051313316439566,52.498701676308414],[-2.2866036289235407,52.51398380504728],[-2.259138919540959,52.5248964189227],[-2.2666137373815562,52.53147384376146],[-2.2570046593681696,52.539647356463114],[-2.2624243725814717,52.547627002552616],[-2.280179452952263,52.55204975023124],[-2.26123528852693,52.562300562331124],[-2.260026979386714,52.5697238061548],[-2.2783632798085542,52.58444768809746],[-2.2931445522021097,52.58465477791197],[-2.2961856360252115,52.59236419100099],[-2.3197085637115733,52.593481398214],[-2.3221295217617532,52.609412543131256],[-2.314353981380748,52.61477286800481],[-2.3056221398828582,52.60651992637153],[-2.254733701981366,52.60934231500385],[-2.2356741308022148,52.6348330671154],[-2.2316807811081363,52.645919834562],[-2.232840685771833,52.65540085365666],[-2.244378553990201,52.65666920359207],[-2.235825445001595,52.66305507523398],[-2.2372194281089572,52.66856671123565],[-2.246012155562061,52.68140862578026],[-2.298679826041249,52.683170622582665],[-2.306809394461706,52.6931503569469],[-2.3179531818737353,52.695667615647956],[-2.3211530908910674,52.70766692450917],[-2.315724992402836,52.71283120219331],[-2.292819569736651,52.71566922115632],[-2.2910938858772605,52.72234904584151],[-2.29925344061222,52.72507651008483],[-2.3015334566561894,52.721518015741445],[-2.308632805117703,52.721482613198575],[-2.313748389109719,52.726856007225535],[-2.3145452966355786,52.737659264212304],[-2.3106749794325525,52.74006266331387],[-2.322249283863139,52.750838533799644],[-2.3279767180856896,52.750918362148596],[-2.327642360469778,52.75597342587143],[-2.3635830050466926,52.77634317060898],[-2.3775102972147826,52.77621314207028],[-2.3754050723464313,52.78278717598127],[-2.3823554830332454,52.78847007886865],[-2.3809051710403217,52.79311444838088],[-2.3711199526506443,52.79424595631842],[-2.369842365052568,52.79914194195811],[-2.3767662282640925,52.81038421837992],[-2.41560869486949,52.825834639035584],[-2.406263119450289,52.834013820274684],[-2.395088472069508,52.83338145923969],[-2.3872848771466333,52.860437125774936],[-2.381677739396272,52.86413716204097],[-2.3825636012030595,52.87507177960604],[-2.3759586568844386,52.88947365503435],[-2.419161822496308,52.88472398172672],[-2.4438850550037303,52.87834336231216],[-2.44734483773578,52.87216431715361],[-2.49682552446641,52.89173687402109],[-2.4816692103349256,52.895442683592286],[-2.48330050791204,52.8987563473316],[-2.4724692602758234,52.8995098836835],[-2.4726877458221077,52.902807947948524],[-2.4591669309131508,52.91184045406396],[-2.458319642100484,52.92293060030066],[-2.451986884229792,52.92348529169777],[-2.4270560532088803,52.94787036542191],[-2.406942814188856,52.94666345741463],[-2.404863502579042,52.953317521470105],[-2.4128878481570717,52.959585971046344],[-2.3993650727676683,52.96040899341297],[-2.3931816199789604,52.949589219620606],[-2.375224082019954,52.963330558088174],[-2.380890289275171,52.97134679427316],[-2.379122608166648,52.97521434542058],[-2.3659971685093355,52.97887435453539],[-2.3755165696657454,52.98950968648445],[-2.3720350881769794,52.996247607614],[-2.381068806369364,52.997881922210844],[-2.3764032305755163,53.010039819924266],[-2.3617807380135436,53.01690317773426],[-2.3722052765828185,53.02588990597323],[-2.3724117446024735,53.031250524709826],[-2.380566914481597,53.03480001307833],[-2.3800647793926117,53.044161834553016],[-2.3900276387344017,53.04630662451496],[-2.373810663686369,53.05058323269101],[-2.371201375159827,53.05636675487083],[-2.361825932780625,53.06005267058897],[-2.3427206906184934,53.05570376475154],[-2.3240692980271107,53.0768407525394],[-2.3150818464123395,53.0812104927049],[-2.3010768010940894,53.083029037845805],[-2.291026600928064,53.07787207148762],[-2.276227900886022,53.0792345065747],[-2.2666207103754448,53.08830272239461],[-2.250398692835952,53.085992378317684],[-2.243357812765793,53.08897371793507],[-2.235039556441358,53.102401406452046],[-2.2162769277624,53.10975433154129],[-2.1797806825812107,53.14139648540612],[-2.155585513173599,53.15252365583233],[-2.152045922108302,53.158498985999344],[-2.139872034268809,53.15656672835286],[-2.1422946827541614,53.17131809666766],[-2.138329804242945,53.18379942124755],[-2.1100319832816674,53.16877439211375],[-2.0676129655530966,53.17300039897318],[-2.058344889728169,53.176128183996575],[-2.051117282911635,53.18407833597281],[-2.0537039465381226,53.18698207173626],[-2.042060896042162,53.19306900057375],[-2.0167308359261025,53.18955484948771],[-1.9972751395955584,53.193251134636355],[-1.9843703910223012,53.213574359372025],[-1.959443772089961,53.22548963418052],[-1.9564307448588265,53.2172746271292],[-1.9463995224162665,53.21202577832094]],[[-2.0788890655311323,52.522611887336055],[-2.075910767053633,52.51270540261763],[-2.080102655248633,52.51162637317495],[-2.082412975372311,52.516747666691835],[-2.097466381213608,52.516602205814245],[-2.1173916214388546,52.50800927056452],[-2.114227411090174,52.504356131339776],[-2.118756605763187,52.49643736150903],[-2.115818970773992,52.490445248771906],[-2.094544994022382,52.47474759780834],[-2.0847835568909736,52.47367944505109],[-2.0671120867125627,52.48299114827334],[-2.0664784656609436,52.48885672829378],[-2.0706090221916646,52.49001754554957],[-2.068896813284222,52.49713267463629],[-2.0565639906943556,52.510320259602565],[-2.056929681812623,52.51428004002784],[-2.063853529586129,52.51398289569662],[-2.0712980712169915,52.5227400464253],[-2.0788890655311323,52.522611887336055]],[[-2.081669588285707,52.521700791189005],[-2.0840814609185356,52.519189375366565],[-2.0815680002956647,52.519086126190366],[-2.081669588285707,52.521700791189005]]]}},{"type":"Feature","properties":{"name":"East Suffolk","code":"H10200120"},"geometry":{"type":"MultiPolygon","coordinates":[[[[1.4655154563942476,52.04745598549057],[1.462382117428117,52.0448234083662],[1.4649523983908659,52.047853078890476],[1.4655154563942476,52.04745598549057]]],[[[1.3342332828231371,52.05469391974679],[1.333753496356254,52.05514828057562],[1.3345059224654126,52.05547419188416],[1.3342332828231371,52.05469391974679]]],[[[1.4852243050933462,52.05844254568432],[1.477967253447752,52.05458305073064],[1.4871264037263348,52.06017186346027],[1.4852243050933462,52.05844254568432]]],[[[1.533895327195936,52.078866556475596],[1.5391322747350433,52.078310730639664],[1.5382767242857733,52.07578433278392],[1.502311888510716,52.06494666931059],[1.5052774696520566,52.068909188413365],[1.5162220278073473,52.06923949151892],[1.5262924298525389,52.07932301456109],[1.533895327195936,52.078866556475596]]],[[[1.350251985734736,52.10233833601487],[1.35055596811125,52.10309969081816],[1.3509798653890035,52.10296709268232],[1.350251985734736,52.10233833601487]]],[[[1.636218071433001,52.33163735273109],[1.638962938019189,52.32840778992392],[1.6307596318446884,52.323698413141805],[1.63326102148951,52.328580806924386],[1.6378114059553113,52.32775961591594],[1.636218071433001,52.33163735273109]]],[[[1.5191999681066797,52.46243332634535],[1.5164629654895172,52.46292321084103],[1.5181150196392894,52.46343534234628],[1.5191999681066797,52.46243332634535]]],[[[1.3658251184680952,52.00986441999634],[1.3650872730868537,52.02145035059138],[1.3465080834598566,52.03071828343156],[1.3531938393007892,52.0374041040648],[1.3535751073552436,52.04340848342413],[1.343490663499002,52.05247306487517],[1.3453680678237183,52.062711354430554],[1.3330530479864375,52.06760329879569],[1.3209766093077524,52.079849849737315],[1.3217782241123177,52.087315853602234],[1.327442650579915,52.08845574742573],[1.3392495617496025,52.10116387694022],[1.3446126392334263,52.10117540735518],[1.3367945168793565,52.100601988545094],[1.3497506591037818,52.10249022507211],[1.3542715965254402,52.110949422333725],[1.3487122411852182,52.10253144974135],[1.3319442589327024,52.09959240683584],[1.3249163025067017,52.092046071456664],[1.326850329180289,52.090326417579895],[1.3185544453984617,52.087716527047135],[1.3145529273177874,52.0784161965181],[1.2963830509299612,52.075057394200776],[1.319142140124193,52.07563240783643],[1.32601306260488,52.06761798039637],[1.3218361357501527,52.065894557868845],[1.3356388665757735,52.05785015659659],[1.335355584611215,52.04992066639624],[1.3490782089637892,52.04191554091084],[1.348737471223409,52.038394534425834],[1.3429506994248521,52.037589321966685],[1.3412632583425241,52.04490011946481],[1.3391334830972164,52.03295439913209],[1.3411678985343236,52.03795568059051],[1.344721665031793,52.0364208816807],[1.3414243153586372,52.0313853541539],[1.3446720959742173,52.027068857437456],[1.3398512697471159,52.025448946229574],[1.3574669294251107,52.02202961438971],[1.3613450300270422,52.0156886806639],[1.3560201012063255,52.01367542373879],[1.3658251184680952,52.00986441999634],[1.3605215816423462,52.01001626672391],[1.3654178394581151,52.004248735141836],[1.3857911952252258,51.99513918739161],[1.386175215286924,51.98943756124609],[1.391365352259571,51.98920709759858],[1.3920517210864334,51.9842964478418],[1.3907282413714832,51.979297072588615],[1.3713851972333844,51.96389760864027],[1.3480378632854002,51.95714677841595],[1.32829432605292,51.93968109132383],[1.324683899248218,51.93978353185437],[1.3214458709437258,51.95004587391052],[1.3163001216724968,51.953539823043165],[1.2843375516567554,51.96560132167946],[1.2850697889160254,51.9888074623481],[1.2805740008923219,51.99222068800855],[1.2655952488820073,51.99554733026739],[1.2598923626835905,52.00182944636309],[1.2556462951121912,51.996864652428386],[1.2317588428542536,52.005859001266096],[1.2177483894897985,52.0059928562273],[1.201036225091356,52.0144623790515],[1.188109623663801,52.01538174043958],[1.1702771831051817,52.029677124851645],[1.160733861831043,52.03260798483858],[1.1654118834423113,52.04452482149096],[1.1599595782232304,52.05021580361961],[1.145078742182003,52.05146969528321],[1.1364770489379385,52.057077225307225],[1.1447681287956806,52.051160461252415],[1.1606314075972348,52.04911027460556],[1.1618636598108503,52.04383669853307],[1.1522584915531822,52.03402798748458],[1.185070455662849,52.007676069988975],[1.203688767607222,52.00482838067588],[1.2132824614991342,51.99613204512039],[1.2688236483070017,51.9874005990553],[1.2796164359454947,51.95782226439902],[1.2682612150633679,51.95520311817629],[1.2415430782641206,51.96023319372464],[1.2218208807836588,51.95262625476008],[1.190554835427957,51.955232521770185],[1.1662247045775598,51.96934118650139],[1.1305579546124422,51.953243782060476],[1.1200134458988726,51.95573490060303],[1.102477189253091,51.953160189189944],[1.0868697506800582,51.95828592446471],[1.0720372054832523,51.955081616674086],[1.0745671966769477,51.954503710602424],[1.0664092987900204,51.94886095370535],[1.049512299462233,51.95929642087492],[1.0448326902665723,51.95884631439424],[1.0445718325907838,51.95498555749803],[1.0372889253610797,51.95755309013945],[1.024390001106595,51.95278969154816],[1.0029592936368363,51.96316716344903],[0.9792326048892016,51.95914960247474],[0.9721232919630907,51.962026280113164],[0.9732026049870708,51.96937860386559],[0.953154469275847,51.98317224683989],[0.9485712080688284,51.99193973063968],[0.9538045698033588,51.995852849119586],[0.919677781170874,52.00323642411586],[0.9203457623226455,52.02053717227858],[0.9399668941225493,52.010972115879646],[0.9401760403159412,52.00761921724177],[0.9552830046822643,52.009068617541416],[0.963205152512441,52.0105066078121],[0.9704322973611973,52.02072154997136],[0.9738701932731063,52.01958040705637],[0.9743973034469114,52.0276850352123],[0.9879774859281719,52.02698907385214],[1.017804833864388,52.034859489033835],[0.9992723701458728,52.05874479938548],[1.0139467931234851,52.071327224438704],[1.0275018474855804,52.07039529646242],[1.0283093822454963,52.074332059712866],[1.0196680813558476,52.088397024295105],[1.006362394445465,52.09664620697411],[0.9748294538232265,52.0947602134383],[0.9771423133195652,52.09906189606147],[0.9738838724604627,52.10416766191032],[0.9630697313533135,52.10315310171943],[0.9547273925641004,52.10741284058839],[0.9511986285747134,52.11864406894522],[0.9539748899457156,52.120260541050044],[0.9455390011571958,52.12620796614962],[0.9491352909509988,52.13649776980968],[0.9451866065100577,52.143967763495155],[0.9480676940173007,52.14355463817237],[0.9397995432317328,52.15033513401375],[0.9392120202137751,52.156215279020536],[0.9281084491585458,52.15212824655343],[0.9189790791351754,52.155387081133284],[0.8937213016497277,52.14982742792751],[0.8967037129349896,52.18033249630398],[0.9259182452408556,52.196761304118624],[0.9207802703555357,52.20604127602496],[0.928456346907155,52.21259327126116],[0.9297328315048035,52.22001295087004],[0.9189134568067604,52.22368460414942],[0.9448781594716873,52.24996845092592],[0.9593622107163032,52.25526116666367],[0.960600533028393,52.26731316011585],[0.9723635961364108,52.291702947693665],[0.9931098081269888,52.29772982802797],[0.9989518397105278,52.30382529764921],[0.9842296414402276,52.31777573344915],[0.984763556256173,52.326998286405406],[0.9933253108989433,52.33708253091348],[1.0048213457436779,52.34147540868054],[0.987640685309662,52.359511336425626],[0.9895815614536037,52.37251630208888],[1.0312253804710243,52.37915077244294],[1.0640154838383578,52.377447839375584],[1.1146195256964746,52.371376258900426],[1.1244608517369874,52.364978867159095],[1.1382071337106252,52.36615463362614],[1.1695287226037552,52.358797116475394],[1.2057221058305996,52.359142124616135],[1.2152444965148756,52.354357669551746],[1.2351272349526667,52.364163592754736],[1.2504464600738705,52.365107230517786],[1.288928420526518,52.39000507909513],[1.3244851656342678,52.38943524865831],[1.337543511849671,52.40139794844243],[1.3620674296325825,52.41259943012764],[1.3586770987238077,52.42124654050506],[1.3649234844342686,52.42646860776834],[1.3944088705680142,52.434276874896135],[1.392787616650692,52.436627045894966],[1.412403550790642,52.44462373767698],[1.4379717867947943,52.44728964275763],[1.4321790911046874,52.456528049174445],[1.413184040271276,52.46145023933149],[1.4214588424424965,52.46996882831561],[1.4294063790962332,52.469733660277875],[1.4408562254687676,52.45777224157815],[1.4484119509652664,52.45541586757894],[1.4608971512713493,52.45749806723451],[1.4675023782798378,52.46503330696524],[1.4825557595998096,52.47132345062679],[1.508530635509093,52.46195904961787],[1.5237294748201675,52.46132052002426],[1.5273998101927333,52.46750870040693],[1.5326299695668375,52.467452280963656],[1.5611695249000914,52.45686867493318],[1.569153891983902,52.47282057499139],[1.5877187143001312,52.47796870457468],[1.6198724680173089,52.46273889469204],[1.6348586055710113,52.46210334990432],[1.6488839047365438,52.47139087273916],[1.6610544876440925,52.46789823247561],[1.6822416550152404,52.48841229936434],[1.6830750952431492,52.473885982363534],[1.6927230632937156,52.46972200952545],[1.7255355073619125,52.47636264849462],[1.7409254317199505,52.470464371760386],[1.7576708698014158,52.47102683807063],[1.748427704416545,52.466445552036525],[1.7357678357797408,52.44590846107009],[1.7292577778975542,52.397445929867494],[1.695210511898361,52.350885725809974],[1.6766259418086185,52.31312098293133],[1.6614594140981784,52.32441752322903],[1.6297633140257026,52.33314678033112],[1.6323115643626844,52.33127280025559],[1.61475872780775,52.326527718918605],[1.6123724434201534,52.31944736509721],[1.6153846627697077,52.31967984668974],[1.6123991025009738,52.31930621479356],[1.6054109727614703,52.328896241236116],[1.5890848267636422,52.319400634521294],[1.5603732290118402,52.33197565487587],[1.5742215820709162,52.32848138243641],[1.5878034817687445,52.319221909704055],[1.6006517322547602,52.323454315710826],[1.610364484737683,52.31512698773903],[1.6319952646393974,52.320647682645124],[1.6315781183097235,52.3256055245286],[1.639738977133757,52.32945345795217],[1.660705704501064,52.32291880626948],[1.6681541125698467,52.312961080251526],[1.6736053601993448,52.314074274335674],[1.6502275806492994,52.29779231567945],[1.6351904437702334,52.27664953281036],[1.624270551514431,52.1862450422604],[1.6069223454100192,52.15791219968084],[1.5818503410795555,52.0858950727336],[1.4854707571737937,52.0554250583453],[1.4647993426890256,52.04003494373542],[1.4704513597210511,52.04849259017428],[1.48921243935149,52.058476427571826],[1.5375789462502556,52.073719171793954],[1.5690175692409518,52.09034012348618],[1.5824295172374805,52.09086028744464],[1.569211016192493,52.090768760461486],[1.5449372310754488,52.07895380469308],[1.5418666746365448,52.085990094603],[1.57059619971842,52.09762929110968],[1.5717730885237398,52.11059084342256],[1.5889601445538324,52.11997008732146],[1.6001633126203614,52.139658456902],[1.5947358245199283,52.14471438495739],[1.5835230528735988,52.141833705073445],[1.5755712155517518,52.1445950814635],[1.5807308376757334,52.15522078391437],[1.56865249017321,52.15988997500874],[1.5581217401728709,52.15817723370399],[1.5560272676294573,52.164996301895364],[1.5315209250122677,52.16427157841111],[1.5140206742623359,52.15588279135667],[1.5107740982164468,52.163795921230076],[1.497963604535506,52.16471937080985],[1.5083152421214532,52.16264575111245],[1.51118839644862,52.158101008835146],[1.508800380800871,52.16221210649162],[1.5010952350683775,52.1634308372719],[1.5061354094092598,52.15334615154294],[1.5098933554674259,52.15475002607961],[1.5127501007398716,52.15054306105989],[1.525670698992354,52.15110344416207],[1.5286606235295124,52.156544487729896],[1.542861022114486,52.15549761578149],[1.553791623006794,52.15007948646661],[1.5698889220533045,52.155549816798036],[1.574336599679339,52.15314261164094],[1.5702567987319245,52.15265640734281],[1.5700274344162095,52.14809437859675],[1.5751231807103283,52.14239930069524],[1.5860223751133777,52.13938634129056],[1.5963226833162396,52.141655022483846],[1.5843609031047674,52.1201497368514],[1.5693053024802082,52.11223544380894],[1.5680650492253199,52.10048395118892],[1.55362197291223,52.0913707291625],[1.54063941492958,52.09029462073834],[1.5398034125929552,52.08130955040535],[1.5268591560292355,52.08150910726291],[1.5125234381861141,52.06913220684555],[1.4921271976736536,52.07378886643003],[1.5000687965706614,52.08847963764368],[1.4954375954676686,52.10075511874144],[1.4880841625318757,52.09856590879856],[1.4918022539647284,52.10167617153421],[1.4860738790115942,52.102546651685],[1.4882373014062273,52.109259936273915],[1.4854219453629358,52.113134054202824],[1.4880362817684025,52.11323207041957],[1.4863011976742735,52.099208824808684],[1.4939085508150203,52.097734754895306],[1.4983456482586346,52.08573857741252],[1.491720128237938,52.080445169938784],[1.4912821709100375,52.07289456702996],[1.502098303776251,52.070531282568396],[1.4975507532562091,52.06453588382001],[1.4805645230667024,52.05817920862305],[1.4594829117517545,52.042836955058426],[1.4542501756877737,52.04372648433082],[1.46405782924079,52.04432611845865],[1.4461214891670036,52.0257647744644],[1.4336444677088054,52.00501041722079],[1.4254250911466098,51.9994415098535],[1.397127702315291,51.98701056830057],[1.3961468114559477,51.99670192106414],[1.3918923338508928,51.99759916494031],[1.3971105718321535,51.99820872440377],[1.3658251184680952,52.00986441999634]]],[[[1.69839748553231,52.60642244912548],[1.6986787447596754,52.601653812860114],[1.7091579328432565,52.60064031705002],[1.7143824775375383,52.58794861193683],[1.7089914761660847,52.556954394333964],[1.7342736297294472,52.55659040760283],[1.762297897628572,52.48922335242624],[1.7646403970585145,52.480855309196755],[1.7594278074646974,52.471840558760455],[1.7594849076378742,52.47647198670087],[1.7554872413863576,52.47236920919005],[1.7237176864820316,52.47725387814418],[1.6925089386285614,52.47335402602794],[1.6842173488845353,52.47641147728398],[1.6846965175492816,52.49448440542794],[1.6760432797634457,52.50237152859838],[1.6568358192520187,52.500885813100666],[1.6476916582831853,52.507549052872555],[1.6517643857165905,52.513153543904465],[1.631941754402429,52.52106788679389],[1.6314731156361761,52.528090783402895],[1.62243046001864,52.532821950624864],[1.6225200605412127,52.539780899617995],[1.6077067632724165,52.54351093858015],[1.6103067117564793,52.548756946104284],[1.6261820664833064,52.55272844859619],[1.635947995391733,52.56127573098146],[1.6380107073022645,52.57343462571586],[1.6508280789091376,52.57577611169381],[1.6527862250650458,52.593945300584046],[1.69839748553231,52.60642244912548]]]]}},{"type":"Feature","properties":{"name":"Surrey","code":"H10200122"},"geometry":{"type":"MultiPolygon","coordinates":[[[[-0.3193815762883187,51.465441273200454],[-0.3196909676997415,51.46571999849841],[-0.31910596027638627,51.46598951521229],[-0.3193815762883187,51.465441273200454]]],[[[-0.29585476517698583,51.48405710104059],[-0.2948449349887345,51.485101844650956],[-0.2934387885853021,51.48553285681434],[-0.29585476517698583,51.48405710104059]]],[[[-0.2926540018434854,51.48563226682006],[-0.2930346912725354,51.48563039897176],[-0.28838426653955457,51.48668318623973],[-0.2926540018434854,51.48563226682006]]],[[[-0.2267678110523727,51.48492303823604],[-0.2241731373793856,51.46976402469725],[-0.2297180798903904,51.47237801456105],[-0.23352563165245271,51.465682446369094],[-0.25280782507619365,51.46786959951035],[-0.25713332315856346,51.464378465535155],[-0.2487546992054416,51.43382360414602],[-0.22950829798919495,51.439760228125344],[-0.1898226032147737,51.441094104794466],[-0.18149954163827656,51.425756076802486],[-0.14841674785940576,51.419480126900204],[-0.14305485944904453,51.41686651225857],[-0.14559353150493745,51.41206937901996],[-0.12730246887255176,51.41096651587652],[-0.10877947264752767,51.422624476339976],[-0.08008160960828181,51.41884754617913],[-0.05405873594158105,51.39566889516954],[-0.02395314174563171,51.38472549813001],[-0.01975447212924312,51.36261986545771],[-0.0007356780905908691,51.34672264606893],[0.007624582885654967,51.32875119483209],[0.00934148284522365,51.30829821473311],[0.015717876780690487,51.292820201925075],[0.01914164724323896,51.29193725684965],[0.032223814887460754,51.30648723962474],[0.04614579098955468,51.3009546843933],[0.05727579644319565,51.24520804468272],[0.04615940900982366,51.23197709591807],[0.04602430259599293,51.22019246957026],[0.03603456080703833,51.215550241247314],[0.03477763764965632,51.21138321857083],[0.0545186771326105,51.17936196260777],[0.049007925782484175,51.17416525564435],[0.058386561290396995,51.15076458610028],[0.0538456521683699,51.14461702602752],[0.0290095918404082,51.139062317133586],[-0.03939120552893558,51.13951487108144],[-0.054707793919011684,51.13639536812562],[-0.06095133418133032,51.1404976875849],[-0.08315005660372801,51.14235056813544],[-0.09798471439431325,51.1373179193253],[-0.12487237769863113,51.13756924996442],[-0.14449135921075243,51.14281197042806],[-0.1798834244918874,51.13531690597881],[-0.24169780396681886,51.141372365777116],[-0.2953353636465989,51.12503756495711],[-0.324895970232117,51.124294489782805],[-0.35390486410830674,51.11651561269787],[-0.3586622164128671,51.1200365674338],[-0.3931720882646551,51.113854316246766],[-0.3995176031554171,51.10739327457244],[-0.44176981864074155,51.09772307361052],[-0.461304289891227,51.10054014603717],[-0.4831759594183875,51.09738065676069],[-0.5089417716744788,51.0867193559495],[-0.5342897729622207,51.093008003231716],[-0.5304091553193507,51.086162529279264],[-0.5342070759088609,51.08249579122212],[-0.580927192931566,51.085099003676525],[-0.6049947096238475,51.078314870822375],[-0.6222507686766523,51.08797402097303],[-0.6293807534547192,51.08803338687873],[-0.6963367865291887,51.07183852264495],[-0.7257950061158163,51.07854223975777],[-0.7321977478399129,51.08511213383761],[-0.7510581541616375,51.08700174041505],[-0.7556261248106417,51.091734707578674],[-0.755815292623199,51.09965233158355],[-0.7705810544028707,51.10435421839736],[-0.7496005091690747,51.10575561615773],[-0.7460163809529086,51.110645280710735],[-0.7771129343272617,51.12465395281034],[-0.7808732702889256,51.13563367809807],[-0.792141856140491,51.143536717978854],[-0.7938013093197064,51.15174436859455],[-0.8050857093550426,51.15299070559457],[-0.8180374083594553,51.146252294648406],[-0.8313071653286018,51.1468479668698],[-0.8235719658395245,51.181399044103706],[-0.8408567061564337,51.199497349838296],[-0.8458533466527138,51.20998858766878],[-0.8295028623216956,51.22413556825688],[-0.8247444094174817,51.23412822790378],[-0.8032322372056174,51.242852689613066],[-0.8014719024114383,51.23870912728892],[-0.7727490529801256,51.2411034284285],[-0.7671399210854998,51.234868008720596],[-0.7439356457209612,51.22813450819476],[-0.7333375611936843,51.23713044210258],[-0.7355391573743351,51.24007695744647],[-0.7283821619629318,51.25551733778058],[-0.7385759203802433,51.29978526268353],[-0.7772747512770264,51.33217922104193],[-0.7523079687079613,51.348467233329075],[-0.7384499674921944,51.36359573431131],[-0.663587004440279,51.384253865200314],[-0.63854608957225,51.38758479339181],[-0.6345255703848277,51.39366451090514],[-0.6296657378949682,51.392733607464955],[-0.6134058940266959,51.403719102181455],[-0.6024081197298734,51.417775987350915],[-0.6007409380751632,51.43298146871621],[-0.5701896698643787,51.450347540599196],[-0.5539400243046511,51.44172114545466],[-0.5113469549792261,51.431772561495606],[-0.5066306544195904,51.426212042450175],[-0.5084426085620376,51.41655396661065],[-0.4998378290264741,51.41586209907695],[-0.5016370612833461,51.412190268110955],[-0.4923484788940161,51.413596490704755],[-0.48205211442491774,51.39109218719463],[-0.48463538812175594,51.39002281355699],[-0.4798499557618691,51.38841213692188],[-0.47646346175326715,51.39194358011249],[-0.4669946739316714,51.38240371720002],[-0.46157217276084334,51.38345316132888],[-0.46255367748351317,51.38078221827926],[-0.44075295978102913,51.3894318744934],[-0.4341249271029699,51.383461080361954],[-0.428088354343973,51.38465717158459],[-0.4099996629469097,51.40306616974653],[-0.39524378214301437,51.40819235997775],[-0.3633306189374617,51.41096079777003],[-0.3421674252078354,51.4041223745311],[-0.32392762542552656,51.39059872531597],[-0.30793669118269307,51.397591246137054],[-0.30443165960399565,51.42210749088657],[-0.32482974331491515,51.43246844748081],[-0.32784932662981925,51.441924923755785],[-0.30120590711919104,51.45091568873062],[-0.30510869103680116,51.45731166999487],[-0.3173864242890876,51.46343230198232],[-0.3170667153083934,51.4696169870356],[-0.28897872201456803,51.48573406258806],[-0.27839957988262654,51.48302054631988],[-0.26896070377051046,51.472151710552126],[-0.26085854061209,51.46976613704656],[-0.24997977325490622,51.47302986913358],[-0.24647045266308268,51.48365089663985],[-0.23992147632800348,51.487635808199805],[-0.2267678110523727,51.48492303823604]]]]}},{"type":"Feature","properties":{"name":"East Sussex","code":"H10200123"},"geometry":{"type":"MultiPolygon","coordinates":[[[[0.052728478479420936,50.79479543036118],[0.04927039620630172,50.79603906001495],[0.05004742446112802,50.79777398077432],[0.052728478479420936,50.79479543036118]]],[[[0.017500953448606228,50.888434635214736],[0.002974473058131849,50.88825763121457],[0.010058988583105253,50.894004774374245],[0.017500953448606228,50.888434635214736]]],[[[0.147596213374428,51.142412132200434],[0.16427370123954327,51.14017851846788],[0.15309194392821399,51.135052140580974],[0.15245036552961402,51.12617620428936],[0.15991723274875885,51.11580533264622],[0.17257390281551463,51.113900048607775],[0.2183195332096358,51.11830990869771],[0.22620391704057133,51.12303054648865],[0.24589404748810256,51.113661579618004],[0.27647759478995165,51.111675603721366],[0.27861113958523787,51.11388956594742],[0.2742195640669055,51.1187065363645],[0.28391916787305715,51.11583125432131],[0.325594611867871,51.12096209533613],[0.3306215641114877,51.11728237225607],[0.32423169706331845,51.11354654559958],[0.32580274261109754,51.10917297607831],[0.33581539617168066,51.10463827472632],[0.3599830176527888,51.10351397583627],[0.3510492706494525,51.097796598322084],[0.3558198412354424,51.08254059798822],[0.3705058762978974,51.09368266887095],[0.3763284896883153,51.092518908139816],[0.3717681210259633,51.08822127160929],[0.37759909568039374,51.08615554595834],[0.38528738177886046,51.09015093079355],[0.39863071223687574,51.082605075671545],[0.3948721141288547,51.0755533675243],[0.4044981346114245,51.067201150353426],[0.41894816776612903,51.06101193127302],[0.45077813896382196,51.05786888343395],[0.47150410715757235,51.04692704722867],[0.4661449798608275,51.033095606367624],[0.47258138099135133,51.02911030942663],[0.4933719612186151,51.03112717839582],[0.5097140701504209,51.02332076443149],[0.5335913063053804,51.021570138110235],[0.5423728470605724,51.01130232948037],[0.5657708364569599,51.00471519401201],[0.6272213933733384,51.01901319198832],[0.6331943971256865,51.01374681057821],[0.657097290254602,51.01955445551287],[0.677023923686089,51.00333177164131],[0.6912710379077013,51.00087108511004],[0.6935905257229074,50.994785166803744],[0.6981311543650943,50.99947870503935],[0.7326264414213408,51.00440494990131],[0.7679701483294149,50.996037705790734],[0.7788380646497886,50.988338086464196],[0.7746193792998687,50.97791701686768],[0.7812933515998968,50.97822946788207],[0.7885798304132832,50.97232611488172],[0.8086584484041754,50.95441825628077],[0.813166966700909,50.94366289888332],[0.8453864039394812,50.95663297949111],[0.8483116348640984,50.952327701354115],[0.8563571062903476,50.9546323437763],[0.8616148058117783,50.939939416757646],[0.8690634555811851,50.93455799022904],[0.8569111628252174,50.923056422260196],[0.7996340615027909,50.93164598876524],[0.7725391524015239,50.93186472378931],[0.764663623629522,50.94001082013164],[0.7396120153367326,50.95094281815061],[0.7514699081310693,50.96806831176451],[0.7414029455522886,50.95758529602436],[0.7407964069622132,50.9498463477968],[0.7319499526453572,50.94845886994492],[0.7331779610864658,50.94625951224999],[0.7407743013366741,50.94920459022216],[0.7637765436263296,50.93957755872673],[0.7762646769620195,50.92701749943587],[0.7315093452015717,50.91291994478684],[0.688275039363664,50.88805496460307],[0.668638056176878,50.87166365417399],[0.5916902166698745,50.85342353277689],[0.5280581180264944,50.84833456028658],[0.48275054463787787,50.83724610405256],[0.41815695031623085,50.83044106394245],[0.36918794823781254,50.81686506876018],[0.3511676757356882,50.80897677725973],[0.32854967620184217,50.78421001730901],[0.3055772987335451,50.775260622294965],[0.2749770937435332,50.75318702568682],[0.26107282296870543,50.73765953363113],[0.24396812909218046,50.735003134020964],[0.2093290881773226,50.73830011878315],[0.15059996206233214,50.75845334779186],[0.1516462370084341,50.76620564083244],[0.14453548066711988,50.777634233700034],[0.14873095576742443,50.784018011374755],[0.14691558264301952,50.788587563921354],[0.15816208706340984,50.79303656955289],[0.15613895412071485,50.80168570719436],[0.1653509637072193,50.81356453529802],[0.1547996663279311,50.800033820570704],[0.15870334054718904,50.79357616451202],[0.14672404776693795,50.79022995467004],[0.14863255778397638,50.785523767422305],[0.1433560748254929,50.776786116110564],[0.1510241358723401,50.76655147532942],[0.1499634840278935,50.75861350365762],[0.14238847722119408,50.75592406090968],[0.12288113420651162,50.758126674240636],[0.07893609499904734,50.778760272509444],[0.06028467833271426,50.78183293927436],[0.044736745433688704,50.80906025858023],[0.02832027042057539,50.815252841498456],[0.02870676634513225,50.83373378877048],[0.03602782428666913,50.84480729581598],[0.048833898387956216,50.8529418345876],[0.04039381768018427,50.84692751125424],[0.023073727767869773,50.86145056702119],[0.02534474539483503,50.87030235887157],[-0.0008179391772610391,50.88640052447069],[0.016666002631395643,50.88671761012631],[0.011646139883286711,50.894631331439236],[0.021479022769383505,50.897283919500616],[0.026055714770110573,50.90402693994997],[0.03607247141222235,50.904895090809475],[0.033654951736354494,50.914083822334575],[0.04400871620785787,50.912816414749734],[0.0415915809129127,50.913502732250166],[0.033804063263697455,50.91446888995601],[0.03450264593726662,50.90393126430318],[0.026748111363834957,50.90441157851582],[0.02141911495952865,50.897444161168266],[-0.0006198525562687624,50.88724082090605],[0.02468266672942911,50.87047395366039],[0.022147652086716842,50.86189027718659],[0.0392590632647953,50.847067881442996],[0.027303251677315975,50.83176317224212],[0.027741379461966083,50.815950101961526],[0.03567228558917257,50.80899036238615],[0.04575772656355968,50.80721462605379],[0.05810779667748669,50.78256577945982],[0.05400039658629091,50.779231854504914],[0.008912676332113428,50.78655657182782],[-0.08876866982646231,50.810801856040484],[-0.21341113723897112,50.82677030369496],[-0.24287139093026813,50.86321515447972],[-0.23644515564825475,50.86676070699484],[-0.24580065471736487,50.875064009902374],[-0.24092442641328407,50.885415377316896],[-0.24232965613267646,50.906419336030346],[-0.2188970361626977,50.913206791576286],[-0.22747695375083762,50.93232719137409],[-0.22332803900425705,50.94786901862367],[-0.2375726391611701,50.95001170778812],[-0.2405053616701618,50.955160019026195],[-0.23683297749361037,50.975430267072376],[-0.22570326410581465,50.98762597979702],[-0.23683805681150363,50.98613173827077],[-0.23052528260160937,51.01028812523157],[-0.24461360747418776,51.0127284894128],[-0.23650108178692433,51.02150789511562],[-0.2462192982638455,51.0245988514675],[-0.2467996705690699,51.03201329770032],[-0.2183768043141795,51.037360504056615],[-0.22476795862995294,51.04187937815486],[-0.21947786040823924,51.05033787886893],[-0.22331401993889125,51.058204271374244],[-0.21125766901569676,51.06399481246311],[-0.21218038696101435,51.092621402773645],[-0.19578175149859242,51.10772397457178],[-0.1822088802546302,51.10783945443293],[-0.18703033467871286,51.114422653220515],[-0.179522478245289,51.12736604056402],[-0.17999683488301726,51.13425063033962],[-0.14449135921075243,51.14281197042806],[-0.12487237769863113,51.13756924996442],[-0.09798471439431325,51.1373179193253],[-0.07357822071222811,51.14199018400299],[-0.054707793919011684,51.13639536812562],[-0.03939120552893558,51.13951487108144],[0.0290095918404082,51.139062317133586],[0.0538456521683699,51.14461702602752],[0.062204607987742404,51.140513806939296],[0.12758076033170793,51.14668107894609],[0.147596213374428,51.142412132200434]]]]}},{"type":"Feature","properties":{"name":"Warwickshire","code":"H10200125"},"geometry":{"type":"MultiPolygon","coordinates":[[[[-1.6825467623284998,52.13990340593196],[-1.6601718165795747,52.13092535490911],[-1.655388671980262,52.123525168224404],[-1.6622660876827307,52.11607909058732],[-1.6773120393708076,52.111948418561234],[-1.6734829215611746,52.10514036060632],[-1.6830460391442155,52.09940676225765],[-1.6765722395506357,52.088102435068414],[-1.6813238727789037,52.07267361844744],[-1.6844331866007272,52.07242487862838],[-1.6831476902483893,52.06811919830804],[-1.6783642834401655,52.06699366450354],[-1.6787508304877374,52.057473653917135],[-1.6554461301915315,52.06443258300166],[-1.650321911506958,52.0616116647379],[-1.6436751053187686,52.05286292903989],[-1.6498934154333413,52.04137316096629],[-1.646616204872475,52.034154123726815],[-1.6631452427230373,52.03088093481053],[-1.6958741733637417,52.038144642929204],[-1.6841604177789606,52.05078581180497],[-1.703438808592612,52.05891240183086],[-1.7010191356064186,52.071820715238594],[-1.7092633222760323,52.0725804800784],[-1.7106637539284,52.06586392244773],[-1.7149782090673507,52.065991607530584],[-1.7293791473856572,52.0732651005817],[-1.7269647072774332,52.08073215382726],[-1.7184471269483688,52.0806628043423],[-1.7118392337896835,52.090845601113294],[-1.702069338388987,52.09324793229055],[-1.6994179339224553,52.10417388785531],[-1.7044270154079844,52.11146328873703],[-1.6938185472642868,52.12249756514637],[-1.6963639626179132,52.12471537351946],[-1.6873335130194738,52.129679433461305],[-1.690441259563287,52.13588984740346],[-1.6825467623284998,52.13990340593196]]],[[[-1.6611648700233146,52.16420356262439],[-1.6581467339075873,52.16058658249773],[-1.6609605586678267,52.15747801183116],[-1.6935117974490006,52.15642683720614],[-1.7194835833673767,52.1414148928911],[-1.7333502417170064,52.14895218602172],[-1.6908542895160688,52.16434691686988],[-1.6611648700233146,52.16420356262439]]],[[[-1.6611648700233146,52.16420356262439],[-1.665346966370521,52.169092699509704],[-1.7083578014756722,52.1667069430457],[-1.7125294988607296,52.17844322793841],[-1.7280622607759974,52.17803609555746],[-1.7160906940670293,52.173821791198094],[-1.719025166667461,52.169478894332606],[-1.7363179660744184,52.16748827673833],[-1.7522460149070007,52.15984952989199],[-1.7578093557865286,52.16777262865709],[-1.7713818596027224,52.166185314291745],[-1.7783577282198706,52.175160759846946],[-1.7951645311938527,52.17490172229271],[-1.7976797334366672,52.17385995837491],[-1.7897092027413106,52.16554181250269],[-1.7929277440364786,52.16153027038903],[-1.8286143857608972,52.160348512241704],[-1.8176742745417895,52.157344401670706],[-1.8115552561189778,52.15019116519849],[-1.8248798098859291,52.14056097959922],[-1.8222152647204772,52.129847642336365],[-1.8372763435363721,52.12290163107591],[-1.8397810131559589,52.12765133869954],[-1.8668262555885602,52.133842081746614],[-1.8589432720254757,52.1370381206031],[-1.8690241855130358,52.1446511019159],[-1.864827547798224,52.14685533194795],[-1.8662946502171593,52.15294145144172],[-1.8908132901310897,52.15536222944543],[-1.8960263873470569,52.14919862161511],[-1.888735599550555,52.14804175868364],[-1.8916721938509868,52.14216192879824],[-1.9043477097469934,52.13324626349023],[-1.9058034830941473,52.142066162555004],[-1.915293522352645,52.144516666041845],[-1.9211824840481113,52.15278676053907],[-1.943268437958478,52.155374532890335],[-1.9318727939761628,52.16913447923516],[-1.9593355426250705,52.17052424256518],[-1.9588248879399377,52.17371140409402],[-1.946775754136542,52.17280504797333],[-1.9387983421358614,52.17735999709119],[-1.9322842234522937,52.19250774941868],[-1.933180995693537,52.20306013672057],[-1.9185373815072113,52.20943780062112],[-1.9146189489979017,52.21564753882431],[-1.923022210951701,52.2410933423462],[-1.9330750684372615,52.25163847353391],[-1.9421964437037105,52.29476413728828],[-1.9148106279890924,52.306928781582684],[-1.8867375397173225,52.307624221686694],[-1.8522672800905366,52.318974146072435],[-1.8547407771095428,52.32589261237692],[-1.8725329102627561,52.337565231927854],[-1.8790894174714237,52.34774428541928],[-1.8900531809948855,52.35088730792906],[-1.8920558620704822,52.35905766145583],[-1.8724770424340276,52.363840298055074],[-1.8625772617790575,52.3739234911471],[-1.8569700744468738,52.3866963771609],[-1.8663697463040976,52.38882816495594],[-1.868347086028455,52.3953571143093],[-1.8631784623936822,52.400129474258655],[-1.872063930807849,52.40515338329743],[-1.9039401093456916,52.40420270312925],[-1.914495213551985,52.408005061445664],[-1.9396088492152646,52.38888377113863],[-1.9544939827666916,52.393041536966585],[-1.9606142067063541,52.38960406010543],[-1.9658938780537634,52.395319009660554],[-2.0049473227647128,52.380263372062856],[-2.0208210897052323,52.40290105735598],[-2.0054763186101203,52.40298817956072],[-1.9963778721503727,52.41277171068596],[-1.9876501269793947,52.41538781511257],[-2.012728677472338,52.4319212721041],[-2.0107261229728124,52.44070490686037],[-2.0140086043490295,52.4440357532236],[-2.005143634124329,52.449598845767056],[-2.0169142111587313,52.46220038289295],[-1.9741872215771186,52.46668080512929],[-1.9644232376935464,52.47289106910154],[-1.966804185379347,52.47550983284274],[-1.9625998046606081,52.481043669480215],[-1.950318930982063,52.48354876444216],[-1.9431053921447154,52.497819278256976],[-1.9566877239627236,52.50065269186465],[-1.9616999339275103,52.50722007726635],[-1.9588672013205597,52.510093987554164],[-1.9614596958614685,52.514969926076134],[-1.9573027307265387,52.51785178562989],[-1.960223956244008,52.530868875773535],[-1.9309433103104425,52.5324684451055],[-1.9243787250548867,52.526323905803814],[-1.9132201152194703,52.526222689523024],[-1.9030371031308297,52.516564127279295],[-1.890134189381673,52.53045201209653],[-1.856583668705371,52.54444870833187],[-1.8775360032658914,52.565880127147516],[-1.8754351272432155,52.580262768181306],[-1.8548241221117339,52.593317896266385],[-1.8494896832243988,52.603160978847924],[-1.8278382536564937,52.60760639349199],[-1.8195066131834365,52.61720320890508],[-1.8163257249262152,52.606464687395686],[-1.791875200384205,52.59714570825813],[-1.7866586887027445,52.58721979702404],[-1.774643727063574,52.59138925266559],[-1.7668246153624059,52.58836667474421],[-1.73809806054854,52.593022343587414],[-1.7351628688925187,52.58781094876959],[-1.702214261871638,52.586524821967984],[-1.698814082142492,52.59021400190286],[-1.7003161532162914,52.59502343115116],[-1.6888827961881472,52.60402133701024],[-1.6893596194016316,52.61600738382998],[-1.694499415830465,52.62466486817522],[-1.6849744242637041,52.63129453555728],[-1.6853013824192917,52.638628531653104],[-1.6888823875047256,52.64073762012373],[-1.675365929529417,52.64937494984305],[-1.6400847964026581,52.657758670344855],[-1.6137514357903533,52.668351767472785],[-1.614478971127066,52.67159755711747],[-1.6027762022152157,52.67326688186754],[-1.6021695812448133,52.678427233340464],[-1.5888110287586752,52.68603952887779],[-1.5858826270690791,52.68084419601337],[-1.5512236472644982,52.66822198466546],[-1.5413328297657034,52.653304896802034],[-1.5468829977649277,52.64257153385956],[-1.5694923999924177,52.636580838891035],[-1.5653114085993074,52.6317388974279],[-1.5655045598961632,52.6205370030931],[-1.5535599535139817,52.6140958719769],[-1.5580712934293313,52.59789322921344],[-1.5552754922775778,52.594251283231074],[-1.5358081499700926,52.58858423922943],[-1.5256667057679043,52.58051796761255],[-1.522608110321636,52.569996950011394],[-1.4150296732237304,52.534841072664655],[-1.4211559031102012,52.53173050356549],[-1.4244828465612536,52.52228560933438],[-1.420964614852746,52.52073744001886],[-1.3932931565927509,52.52634272089488],[-1.3045802810381553,52.49326891673922],[-1.2363434621502383,52.43431383860048],[-1.1710529125247515,52.36139305856645],[-1.1785663464785223,52.35475056103765],[-1.232780002222625,52.34660039430569],[-1.261837496317426,52.33554370018781],[-1.263854637092536,52.33050001752938],[-1.2514528579611055,52.32363075026846],[-1.2088493083040277,52.315988546984556],[-1.2332713756405085,52.29115496048516],[-1.2226226694315643,52.28553814984516],[-1.2146835343106288,52.264716027483296],[-1.2360026249419327,52.24899832057164],[-1.253515210861461,52.24794468340467],[-1.265267507714292,52.240634941924625],[-1.2672664154037576,52.23515619178318],[-1.2801497465585856,52.2385362046926],[-1.2730208459560355,52.227687185062145],[-1.2734878679836537,52.22150202947346],[-1.2587647196882705,52.214836504291675],[-1.2548841339890675,52.197477079931225],[-1.3107190298252365,52.19042688157695],[-1.3303709210108472,52.17279635769705],[-1.3318594971247537,52.160100457190495],[-1.34168134132659,52.15414490378492],[-1.3397121587006793,52.144868554887594],[-1.348414889196561,52.141977241134875],[-1.346617894873597,52.13631996828822],[-1.3678771668825342,52.134785999808265],[-1.3834306010488095,52.12858203927251],[-1.3913144057700788,52.12031538929304],[-1.3901422435765622,52.11706572336943],[-1.370813659796992,52.1177738481095],[-1.3565553865310214,52.10227359329203],[-1.3830723467186747,52.09428259931014],[-1.4035828339569336,52.11107323203934],[-1.423555283257915,52.11884457061717],[-1.4518771190563629,52.11362311630139],[-1.4474198314258333,52.10849138900657],[-1.4462790086741197,52.09769039470852],[-1.4763188871160786,52.10036527394034],[-1.4789198854592618,52.0943931139888],[-1.4871240506404004,52.093668590139245],[-1.4837885083152962,52.08866828047731],[-1.492921068597177,52.0821574659057],[-1.489375164950498,52.077106242490466],[-1.5002355189385541,52.07258598284],[-1.4965713551153703,52.05675773797818],[-1.5215476392037777,51.99485617270738],[-1.5284273198415887,51.99257905903204],[-1.5398369277370518,51.99575994080079],[-1.5552307383601147,51.99116215442698],[-1.5473471856154941,51.98056897043402],[-1.5783729861887241,51.97274082297407],[-1.5988153578404463,51.976417256131946],[-1.5903087661898805,51.970996523808644],[-1.5919016501781134,51.96803263888581],[-1.6109288637184807,51.955012352137885],[-1.6680093949608599,51.99210302537125],[-1.6506026151900675,51.9995533744928],[-1.641326052145261,52.00912618283536],[-1.6412484128402958,52.015987786169696],[-1.630324202130424,52.02391761868774],[-1.6153037905312984,52.031730568684544],[-1.6120459526555773,52.02668169993215],[-1.6068261893756703,52.02958432776993],[-1.6145507678431048,52.03840152165128],[-1.6257924863660493,52.03729032803046],[-1.6130794599512464,52.04658647546606],[-1.611555162070675,52.05372326996479],[-1.6177483154768715,52.05572324061102],[-1.6208067332665541,52.06709496888362],[-1.6088332211222713,52.07041409529739],[-1.6154010486548025,52.072685314234064],[-1.6210150442396123,52.081156652026834],[-1.621997652848023,52.08636710207332],[-1.6185964296890771,52.0886528128377],[-1.625238529291845,52.0957220195427],[-1.6113763265145438,52.100428661285314],[-1.6119376600340052,52.103306428006626],[-1.6246587019056078,52.105828456997706],[-1.6248973255861332,52.112957041932546],[-1.6365376475287996,52.113929747782656],[-1.6404248965768324,52.12294802076833],[-1.62478263886983,52.129552084454474],[-1.631103727947428,52.138631606133785],[-1.6268093803898849,52.1392750433196],[-1.6306775987246955,52.14581678398973],[-1.619685625892838,52.15157340386797],[-1.6363354421924972,52.168152080805214],[-1.6481640422213337,52.168952229668776],[-1.6611648700233146,52.16420356262439]]]]}},{"type":"Feature","properties":{"name":"Worcestershire","code":"H10200129"},"geometry":{"type":"MultiPolygon","coordinates":[[[[-1.6232918683261623,51.93657383926976],[-1.6459673802001489,51.923733120270526],[-1.6505983292991542,51.92761965547653],[-1.6493930511115502,51.93285623470598],[-1.622251792837569,51.9449017621165],[-1.6143598463307873,51.93778018002826],[-1.6232918683261623,51.93657383926976]]],[[[-1.8032451531904403,51.980863924463335],[-1.7924917747165299,51.97967976927584],[-1.7877122189625734,51.975399449065335],[-1.7880392196956143,51.9684870312206],[-1.79791632660676,51.97290573939873],[-1.833413535612812,51.97322908576989],[-1.8754255716067418,51.966851325017615],[-1.8723871880059484,51.97759129228292],[-1.867185916760318,51.98110610333388],[-1.8032451531904403,51.980863924463335]]],[[[-1.6673331931130768,51.97487872597254],[-1.6628133813901285,51.96304386999384],[-1.651951310912041,51.96035602144712],[-1.6524430001957562,51.95457256559922],[-1.6692516102493116,51.93995994816543],[-1.6762517585362982,51.9458195790683],[-1.6878177992011096,51.96855115410025],[-1.671546601447095,51.985621288988064],[-1.663279626039878,51.986776433067085],[-1.6673331931130768,51.97487872597254]]],[[[-1.7423960576199353,52.05026477827298],[-1.7291119420232237,52.04990328388371],[-1.718669856269018,52.04384848251616],[-1.664212851591787,52.03188487398523],[-1.667707179354341,52.02566673978391],[-1.684197527600402,52.02250133997098],[-1.695323220044244,52.0032311050524],[-1.6715911604114446,51.990355733238474],[-1.7106057675397963,52.00102745949675],[-1.7255713056189217,52.011706281036616],[-1.747380310974261,52.001744997181326],[-1.7919652801804806,51.995397866456905],[-1.8029787497414358,51.9993696623832],[-1.8078213056073782,52.01113493019538],[-1.7958039431606612,52.017019613629614],[-1.7939872395569147,52.02337092992112],[-1.7325883432633615,52.03442021072993],[-1.743703662944762,52.043408093247905],[-1.746275404180363,52.049312909886815],[-1.7423960576199353,52.05026477827298]]],[[[-1.6382266187869357,52.16935966948365],[-1.619685625892838,52.15157340386797],[-1.6306775987246955,52.14581678398973],[-1.6240914725900228,52.13068183995398],[-1.6414728678208217,52.12365016685943],[-1.6365114642108918,52.11984263171832],[-1.6376665955143392,52.11592584719715],[-1.622991917879715,52.11224638853727],[-1.6261671017507577,52.10765517687952],[-1.6108149004384642,52.102445009995535],[-1.6261176004747615,52.096603883649266],[-1.6259133298711903,52.092825762196725],[-1.6192364411156641,52.090685589586215],[-1.6210150442396123,52.081156652026834],[-1.6154010486548025,52.072685314234064],[-1.6088332211222713,52.07041409529739],[-1.6217549446283575,52.06446584021717],[-1.6186082725811866,52.05681346068953],[-1.6124751173308518,52.054389858685255],[-1.6159139380623957,52.04133769788385],[-1.646616204872475,52.034154123726815],[-1.6516035559021938,52.041723286527166],[-1.6468126316296006,52.041893355099404],[-1.6436751053187686,52.05286292903989],[-1.650321911506958,52.0616116647379],[-1.6554461301915315,52.06443258300166],[-1.6770387537765417,52.05727944625606],[-1.6783642834401655,52.06699366450354],[-1.685037072814149,52.071170611021294],[-1.6813238727789037,52.07267361844744],[-1.6765722395506357,52.088102435068414],[-1.6830460391442155,52.09940676225765],[-1.6734829215611746,52.10514036060632],[-1.6786902399555474,52.11132656244074],[-1.65939000307066,52.11705202661276],[-1.655829924272821,52.1217721125857],[-1.6612013590447818,52.12563480314062],[-1.6596510137951856,52.128867169254],[-1.6728884580205714,52.13748525876534],[-1.6894584345702284,52.13742187100194],[-1.6889253573130156,52.141641160966245],[-1.69549472733473,52.14434115871752],[-1.6864830802683863,52.148258798588785],[-1.6873710623730445,52.1514486578995],[-1.6613802114877763,52.15003829282614],[-1.652805089675395,52.15708732307387],[-1.6609476386176325,52.15743484318603],[-1.6601661090065123,52.162934149235774],[-1.6382266187869357,52.16935966948365]]],[[[-2.020211697105771,52.51184871332529],[-1.9978501298445261,52.505873114581135],[-1.9940679471821994,52.49559039900153],[-1.97383339676662,52.47995062670855],[-1.9729525913556751,52.46796006485932],[-1.9759299485985946,52.466554454791286],[-2.0172259480642665,52.459476053716884],[-2.009862760807788,52.45761378418663],[-2.005361363262732,52.45133129955632],[-2.0140086043490295,52.4440357532236],[-2.0105640162385026,52.437669592907696],[-2.0135299372551114,52.432017837269896],[-1.9878102940769018,52.41779042294017],[-2.003488961196923,52.402211646436236],[-2.0215950938859097,52.40090460784034],[-2.0049473227647128,52.380263372062856],[-1.9679129453347044,52.39473402706994],[-1.9606142067063541,52.38960406010543],[-1.9544939827666916,52.393041536966585],[-1.9368416586526918,52.39036923601445],[-1.9251099667832092,52.396920299793884],[-1.91635877999365,52.40771305913435],[-1.9039401093456916,52.40420270312925],[-1.8686854272115538,52.4053165770864],[-1.8628773473374294,52.40168768196491],[-1.8662747274060612,52.39124555322564],[-1.857394737781435,52.38901070824383],[-1.86214749982059,52.374975238721674],[-1.8715314074739673,52.36499632765178],[-1.8910223153559733,52.359633554778014],[-1.887376479172498,52.350088503277405],[-1.8790894174714237,52.34774428541928],[-1.8507894449435272,52.318850906776234],[-1.8867375397173225,52.307624221686694],[-1.9181109427602951,52.30672909334012],[-1.9422331527733827,52.29543175858197],[-1.9330750684372615,52.25163847353391],[-1.923022210951701,52.2410933423462],[-1.9137815705902488,52.21719232906229],[-1.91839437086437,52.20960502679976],[-1.9323541742900716,52.20485865395854],[-1.933149931179394,52.18901731243162],[-1.9387983421358614,52.17735999709119],[-1.946775754136542,52.17280504797333],[-1.9588248879399377,52.17371140409402],[-1.9593355426250705,52.17052424256518],[-1.9318727939761628,52.16913447923516],[-1.943268437958478,52.155374532890335],[-1.9211824840481113,52.15278676053907],[-1.9164104045614947,52.146116407866096],[-1.9058034830941473,52.142066162555004],[-1.9043477097469934,52.13324626349023],[-1.8871352995701565,52.14670879029254],[-1.895670604887347,52.14761847002494],[-1.8865593619956986,52.15622842409805],[-1.8662946502171593,52.15294145144172],[-1.864827547798224,52.14685533194795],[-1.8690241855130358,52.1446511019159],[-1.8598605390829512,52.138971270366376],[-1.8657572274270773,52.1355464526411],[-1.8494785748621085,52.12940426131274],[-1.851069276250551,52.12295975671265],[-1.829304885253675,52.11204442136071],[-1.802167558196916,52.107817696113685],[-1.795053386673168,52.099897998943085],[-1.802971076010386,52.09489825483139],[-1.814323102629075,52.0783980909224],[-1.818868715233584,52.09006350406855],[-1.8282280072732922,52.09203866703391],[-1.8348971409941697,52.11003321240842],[-1.842824892547317,52.107514742004284],[-1.8568147499268888,52.08635270852287],[-1.8448657464818672,52.07855210931022],[-1.8496962870773546,52.073500012606914],[-1.8666034085744543,52.07420259850486],[-1.870895408126623,52.06958160240871],[-1.870758284877712,52.06590780424255],[-1.8612922069616211,52.06144589672655],[-1.8620748202981523,52.05275202074058],[-1.8287454398403504,52.037416684342524],[-1.8089473557662619,52.001845903396045],[-1.8481684051037686,52.007286086403155],[-1.8981791624520858,52.03716500568478],[-1.875947563308373,52.04681031827176],[-1.8750398613080703,52.05167638228441],[-1.8875196260157916,52.063738615897044],[-1.9053606794736255,52.059624596067486],[-1.9065082003319611,52.06348953197907],[-1.9276312899304628,52.06336755299166],[-1.9567758953169747,52.073386725775634],[-1.9659133493176955,52.069464593607584],[-1.9841066639497023,52.071184588427734],[-1.9980034538534712,52.05754742972323],[-1.969942162539381,52.05723241808809],[-1.969398691170216,52.051409055934656],[-1.9499945154141378,52.0373171039652],[-1.9826290567069684,52.035419634487134],[-1.9867803890852005,52.04832589867111],[-1.9998605216678778,52.055492853613636],[-2.0312139932277176,52.050286763587685],[-2.045338568825881,52.02792745193952],[-2.0397052548437262,52.01791103855917],[-2.0518498795175955,52.01488130957687],[-2.052013476071373,52.00122842091816],[-2.0427488341474973,51.994914463426426],[-2.0454825039408795,51.987041158184724],[-2.0705384653310253,51.99463942595167],[-2.0688822531473154,51.999702275528264],[-2.0722393226147564,51.9989229401615],[-2.070999263437523,52.005193767648215],[-2.0598979991729536,52.008135143799784],[-2.0591794253364224,52.01402037854049],[-2.0692156275360607,52.012078625146124],[-2.065674331320773,52.02605782746349],[-2.0688611026039188,52.031713077269444],[-2.0544191805784764,52.06061297982737],[-2.0750866673260004,52.054898388201465],[-2.0772705208941376,52.0427984755259],[-2.089253219672543,52.030539555046765],[-2.0868287756969086,52.027622381575306],[-2.0928814921778356,52.01244828709089],[-2.1167025374068746,52.01370589555977],[-2.133165879567689,51.999769917739144],[-2.151381609726725,51.997126836580115],[-2.152032689520594,52.00240162322542],[-2.1383691146353403,52.02691519841692],[-2.117516913392084,52.032201280598024],[-2.1146354310600524,52.03719787181282],[-2.11696867138972,52.04157344945941],[-2.1310718386070184,52.04677405932617],[-2.1595852940455877,52.05054673087639],[-2.177915103305483,52.04228031231842],[-2.1758810239859536,52.02290653186031],[-2.1849464815608197,52.01849499632635],[-2.1822132503586067,52.012177789830275],[-2.161372316409716,52.003461327435865],[-2.1630861901063216,51.99612183986476],[-2.1720703726694586,51.99510015577066],[-2.1779119578348856,51.999125262770164],[-2.184597249336821,51.98963105822232],[-2.200646868135423,51.99734896843681],[-2.2290430769916685,51.99814029543378],[-2.241696903105585,52.00342928145287],[-2.2561764369015074,52.00404647507158],[-2.2638046558774465,51.99903489262136],[-2.274896676991994,51.998752985164145],[-2.254733318290195,51.98952288012487],[-2.252205165272637,51.98428554991659],[-2.192714360078278,51.980001915112716],[-2.18868111285579,51.97519446596679],[-2.2012227434472456,51.962690367256585],[-2.2061278316150563,51.960884555046384],[-2.2223102532964125,51.968775673811805],[-2.2391275805979576,51.963727141335774],[-2.288111051813491,51.97041791588721],[-2.300789970606868,51.966535048263076],[-2.307601229520926,51.9570823548327],[-2.3201324295745636,51.94931245414043],[-2.3318644803538793,51.945473887170365],[-2.3410486778015196,51.94778103037458],[-2.3527407557714746,51.95830920098573],[-2.361867045468891,51.95770982451835],[-2.3652189182261996,51.96782035557054],[-2.387910496868866,51.96491916054175],[-2.373291796704458,51.98203120891148],[-2.353067366851958,51.99316191636615],[-2.353713284406465,52.00587126756471],[-2.348300915592861,52.01776312411846],[-2.352162026114571,52.028141327802345],[-2.3480387297140037,52.05069778959144],[-2.351320297107597,52.056051741991574],[-2.348639071511377,52.06177757679099],[-2.3414699625308932,52.063334597251156],[-2.338492502557092,52.09106672327337],[-2.342249086234838,52.10024448349948],[-2.3514242101850757,52.102914700385135],[-2.3543629240405224,52.127054128892624],[-2.344119901479787,52.13208968329149],[-2.3575319467985736,52.151027612806026],[-2.376632840370371,52.155335818114246],[-2.3900499511219744,52.146806851551304],[-2.4152392440169175,52.145551819572596],[-2.433506297567082,52.16835923084722],[-2.4330198647546717,52.17134916005259],[-2.4206444825787456,52.17242753802263],[-2.42173817137475,52.17891046189561],[-2.413377313836772,52.18299803742041],[-2.4167505108677574,52.188293132745336],[-2.409799466353191,52.193739636643784],[-2.4063647350843023,52.20401347731051],[-2.4022366868057023,52.2022224387254],[-2.402010360733795,52.20638289476466],[-2.3938046960533064,52.20796074767167],[-2.4041716033321276,52.22142793426644],[-2.3963866321555316,52.22492658170455],[-2.3852683281849565,52.22287513151487],[-2.3876868827304865,52.22992310819761],[-2.410748872130366,52.231750877433115],[-2.4225658188161745,52.23708843804114],[-2.46152869180126,52.23389288799488],[-2.4730342198583397,52.241081249168715],[-2.4695935387678714,52.25382489407567],[-2.4281461858023463,52.27027629739714],[-2.4493069390809734,52.2807881277581],[-2.449804667545585,52.28411135712428],[-2.474231214256795,52.28538726454138],[-2.501998372838991,52.27534655892076],[-2.493787020071756,52.26470865536314],[-2.4948104357185983,52.25655167709379],[-2.5153665221950754,52.255351329421075],[-2.523216010086215,52.24903894791833],[-2.529872244707179,52.2530235232921],[-2.546924040391737,52.249156706893274],[-2.5731744263367244,52.25176404213473],[-2.5741597645694365,52.24843817008207],[-2.5951441022921475,52.24368705851162],[-2.6110833019871635,52.241662199426756],[-2.618946087658002,52.24495329001406],[-2.626189874877077,52.2401576003187],[-2.633473327614051,52.24651816329169],[-2.629664583630817,52.25747458095339],[-2.6093038710152436,52.268574038917755],[-2.604880508031043,52.27597707534487],[-2.5977678078876023,52.276238360903236],[-2.600127531285735,52.2851012202408],[-2.6133192197351898,52.286464772249005],[-2.6187629413522324,52.28169788847945],[-2.6270758169864754,52.28783172142745],[-2.640516153899672,52.28617822279477],[-2.6437672397924703,52.29346777643004],[-2.661275112839455,52.30359964742764],[-2.641201184926834,52.3080770616952],[-2.6302629568089353,52.30519377293339],[-2.607016263731151,52.30713431695841],[-2.5964129244521397,52.31275203313192],[-2.600010299235818,52.314471682365365],[-2.5893663156561932,52.3122923122685],[-2.5745905167877194,52.31654581613006],[-2.562184044921531,52.310967638565934],[-2.556899188900721,52.33412377502335],[-2.5355175959990657,52.34369582034945],[-2.509842651061562,52.33674699737387],[-2.506793206695351,52.334219507483496],[-2.511926572688927,52.32951992163396],[-2.4814964040800733,52.33097463565096],[-2.477184340828393,52.339378491103425],[-2.482582538404083,52.34547711180294],[-2.485156665352276,52.35853821259657],[-2.472290725775717,52.35983758808009],[-2.4724354285634442,52.36690723258751],[-2.4643928518510507,52.36373681538878],[-2.460082668606626,52.36710488214224],[-2.4273082544470452,52.365698847007856],[-2.4128383226493084,52.36885646944434],[-2.4103540489447197,52.37470295806433],[-2.414352862683273,52.38128744118877],[-2.4095760901818855,52.38673365728131],[-2.4050225124598086,52.38272297050357],[-2.3899104246990364,52.3808845061629],[-2.3646759556876447,52.38822853520893],[-2.3363075075688764,52.38499461447875],[-2.3338734866796935,52.38812482840962],[-2.3369024767363804,52.3904637775257],[-2.370981465789189,52.40123826697392],[-2.3661295705930208,52.40644916454511],[-2.367250883507997,52.41423259416395],[-2.362191326395149,52.42421994342542],[-2.3626084979964928,52.43977247097491],[-2.3330226765461677,52.43572722026377],[-2.3089955780659586,52.437705294672874],[-2.304541984438217,52.44650339692486],[-2.28495691532642,52.454825682899035],[-2.2908876755354166,52.449874020439395],[-2.2736097849033046,52.4391883195686],[-2.2634470409335266,52.4393914960258],[-2.266031387690728,52.44359213742873],[-2.2625052515755986,52.44438757857277],[-2.2613835994105,52.438999623723575],[-2.254899808378994,52.43664434061959],[-2.216347411148868,52.43450006774532],[-2.1923423363162926,52.423140550369475],[-2.184886420386315,52.42590681157271],[-2.165411179592247,52.42317960211264],[-2.1638295728101173,52.42946433416278],[-2.1749150146275094,52.45577376425764],[-2.167438557591097,52.47001965311818],[-2.1604036518517917,52.47020472561807],[-2.154468744917526,52.466839019625205],[-2.1572050742168156,52.46217805642784],[-2.141931702806275,52.457036225583074],[-2.106430561777865,52.46193343444995],[-2.0964962662876543,52.46795021348961],[-2.0715549055499975,52.46022327656969],[-2.055398211032652,52.462497125595746],[-2.03004731066215,52.48057514178512],[-2.0261059649412285,52.487128269781095],[-2.0411653913828323,52.49864734611087],[-2.020211697105771,52.51184871332529]]],[[[-2.081669588285707,52.521700791189005],[-2.0815680002956647,52.519086126190366],[-2.0840814609185356,52.519189375366565],[-2.081669588285707,52.521700791189005]]],[[[-2.0681033222704093,52.51691073557418],[-2.056929681812623,52.51428004002784],[-2.0565639906943556,52.510320259602565],[-2.068896813284222,52.49713267463629],[-2.0717055565287357,52.491224770345674],[-2.0671120867125627,52.48299114827334],[-2.073292422206809,52.477499312695386],[-2.0926435452440106,52.47334425518507],[-2.1179799461460114,52.4941878628112],[-2.1136491852270813,52.503318792258426],[-2.1173359741203974,52.507171198269205],[-2.1097685049643284,52.51378204275645],[-2.0833478629200566,52.51671104821896],[-2.080102655248633,52.51162637317495],[-2.075910767053633,52.51270540261763],[-2.078889065532744,52.52261188823514],[-2.0761442714620033,52.52320624297006],[-2.0694817834575017,52.521563031314166],[-2.0681033222704093,52.51691073557418]]]]}},{"type":"Feature","properties":{"name":"Yorkshire (East Riding)","code":"H10200130"},"geometry":{"type":"MultiPolygon","coordinates":[[[[-0.8590822650886828,53.723499895029754],[-0.8625774226823001,53.7232265774453],[-0.859005739622052,53.72571062186082],[-0.8590822650886828,53.723499895029754]]],[[[-0.3000248013388885,54.226753856570944],[-0.25803614301761413,54.21578812417139],[-0.27672598970600293,54.21605600677193],[-0.28348234907110004,54.20282832765275],[-0.27272347086723875,54.18357914135711],[-0.24895655806534225,54.16917142430344],[-0.2249974099450748,54.15960065207296],[-0.16899802782434953,54.15019516537856],[-0.12409855263586717,54.133374643469026],[-0.09874139672973795,54.129118871929826],[-0.07525952930429623,54.11641173035544],[-0.07978207257290454,54.110824934793335],[-0.10270436422846936,54.10397493120388],[-0.13826739608894906,54.104141232977],[-0.16360826917444724,54.0991897350766],[-0.18482252282084868,54.082160117181864],[-0.19696158131383495,54.07741979166295],[-0.20853868477326384,54.06212913407692],[-0.21234196219814086,54.047801755147894],[-0.21334558940517687,54.0225214803236],[-0.20675679709169478,53.99780410128937],[-0.15397348935241248,53.90349218633101],[-0.127612697483084,53.872612026093826],[-0.0398328687517465,53.79365223225291],[0.12082866294733716,53.6595379090319],[0.14954853571345544,53.610492346355095],[0.14877783825622695,53.59960439687075],[0.13843796534031616,53.589536167328106],[0.1090423378369145,53.57244095404696],[0.1417893139493818,53.593708338179404],[0.14816114957864876,53.60198734554164],[0.147527251493206,53.60704097554171],[0.12639768557936484,53.62306656833242],[0.08370680156718853,53.63996103220862],[0.034442719009831486,53.64904344036495],[0.019643922292975183,53.64565006399003],[0.003189248018295176,53.65425753967345],[0.019201947941127208,53.64510907659473],[-0.052268109925248496,53.62892688721056],[-0.10013308619814981,53.63460531793508],[-0.1334368478864237,53.65205701007538],[-0.18050344480607552,53.68522590328953],[-0.2249483131349889,53.70817040985839],[-0.23395894525624453,53.72042449195438],[-0.2292624387050009,53.7329192540935],[-0.2328547028793468,53.72792418526648],[-0.24113578924476223,53.72922288916817],[-0.2455052525789848,53.74087015083817],[-0.24337076576288946,53.736452476471335],[-0.24753895435628245,53.73299738127266],[-0.2851761319138719,53.742241002873065],[-0.32788832705553445,53.738272201835265],[-0.3266364118535519,53.74592700134052],[-0.3302589694059993,53.749542160787534],[-0.3272548649108201,53.755097583779886],[-0.33420667579923896,53.75848752950532],[-0.326837779975357,53.76410086334724],[-0.32864507093474293,53.7690248447092],[-0.34714940507350717,53.77660124002761],[-0.34687594412254064,53.78741892960307],[-0.36335097357079515,53.79869383490663],[-0.3627593424645449,53.80347209568096],[-0.35290947673975404,53.806861330098336],[-0.35311200073945054,53.81486801176034],[-0.3794210832937581,53.826909907392746],[-0.38255491622705884,53.8384540732511],[-0.3979889529026481,53.843594903151924],[-0.3912073834498859,53.85461400678599],[-0.3981756385013211,53.86625487811279],[-0.3974068034131179,53.876935487227634],[-0.40613320698190913,53.88182536352609],[-0.39378882361300493,53.88479559029086],[-0.39152821794557185,53.89860894306568],[-0.38070812162191925,53.90141127726624],[-0.382542616289727,53.90779100232128],[-0.37883354818841847,53.9114511227376],[-0.36612489308090146,53.91284247507419],[-0.364717281267931,53.92013006395307],[-0.35518476780369784,53.924742958025185],[-0.35542822130554397,53.93179980805625],[-0.3548541466430922,53.9253650285235],[-0.3646575459024313,53.920995881415394],[-0.365177610545489,53.913962033007785],[-0.3809031980951777,53.91073378613554],[-0.39400183981976916,53.9194789104795],[-0.41960637419368524,53.92708157442137],[-0.3917731536035343,53.91862290635968],[-0.3813754573497946,53.91072756828722],[-0.38091072316318103,53.90160458805425],[-0.39505633881227575,53.89583782022066],[-0.4333652195232973,53.906472814080665],[-0.3942831077995122,53.89540135592013],[-0.39344740233071995,53.885286367368444],[-0.4116176416439042,53.88204910408137],[-0.3989954198093583,53.877924010653516],[-0.39692126529369554,53.87320266078245],[-0.3979190626628148,53.86536683883983],[-0.39166242435761295,53.85357277203975],[-0.3973767224006491,53.84266885470552],[-0.38230669312799037,53.83791402079006],[-0.380360339690389,53.82789082336423],[-0.3681668652657293,53.82429224075928],[-0.35262356049242466,53.81306777580511],[-0.3527518330698753,53.807589162511775],[-0.36270150153592295,53.803748201383264],[-0.3637637674972458,53.79897711502035],[-0.34624718028649915,53.78599700506741],[-0.34909527930247297,53.78453321273561],[-0.34722897948712406,53.776005380825616],[-0.3263759498971143,53.76510671373913],[-0.334924761949671,53.759510705039965],[-0.3279116607584098,53.755595817681474],[-0.33082076329511123,53.7497190035563],[-0.3276060089370704,53.74343405773581],[-0.33293013168793373,53.73758907179841],[-0.36809595692051095,53.72742697192979],[-0.44482006622981574,53.713727018930726],[-0.47432242352122583,53.71694635786685],[-0.5486677609116374,53.7088755895223],[-0.5696095530563081,53.716293157408636],[-0.5815329678261456,53.7262647730673],[-0.6280233445329912,53.732674584582874],[-0.6337385450714589,53.72896428982512],[-0.6182112481809263,53.73068399944783],[-0.6708193327707089,53.72125004995559],[-0.6943396581480603,53.70409625509256],[-0.7423424745917682,53.70648781457103],[-0.7755401167803235,53.697196502588554],[-0.8089811238209593,53.70687491329146],[-0.822519070669552,53.70362681019377],[-0.8509487649578842,53.68623629929136],[-0.8620029249590959,53.70077031555412],[-0.8398738996915937,53.7098039466185],[-0.8399090024404864,53.72235120155955],[-0.8467133760914344,53.73015248738215],[-0.8574060758066775,53.73165282117292],[-0.8702366435659832,53.72390314418536],[-0.9083995450178286,53.72782397080105],[-0.9117600824346388,53.733351677709045],[-0.9359001483562609,53.73237465036895],[-0.958266235211817,53.73638633517525],[-0.960942012671961,53.74648144688743],[-0.980851687581399,53.754378882709126],[-0.9855648563678994,53.76532042254929],[-0.9944094293817757,53.76492029589422],[-1.0000509227463668,53.76943795003706],[-1.022926257537981,53.75994402539872],[-1.0308123739955402,53.76401014973447],[-1.0267997165792724,53.77042397510677],[-1.0191595673790859,53.77178384239033],[-1.0230342276213136,53.77627154586324],[-1.0639690876692245,53.78598574492895],[-1.044335869094877,53.79030220602921],[-1.0459449865980253,53.803620215908964],[-1.0405781222981132,53.80970517907423],[-1.0802503144051685,53.82078457255106],[-1.081796698933247,53.824824535803515],[-1.0739411184836272,53.83517108665356],[-1.086361978923914,53.83183150372742],[-1.1097968237785374,53.83719000647715],[-1.126148737649669,53.83354281374884],[-1.1318808423174085,53.84303304408472],[-1.123987754301983,53.843735269640455],[-1.1169036799685104,53.85387086955186],[-1.1254693544211736,53.86432336176446],[-1.0983273980050836,53.87668858441436],[-1.0940123498417371,53.88277326485536],[-1.0916705815179402,53.89031779827878],[-1.102277660089045,53.90077073370064],[-1.0896942920721495,53.903087061313904],[-1.08554760573054,53.917788558148075],[-1.0898901754164876,53.92396705409824],[-1.0733669567622248,53.92994660045843],[-1.0812187067371113,53.93947868943999],[-1.0614667489693344,53.939686951491616],[-1.0569974593619207,53.94384511477792],[-1.0582093134278283,53.950079616570065],[-1.046004589756253,53.955452658448486],[-1.022024845046365,53.954846061136216],[-1.0047919514742276,53.95899463063203],[-0.9503652932524825,53.98633480860076],[-0.9094280735313116,53.99230993940343],[-0.9032389821356471,53.99781598260241],[-0.893109122593866,53.99835686060257],[-0.8857305278451347,54.009272115290095],[-0.8751393681597179,54.013294190870006],[-0.8869741270969177,54.02411049294401],[-0.8858492148075663,54.03151503478543],[-0.8759126275700834,54.03763267812018],[-0.8756358724379603,54.042758982791185],[-0.889763795686994,54.047225834792656],[-0.8827403520917076,54.051234847416644],[-0.8824424601096802,54.05728234530881],[-0.8647576695003188,54.06529461476972],[-0.8601911714212027,54.073840570027684],[-0.8804733914233407,54.08360866671508],[-0.8651210837021308,54.097302740609145],[-0.835168890935019,54.09161769270254],[-0.8296805253646831,54.103062396874016],[-0.8319927841754001,54.106695405102904],[-0.8252763659777542,54.11555483320724],[-0.8118395409036511,54.11696232091264],[-0.8147637435374289,54.12050562388268],[-0.8119040559163059,54.12522172283282],[-0.8015177119942097,54.13155553486298],[-0.7876900358032227,54.132921907338805],[-0.7729314662818698,54.14404700700168],[-0.7588929272387845,54.14601976705813],[-0.734682552886198,54.15977624815615],[-0.7330539195637998,54.16802549331514],[-0.7490256733658862,54.17347863621921],[-0.7454839602522907,54.18084854977409],[-0.695619113420806,54.19817130537176],[-0.6755164070481275,54.20085405496037],[-0.6461963934390483,54.197389772470075],[-0.6352703217863918,54.20463820119022],[-0.5843006135405614,54.198922202067955],[-0.5651153029195765,54.20217097166031],[-0.5493009828165847,54.19216578972307],[-0.5386610835724868,54.198870194911],[-0.5140369300767481,54.19835545786453],[-0.5017522559398352,54.20524506167316],[-0.4887968149490405,54.20362695886111],[-0.47795377713950793,54.20922343857083],[-0.44270225983647354,54.216080484671835],[-0.4235232234789279,54.21345643442263],[-0.41037774327888515,54.21915355231979],[-0.39754048505830697,54.213642053063964],[-0.35995585929499463,54.20912159350284],[-0.3399135873755377,54.21036294096987],[-0.32438675291086255,54.217276170839334],[-0.31108074088646703,54.2178926992375],[-0.31116841963062786,54.21380646090468],[-0.3058412428947495,54.21240457077354],[-0.3000248013388885,54.226753856570944]]]]}},{"type":"Feature","properties":{"name":"Yorkshire (North Riding)","code":"H10200131"},"geometry":{"type":"MultiPolygon","coordinates":[[[[-0.33920300549598154,54.243244105032296],[-0.33546850088627134,54.242637927985676],[-0.33960827722798703,54.24324249764787],[-0.33920300549598154,54.243244105032296]]],[[[-1.1488755651125928,54.635022102660756],[-1.1479992330311057,54.633360325867066],[-1.1495899260855151,54.63190017347959],[-1.1488755651125928,54.635022102660756]]],[[[-2.241101499750756,54.66155777682042],[-2.2164605360896723,54.660326922439644],[-2.2127826421923826,54.65111649912975],[-2.2055197861227605,54.64725194364875],[-2.152221082362154,54.64824627083074],[-2.1313676108669166,54.64083668321705],[-2.128567337379418,54.634288169015726],[-2.113538270435204,54.63506040927405],[-2.09990194874042,54.62627114852182],[-2.0774945797650655,54.62001015591402],[-2.0454261210339855,54.619397848294724],[-2.0377554572408707,54.615977820929054],[-2.036183205703528,54.60902820784471],[-2.0187010101872556,54.60315049423992],[-2.008412271506751,54.604845847964995],[-1.9943074079864087,54.586798746133475],[-1.9840668940813628,54.581945523069685],[-1.9822836015220604,54.5762441730519],[-1.9664705710528794,54.57167696194838],[-1.957694846700876,54.56184738851715],[-1.9411640713217015,54.55909889753888],[-1.9259120470654423,54.54020611999019],[-1.8803544756103396,54.52472305857647],[-1.8420097395058448,54.52869076003681],[-1.8147484139493388,54.52457464712345],[-1.7533306464637992,54.55263429124087],[-1.745932426757247,54.54832725295255],[-1.745535213800701,54.542591280881716],[-1.7331615666223095,54.5459623395974],[-1.7297077674929453,54.54148879533881],[-1.723499166434962,54.54386021890394],[-1.6843472139654854,54.53367037614583],[-1.6556803192844718,54.53513276946013],[-1.6550885791940004,54.5262602391053],[-1.6346804081042965,54.5257082313223],[-1.631390276700159,54.52353074007118],[-1.6361448983617366,54.517412237643725],[-1.6290870720464428,54.51366611463005],[-1.6088108138708657,54.5203603663452],[-1.6013048347172176,54.519111521443556],[-1.6012018144776379,54.51090344277159],[-1.5801046009250663,54.51198558867913],[-1.593169043722569,54.50466989429632],[-1.5780204838602485,54.50525669306724],[-1.5756810091208708,54.493708982874864],[-1.5550632691542388,54.485648972592735],[-1.5535613191614657,54.477072741044495],[-1.5438340951705856,54.469466484864526],[-1.5179993786513986,54.471198114796685],[-1.5291742741312473,54.47534382194552],[-1.5297981549022166,54.48318414721734],[-1.5262124173323108,54.48482086535222],[-1.511192749736201,54.48245309723684],[-1.5148933593382854,54.4769310543755],[-1.51168278601023,54.47448207103763],[-1.5002488287723228,54.484632624691926],[-1.4917537361683004,54.48687513064481],[-1.4908282065847938,54.48161151198809],[-1.4985779974231643,54.47440005234545],[-1.4755394559400354,54.47387058026584],[-1.4711897265496712,54.46325040716562],[-1.473075371638056,54.45567517611352],[-1.4532476878249099,54.44992961126276],[-1.4506840764916364,54.46460660356264],[-1.4632995309914227,54.47339216572797],[-1.456951930322381,54.48175395040454],[-1.4607980250138501,54.48750361734939],[-1.4579810114039196,54.49385094844561],[-1.4715709564619976,54.49611459489818],[-1.4726934862308114,54.5010907503915],[-1.4573195529831882,54.503497825054225],[-1.4423702089650083,54.49092932342133],[-1.4251387664873454,54.48301237657178],[-1.4308368706287853,54.48106222988671],[-1.4107273811525791,54.477701214574594],[-1.407614165586515,54.49333743974378],[-1.3987511113637108,54.49361389221793],[-1.4080247380350581,54.49134380461147],[-1.4067002421023427,54.483756717411026],[-1.408347052023058,54.48944528220528],[-1.4024919008632433,54.4939375270502],[-1.3931775027866125,54.485425207453375],[-1.3812990670548286,54.48711319655752],[-1.3765452248529741,54.50073727163879],[-1.3575952109581617,54.50356012429784],[-1.355688319709616,54.51206893338513],[-1.3466282977800395,54.50306543882268],[-1.3287584004855595,54.50999899311858],[-1.3157700773615615,54.505966917614316],[-1.3143717866421716,54.501936793427895],[-1.3179898480508547,54.50706253073563],[-1.3345756418473018,54.508387210971144],[-1.334534773694789,54.525915644926044],[-1.3381455523100116,54.529102878221856],[-1.3331320014965866,54.52997144752966],[-1.3311937389762094,54.5357553823903],[-1.324573026424926,54.532144023131565],[-1.309839628306668,54.535528475999584],[-1.314643953852267,54.53845445866243],[-1.306053302253983,54.53832190322433],[-1.308954074792466,54.542292371617236],[-1.3052486182564813,54.55684535933704],[-1.3074093807200515,54.56439876035573],[-1.285497151291128,54.56392621096602],[-1.2619711998425152,54.568731168527094],[-1.2511052222467651,54.59035628180024],[-1.2019732242693226,54.57700596414422],[-1.2175550337486014,54.57371468785534],[-1.2073902147312923,54.57468757018235],[-1.2096035543208268,54.57607993496163],[-1.2025813775186698,54.579615631738854],[-1.1905128764697959,54.574505742624154],[-1.2008465417018963,54.58026301905841],[-1.1638430606126973,54.60103718371332],[-1.1515395605866334,54.59703276007513],[-1.1609842610647514,54.601533332022505],[-1.1592091217278297,54.60368175320259],[-1.147488768819176,54.59879564658515],[-1.1559582891413818,54.60530576646563],[-1.1493851659599885,54.61401868942535],[-1.1516880917313104,54.62533020129428],[-1.1504860474159533,54.630458463107495],[-1.143829543820681,54.62754798686518],[-1.1337328378461606,54.63028405883489],[-1.1398096847688337,54.63854879455379],[-1.1370326628933054,54.645655684682694],[-1.136443595429842,54.64010404881049],[-1.1162663853909158,54.6286406830163],[-1.0518951434364032,54.616452095502325],[-1.0354636327157118,54.60620428302813],[-0.99833799682714,54.592788030259904],[-0.9619549443799134,54.58507781282587],[-0.9367284105001247,54.5886143972882],[-0.918318762230224,54.58451862481854],[-0.8948990303956643,54.571384436614984],[-0.8525634329752105,54.57166004781082],[-0.8108352604751925,54.55943999823009],[-0.7879425492278905,54.56036066434711],[-0.7926418161663935,54.558302536165215],[-0.7747117722535768,54.55676860554785],[-0.7640206177310687,54.54551582966521],[-0.7484024464774194,54.54059488313866],[-0.7446903105424008,54.52937547977494],[-0.7315296389184178,54.52760313248353],[-0.7127967634746,54.533466255629214],[-0.6915246393713295,54.52010103063328],[-0.6801399852778115,54.519282483056784],[-0.6723508568023008,54.51275988029041],[-0.6729372046025549,54.505442809670505],[-0.6658902708926087,54.50137784852166],[-0.6121686414614631,54.49131595876983],[-0.612596001540695,54.4760056761843],[-0.6314085746152748,54.468510442462964],[-0.6055690213153624,54.480069569728464],[-0.6105027766599475,54.49185592744872],[-0.5878278864564571,54.488616953022],[-0.5822569197042099,54.483179090443],[-0.5673607951401878,54.47955890273658],[-0.5512554749574097,54.46310144970477],[-0.5207053635280274,54.447167771902194],[-0.5199253198811535,54.44206684087839],[-0.530415171638229,54.434029284048144],[-0.5296765502260095,54.42619445385519],[-0.5221055845285666,54.41693682695366],[-0.5013454265878834,54.40726493386188],[-0.48976184897409575,54.40773098107246],[-0.4612737662903449,54.388056334869326],[-0.44794600022059755,54.37197574636201],[-0.4451247753679591,54.35952262273085],[-0.4363457901967082,54.3552139167799],[-0.429661871100727,54.34665744208801],[-0.4306063581788124,54.3413345958723],[-0.4212386487819538,54.33807602430724],[-0.41722460065703454,54.331999701007106],[-0.41987511060327204,54.325374264987374],[-0.4158121474067062,54.31112323179509],[-0.40584140898148513,54.30438288626279],[-0.40853008613000386,54.30003428325337],[-0.40507347607575206,54.29291667833808],[-0.39640424021250553,54.28806968899994],[-0.3832078488242327,54.28808674298969],[-0.3848204429058027,54.28364735590399],[-0.3957777112947005,54.27825571147797],[-0.39017886417774184,54.26946118932355],[-0.36497769735019336,54.253926370375574],[-0.3679221435059011,54.249460744311456],[-0.36379182345697925,54.24591591883771],[-0.3477427393069988,54.240640354932516],[-0.33452620696939744,54.24168280476615],[-0.33212039106558777,54.237820880998775],[-0.30316383723183876,54.227242190426246],[-0.3022308529429581,54.219177717693086],[-0.30399776970557457,54.21163530185693],[-0.31098001607028786,54.213407994896755],[-0.3107085577433314,54.21646515470326],[-0.32438675291086255,54.217276170839334],[-0.35046848556241655,54.20934068610737],[-0.382236870240538,54.2110791821925],[-0.40913715383031984,54.21860483307122],[-0.4235232234789279,54.21345643442263],[-0.4416055108935364,54.21573818913608],[-0.4924527665327513,54.20315812368805],[-0.5017522559398352,54.20524506167316],[-0.5179944026669032,54.197874120554204],[-0.5386610835724868,54.198870194911],[-0.5493009828165847,54.19216578972307],[-0.5651153029195765,54.20217097166031],[-0.5975421472365564,54.199836683281106],[-0.6163476652788983,54.20480411645472],[-0.6352703217863918,54.20463820119022],[-0.6461963934390483,54.197389772470075],[-0.6755164070481275,54.20085405496037],[-0.6938191568768556,54.198762783861135],[-0.7475957793820748,54.18002864143972],[-0.7490256733658862,54.17347863621921],[-0.7302865064982677,54.16636032063599],[-0.7324878499242723,54.16078073908802],[-0.7588929272387845,54.14601976705813],[-0.775543227245761,54.1440382038311],[-0.7761444426399001,54.1388865167435],[-0.7876900358032227,54.132921907338805],[-0.8015177119942097,54.13155553486298],[-0.8152268313372707,54.12251054467203],[-0.8117114615278302,54.11878191845311],[-0.8155903469924887,54.11615262684359],[-0.8243063182577072,54.1169704189073],[-0.8319927841754001,54.106695405102904],[-0.8292790677375047,54.104383828092644],[-0.8337644547591522,54.09216253907274],[-0.8651210837021308,54.097302740609145],[-0.8794495566363837,54.08525678434446],[-0.8759214968887091,54.079902593255525],[-0.8601911714212027,54.073840570027684],[-0.8634068923330094,54.06699934991491],[-0.8859723047801588,54.055322590694416],[-0.8827344331073952,54.05289666368743],[-0.889621111680791,54.04822680894778],[-0.8756358724379603,54.042758982791185],[-0.8759126275700834,54.03763267812018],[-0.8858492148075663,54.03151503478543],[-0.8869741270969177,54.02411049294401],[-0.8856886816356159,54.019137669613364],[-0.8751393681597179,54.013294190870006],[-0.8857305278451347,54.009272115290095],[-0.8910884369840255,53.99950627261167],[-0.9072727477625445,53.996645078500755],[-0.9094280735313116,53.99230993940343],[-0.9528745056991028,53.985779422770605],[-0.9769364063430761,53.97073174542225],[-1.022024845046365,53.954846061136216],[-1.046004589756253,53.955452658448486],[-1.054394076727729,53.970480005722415],[-1.0681357979971935,53.971273344653284],[-1.070675311119405,53.975474916731976],[-1.0783523218310989,53.976566385059016],[-1.099564346059785,53.975174337701944],[-1.1115057176363834,53.96579884021428],[-1.130169578738409,53.99073538030389],[-1.1475657336696765,53.989072889799026],[-1.1932110433712555,54.01171575799123],[-1.2168717743623985,54.01419951317107],[-1.2150077442012541,54.02476790199551],[-1.2208778091144505,54.0333407840402],[-1.2741103204142445,54.03449807550827],[-1.2795469743359071,54.04545337119419],[-1.2853761643023138,54.04880784637299],[-1.2877556256605789,54.06263219265694],[-1.296839577898234,54.065671892393546],[-1.3086331344631545,54.08010014588472],[-1.3321563995092562,54.08050324329596],[-1.3408802657982535,54.08766090533513],[-1.3778275419834307,54.10157864183408],[-1.4071207987570349,54.09717429852288],[-1.409436908524643,54.09060116989583],[-1.4380301763252723,54.09244708097559],[-1.4310715127033964,54.102379201367384],[-1.4183418495262117,54.106204838478924],[-1.4202199810155383,54.11117088215062],[-1.416536378245026,54.11696538965328],[-1.425582361552224,54.12120604682836],[-1.4550471225285075,54.11339454072976],[-1.4638470682644724,54.11693626797292],[-1.4615973584198234,54.11904670603723],[-1.4660037647593516,54.123904194792836],[-1.4438742220859466,54.13099435338506],[-1.4462874773390118,54.139187947232266],[-1.4504408783241878,54.14030583691988],[-1.4447043794804804,54.1444884418819],[-1.4460699447322796,54.14856966695528],[-1.4673015150700146,54.14266556659401],[-1.5112358368678465,54.15149754753109],[-1.514617420247624,54.153026644021125],[-1.502038186456943,54.158660561701325],[-1.5020174588237445,54.16485191808774],[-1.4911902474917058,54.16885938471999],[-1.4924072543385736,54.17905951356955],[-1.514773662413631,54.171171821889686],[-1.5264166430102215,54.175437163153376],[-1.5252481133599993,54.18101894059763],[-1.5282592267963544,54.18249309232543],[-1.5361835163094602,54.180939073909165],[-1.5416165644167568,54.184203886729144],[-1.536069686265134,54.19085101174799],[-1.5376827985034256,54.193736064884256],[-1.5577309564678714,54.19127853723701],[-1.57751676556455,54.2043087036583],[-1.5946049961476023,54.20110065871145],[-1.5967284461568105,54.19769777948914],[-1.5871676449827492,54.195696638707766],[-1.5914094512709096,54.19016772723254],[-1.6191393050710845,54.18499385486164],[-1.6352003728674676,54.188668451111596],[-1.6368937998207886,54.19398828633607],[-1.6483667196616472,54.191733908973276],[-1.6771705360789713,54.19546188558555],[-1.7817546351822626,54.165062930225965],[-1.8140193096359047,54.17037280410097],[-1.831655010229557,54.193060591833415],[-1.8630886735990988,54.20481092064433],[-1.895275878116315,54.209351159191215],[-1.9681906988845284,54.19131649361217],[-2.0101482498974925,54.17186198289227],[-2.0450079413621833,54.182283406987196],[-2.052874309740026,54.19377697403548],[-2.0587349255996217,54.19573598205436],[-2.0588369563136726,54.20888569226393],[-2.0823492898090903,54.21831562962467],[-2.1008375381524447,54.23105159201139],[-2.112828554991121,54.23162605005606],[-2.137460054299463,54.22461735093276],[-2.143167795316531,54.234006647418916],[-2.149055263619062,54.2317319138243],[-2.149492482905434,54.234771969005415],[-2.1690289972173193,54.22803605345008],[-2.195774086636601,54.24683688932428],[-2.2251737374026943,54.25166567795126],[-2.2519667890099835,54.248961653839544],[-2.282495973423146,54.23930899923718],[-2.293421852933665,54.25323342404133],[-2.305874746507135,54.24983632755276],[-2.3183729099876134,54.2556972539175],[-2.316345498656258,54.27129458406392],[-2.325188119687921,54.27955297887441],[-2.3187093519256217,54.286009570056834],[-2.3241756882236246,54.31102575598633],[-2.316085376102198,54.313679949043426],[-2.3111582288564922,54.32372648070779],[-2.320833519627719,54.33150155159114],[-2.3350566589929134,54.333671483577234],[-2.3369732320288508,54.340757598782844],[-2.362292887006355,54.35530166483113],[-2.331697222437753,54.36671814149374],[-2.317410970573996,54.376971915187845],[-2.2962272002452404,54.379519124682524],[-2.291103592675125,54.386514273620776],[-2.291405831064775,54.3931726505638],[-2.304683788387284,54.39965320474649],[-2.306926228294213,54.416744375155545],[-2.3007531256023563,54.42689990405613],[-2.2886157598057566,54.4336571043846],[-2.2907437804136364,54.437313809177276],[-2.2648883045733217,54.4430891164672],[-2.273257324529092,54.44779764729564],[-2.230416193849767,54.459482642002655],[-2.2156661869945395,54.45291123009666],[-2.1917037112172975,54.449583064302445],[-2.1773017073134167,54.46140157707807],[-2.1682193168212596,54.45952651045457],[-2.158892442034739,54.46911924497255],[-2.1642210979357572,54.49081337834941],[-2.1611511792166884,54.50604763463222],[-2.174854452424264,54.52483982071162],[-2.169814447495944,54.52933254269266],[-2.174737615437386,54.5346828980482],[-2.1962409136828724,54.53263382139365],[-2.20696965848765,54.54218105940075],[-2.2072963694943395,54.55164477088613],[-2.2466572653542523,54.566647295970846],[-2.2668926497875774,54.5814270664056],[-2.301895170205252,54.596377038491056],[-2.3075833248001607,54.61171733797873],[-2.3229245426304383,54.63131664253469],[-2.2896133771916887,54.64858441291138],[-2.2699606349863117,54.649112334455204],[-2.26069350458458,54.652516526490004],[-2.2544760789756637,54.660695686354906],[-2.241101499750756,54.66155777682042]]]]}},{"type":"Feature","properties":{"name":"Yorkshire (West Riding)","code":"H10200132"},"geometry":{"type":"Polygon","coordinates":[[[-2.5354923805131766,54.3904143359047],[-2.518766185519142,54.37084940894858],[-2.512031387223759,54.368512839756974],[-2.480616149502868,54.37833020494322],[-2.4665973857833077,54.372850402383655],[-2.43857726992581,54.377413603776866],[-2.4197201178504164,54.367946082458765],[-2.3810169504036676,54.37318395675761],[-2.370826878631583,54.36011675601331],[-2.3390626487049175,54.34189185052415],[-2.3350566589929134,54.333671483577234],[-2.320833519627719,54.33150155159114],[-2.3111582288564922,54.32372648070779],[-2.3181123253633658,54.31182640539692],[-2.3222512519396057,54.31218703025587],[-2.3211172463757115,54.30548563078329],[-2.3245608927843766,54.30271532163675],[-2.320160370789409,54.29693130901696],[-2.3240916215054663,54.29323223144061],[-2.3177776165537445,54.28789480203373],[-2.325188119687921,54.27955297887441],[-2.3152476434264724,54.268048732646875],[-2.3191253960794103,54.257844327945705],[-2.3091356231345816,54.251135818835735],[-2.293421852933665,54.25323342404133],[-2.282495973423146,54.23930899923718],[-2.2519667890099835,54.248961653839544],[-2.2139674242902854,54.25047209776094],[-2.195774086636601,54.24683688932428],[-2.1704620793857856,54.22818346700054],[-2.143167795316531,54.234006647418916],[-2.137460054299463,54.22461735093276],[-2.112828554991121,54.23162605005606],[-2.1008375381524447,54.23105159201139],[-2.087441295330833,54.220793398454205],[-2.0603821997161975,54.21010734993924],[-2.0587349255996217,54.19573598205436],[-2.052874309740026,54.19377697403548],[-2.0450079413621833,54.182283406987196],[-2.033363651257097,54.180074353474225],[-2.0279122493846375,54.174902608967706],[-2.002627954317096,54.172618253905156],[-1.9681906988845284,54.19131649361217],[-1.8960608592337238,54.2093257167447],[-1.8630886735990988,54.20481092064433],[-1.831655010229557,54.193060591833415],[-1.8140193096359047,54.17037280410097],[-1.7817546351822626,54.165062930225965],[-1.6771705360789713,54.19546188558555],[-1.648366721194374,54.19173390897775],[-1.6337544460232838,54.19413636353165],[-1.6373598600579415,54.192020933093154],[-1.6352003728674676,54.188668451111596],[-1.6191393050710845,54.18499385486164],[-1.5914094512709096,54.19016772723254],[-1.5868875672475407,54.193519059652644],[-1.5964127201577536,54.19966688529845],[-1.57751676556455,54.2043087036583],[-1.5545407339310853,54.191249368214706],[-1.5376827985034256,54.193736064884256],[-1.536069686265134,54.19085101174799],[-1.5416165644167568,54.184203886729144],[-1.5252481133599993,54.18101894059763],[-1.5264166430102215,54.175437163153376],[-1.5163574691629391,54.171329031628844],[-1.4924072543385736,54.17905951356955],[-1.49043390967561,54.16986768237579],[-1.5045711174076233,54.1630186696046],[-1.502038186456943,54.158660561701325],[-1.5132077766618943,54.151830528365146],[-1.4673015150700146,54.14266556659401],[-1.4472122571663428,54.14881058725936],[-1.44241837920207,54.14445034986737],[-1.4506142292982351,54.141052122401426],[-1.4462874773390118,54.139187947232266],[-1.4438742220859466,54.13099435338506],[-1.4640764196907308,54.12547229389175],[-1.4638470682644724,54.11693626797292],[-1.4550471225285075,54.11339454072976],[-1.425582361552224,54.12120604682836],[-1.416536378245026,54.11696538965328],[-1.4205336094897445,54.11353501259286],[-1.4183418495262117,54.106204838478924],[-1.4365619955205753,54.09933988699459],[-1.4383495588974078,54.095900795895005],[-1.4346492788616914,54.09227871771583],[-1.409436908524643,54.09060116989583],[-1.4071207987570349,54.09717429852288],[-1.3778275419834307,54.10157864183408],[-1.3408802657982535,54.08766090533513],[-1.3345755256653562,54.080953164453945],[-1.3127065909120559,54.0816038255905],[-1.296839577898234,54.065671892393546],[-1.2853454597197802,54.06052743196966],[-1.2868214875679336,54.050152113074006],[-1.2795469743359071,54.04545337119419],[-1.2741103204142445,54.03449807550827],[-1.2208778091144505,54.0333407840402],[-1.2150077442012541,54.02476790199551],[-1.2168717743623985,54.01419951317107],[-1.1932110433712555,54.01171575799123],[-1.1475657336696765,53.989072889799026],[-1.1292266370632291,53.990280223732654],[-1.12885816478961,53.98532374492741],[-1.1115057176363834,53.96579884021428],[-1.1265499833745016,53.95747513395898],[-1.1149716810428323,53.95212250306377],[-1.115240451905433,53.94466772991324],[-1.1024842506538617,53.941365382795865],[-1.1037349890667834,53.93603742060921],[-1.0973496544180925,53.9312843455441],[-1.0900558187942826,53.93223749734524],[-1.088857119227728,53.93960373017784],[-1.0812187067371113,53.93947868943999],[-1.0741983884397097,53.93218991121383],[-1.089844531625905,53.92519007756004],[-1.085602016058433,53.92026380638647],[-1.0906330517692289,53.90949476291859],[-1.0882889641417837,53.90503660602401],[-1.1020760845309918,53.898236801400756],[-1.0922342717323972,53.8909134967754],[-1.0974203741963429,53.893536054865706],[-1.093031678256722,53.89096492017925],[-1.094258242980395,53.88413787821771],[-1.1002218866879887,53.87595668551446],[-1.1253380028292577,53.86507929780748],[-1.125193030089823,53.86080206270762],[-1.1169704583865039,53.8547433184407],[-1.1245285598261805,53.84397024080811],[-1.1323757934547303,53.84526685853044],[-1.1377014193740564,53.839467626884094],[-1.1418997128898507,53.84852294157768],[-1.157615314388348,53.85083035714794],[-1.164560018179131,53.84679240566907],[-1.1700215228462565,53.85557862383707],[-1.1784355843434382,53.85521042501101],[-1.1835306699395198,53.849902013299165],[-1.1905505824740092,53.85411966370104],[-1.2036481019912553,53.85417852947109],[-1.183117844771823,53.8495540179372],[-1.1718039462247885,53.85578959083599],[-1.165083762883958,53.84667649431894],[-1.1554534751230077,53.851053376134345],[-1.1444299778033036,53.849314973876936],[-1.1386152828369456,53.83915237578759],[-1.128264063000717,53.84452420871389],[-1.1328673076662152,53.842446886220294],[-1.1245880622078188,53.8324473291873],[-1.113776788502965,53.836565949921734],[-1.1001393392335395,53.83671254506374],[-1.086496365272025,53.831241929508025],[-1.074450194689671,53.8345529545758],[-1.0819919617907698,53.82110534884156],[-1.0419098083054938,53.81022131101241],[-1.0467404706676724,53.8036319439508],[-1.044956412093044,53.79085370544542],[-1.0663062638941316,53.78607767963477],[-1.0243188948973885,53.77637010363342],[-1.0203579039136632,53.772847203480346],[-1.0326077778925806,53.76517440212076],[-1.02558208767363,53.76009868745802],[-0.9996884833495249,53.768343604924],[-0.9875669432053564,53.764340413963744],[-0.9785106916768691,53.751710646034404],[-0.9637966434287448,53.74726577621144],[-0.9601390437392143,53.73551533178288],[-0.9351912440823305,53.73115026561522],[-0.9108882719426691,53.732238935948814],[-0.9022675745222136,53.72078482703155],[-0.9049386209290075,53.71685921928224],[-0.921388696325323,53.71867421463451],[-0.9425554797711846,53.712448818170614],[-0.9562262063593652,53.71474868188106],[-0.9579987606840783,53.70581766311829],[-0.9635973063496714,53.70038527204539],[-0.9676704917962329,53.706655622637356],[-0.9807196836925273,53.70430691038932],[-0.982511213740146,53.697305771151285],[-1.0208744878593372,53.6979293324984],[-1.0366946896882252,53.69391341620112],[-1.0437499913974244,53.69839549687348],[-1.0515142517244522,53.6966134714617],[-1.0592520103231637,53.706383169867784],[-1.0674204862125032,53.70410346956539],[-1.0700934624132115,53.70861899963214],[-1.0795910623231553,53.70874538851127],[-1.082926583563612,53.715478013787745],[-1.102073757840018,53.71436721786404],[-1.0977455882558282,53.71720682948246],[-1.108859235728908,53.722995618467245],[-1.1155095831498019,53.720353442691],[-1.117589113418616,53.725199702801774],[-1.1161983588366686,53.720465499489954],[-1.1074852856972388,53.72274266834286],[-1.0983879860773447,53.71884505112587],[-1.1023634623345926,53.715564978845684],[-1.1001171770342535,53.7140918349764],[-1.0915954033372806,53.71271596258698],[-1.083849018295274,53.71654671918918],[-1.0780174238768638,53.707605996965576],[-1.0699067426664122,53.70794783233934],[-1.06715149033586,53.70373010849948],[-1.059458435436092,53.70602700804141],[-1.0508209580619805,53.696323011775554],[-1.0453938772150082,53.69830947961206],[-1.0365157491289256,53.69352452749045],[-1.018672528810438,53.697643425384335],[-0.9783707935836481,53.69657293839502],[-0.9810492567355431,53.70345840094458],[-0.967478800852912,53.70631686118035],[-0.9650571287141981,53.705409591515455],[-0.9689267808191444,53.70218423292003],[-0.9612508570937629,53.70013211767897],[-0.9558839935318154,53.70451913163626],[-0.9566423165245213,53.714101451369224],[-0.9421455621699497,53.712117088061724],[-0.9203199918496633,53.718327478721044],[-0.904117769702753,53.71637166798175],[-0.9009110210582695,53.72654012191108],[-0.8615956134231914,53.721584731540915],[-0.856133403669834,53.72391586910844],[-0.8539620470774621,53.730409026499565],[-0.8464785971677263,53.72643480877288],[-0.8427472711645422,53.717531045079454],[-0.8433113141510457,53.7099423727511],[-0.8624630843023618,53.70353721660926],[-0.8647689768594984,53.69644555155378],[-0.9885981772907343,53.67384232582913],[-0.9906291603957152,53.656329687612725],[-0.9827675795193621,53.63658029277761],[-0.9803105927342923,53.62392887924053],[-0.9830636804742662,53.618984604197856],[-0.9949761328626675,53.611692092931705],[-1.0307412583513886,53.601844041565975],[-1.0868191191383445,53.59374405214494],[-1.08880550785783,53.589632942142025],[-1.0812302749181355,53.581592174284175],[-1.0798574104870626,53.57093424635156],[-1.0816694834394243,53.566415565431264],[-1.0893815622771623,53.56374884717561],[-1.090645052736039,53.55524880513813],[-1.0897492775492068,53.562657599536976],[-1.079451388481789,53.57092303185828],[-1.0808510935245212,53.58242800774542],[-1.0887415172783432,53.58988725776294],[-1.0857051082870808,53.594109514809624],[-1.031379484351045,53.60129724256806],[-0.9921960046727966,53.61239148566688],[-0.9823362872205287,53.619240911801896],[-0.9798569704032255,53.62386479186474],[-0.9824375886515109,53.63734430749293],[-0.9899450042406026,53.654182585373334],[-0.9896212143911908,53.672467459442174],[-0.9864376962496301,53.673717982707004],[-0.9429832667470356,53.67942022472297],[-0.8686921512604028,53.696225563272876],[-0.8557784527587405,53.68606319678893],[-0.8475398500221311,53.6846249598336],[-0.823470925687983,53.69991891194257],[-0.8073312421611735,53.70424428428989],[-0.7739517814572587,53.6945129787138],[-0.7415185761969604,53.7033785799138],[-0.7108541310480291,53.702069012460136],[-0.6981556872726455,53.69841934344253],[-0.7061636190043511,53.69609233522612],[-0.6981681308761873,53.69546361367288],[-0.6975731905330713,53.685490080471745],[-0.7062358232684783,53.67806877771283],[-0.721216702489443,53.677847053706316],[-0.7211903399828142,53.67129765568509],[-0.7100810974043559,53.665888797338816],[-0.7176046728941271,53.660300364074445],[-0.7265314017796072,53.65993210042428],[-0.7342199526853295,53.65216911719251],[-0.750503734626668,53.65226600567924],[-0.7460459006651169,53.640104692594974],[-0.7537959315164999,53.63060240495567],[-0.7612296789503428,53.63289304870649],[-0.7565570584723696,53.637017592117196],[-0.774288401364548,53.64886059151724],[-0.7834338704253095,53.63594416087086],[-0.8064191588586741,53.624399426707534],[-0.8123927884675849,53.627383639085785],[-0.8082817126433564,53.628755025390824],[-0.8155682655697679,53.63786100634786],[-0.8217186808496549,53.63783292931604],[-0.8267093257948555,53.63084404559412],[-0.8364986651085805,53.62782154128728],[-0.8644612001617744,53.63698295233729],[-0.8674300755946284,53.613499961890525],[-0.8578760481198452,53.605542787414905],[-0.8676610781412014,53.58116712485681],[-0.8697377809853264,53.578955311828025],[-0.8855774446956243,53.586092952450585],[-0.8911715820197473,53.58505631833698],[-0.8876308552886872,53.5783409101958],[-0.8895992767605793,53.574613803867],[-0.9084700630258784,53.57541086884152],[-0.9049508935119353,53.56900940796684],[-0.8897254609206977,53.564248270212325],[-0.8930879846765466,53.549815017717144],[-0.8807414427239832,53.54424745367846],[-0.8830265632041322,53.53794667209189],[-0.8758485612328143,53.53280881327468],[-0.8776668662935857,53.53093576405102],[-0.8915234121056911,53.527404447295034],[-0.923256264280383,53.5314951838876],[-0.9416412199501489,53.51946793926446],[-0.954427484566114,53.51930990625235],[-0.943029440123336,53.50903425225666],[-0.9824005732338098,53.49408242247441],[-0.9816931544253167,53.49031862474884],[-0.9888591691442974,53.487502982801516],[-1.004172785926092,53.49133819738719],[-1.0095097495448608,53.489494953450276],[-1.0085786095759544,53.48595393291456],[-1.0151040339175843,53.4851656478339],[-1.0176956595625999,53.48163372968567],[-1.0126832642762853,53.47783297005313],[-0.9910790513213473,53.47559861357015],[-0.9799921431699437,53.467286303642865],[-0.9888051332369843,53.45509220781896],[-0.9927587470933257,53.436955239226116],[-1.008850474936918,53.43305729158049],[-1.0134879373515837,53.429323836540405],[-1.0109945909976097,53.4272476065852],[-1.019942394008687,53.426228803717784],[-1.0178841194953754,53.43736870076806],[-1.0257082702026914,53.456102587270514],[-1.0733239199241988,53.459616043795556],[-1.0803696523342483,53.44648487372359],[-1.051451857235643,53.448070229792464],[-1.0526228900863976,53.43928514972817],[-1.047825036899686,53.436512944437055],[-1.0517993777188974,53.425870712621155],[-1.0733983999837502,53.42769437523416],[-1.0728120587400092,53.42325330230364],[-1.083207058431754,53.42544561433802],[-1.092860288421924,53.41975566936915],[-1.104212809645257,53.406047464894684],[-1.126751457419809,53.39174711058697],[-1.1301394982147364,53.373789721812535],[-1.1425709944596418,53.35719318420078],[-1.1598781557587041,53.357993039591584],[-1.1604178149359183,53.3514420341733],[-1.1559726237604675,53.345934383351924],[-1.1404324743099765,53.34654996562041],[-1.141044910883429,53.342987880041946],[-1.1602314017778088,53.32962878687471],[-1.1731697762421986,53.32545423905837],[-1.1714910305781971,53.32292399066146],[-1.1807174849166,53.321810015199446],[-1.1881212797258278,53.31149066651388],[-1.1996766918315553,53.3057828398336],[-1.2295507449682213,53.30853268312806],[-1.2508382106591518,53.30104505067326],[-1.2735519791379075,53.30876098907068],[-1.2899331046054043,53.308778990218734],[-1.2948800879424558,53.31676049569301],[-1.2914983282801067,53.326173984282185],[-1.3040440388203205,53.33267083068153],[-1.3201351884901973,53.33370247892476],[-1.3266837951322492,53.349345477334566],[-1.3437838325098441,53.36311512644737],[-1.3399789348998652,53.35805449753101],[-1.357758958257856,53.35158300905545],[-1.4023392370079653,53.354627268598456],[-1.4251325994502166,53.34443521202112],[-1.4490462357743434,53.35069647688604],[-1.451352492375647,53.34652796395669],[-1.4453616598840513,53.342182070525475],[-1.4475090349557929,53.33758755647202],[-1.4570802752265815,53.339301345145806],[-1.4735062561441281,53.32796854785184],[-1.4888443996154768,53.334466893623144],[-1.507818605980311,53.33561729161076],[-1.5149072947569067,53.32948408658231],[-1.5442407572490389,53.34584821271287],[-1.5669906674256573,53.348360721668776],[-1.588620213090601,53.345697607513266],[-1.6193199396340738,53.35075226953853],[-1.6550128486452234,53.363529826378304],[-1.6618949075427194,53.36753336434678],[-1.6617198168706242,53.37433835271209],[-1.653329218446915,53.382381126970806],[-1.6532923282207714,53.39316835243791],[-1.6654880891151427,53.39289187425528],[-1.67805492110754,53.40009482922662],[-1.7006251407755004,53.403899980792545],[-1.7023331803306794,53.41479901102677],[-1.7124509152017602,53.41877503825768],[-1.728327569422074,53.415585119393825],[-1.7401678055405623,53.42217350771521],[-1.7475659560820733,53.43917941870075],[-1.7433528211984008,53.445103561372626],[-1.7457257346231783,53.46245005255783],[-1.76676587027217,53.464454376786016],[-1.774361306164886,53.46824793492114],[-1.7775342052006526,53.474974676710204],[-1.797691194704517,53.481507105537666],[-1.7985911435029995,53.49255278482453],[-1.7917527073276662,53.49703918116939],[-1.7944919748807047,53.503439093191865],[-1.8079110694521954,53.505751755961846],[-1.8002634409901612,53.511302297944546],[-1.8133317700852718,53.51041604254388],[-1.8240737034835293,53.52242734673042],[-1.8382926823817751,53.51946882720583],[-1.8704372226624695,53.53933583962474],[-1.8802548853803904,53.539494116522754],[-1.8903753016614462,53.53347838800693],[-1.9063624652870022,53.53839963130562],[-1.9145497600441144,53.53200670462256],[-1.9166033817619728,53.524951739930245],[-1.9068483725943504,53.51833590058238],[-1.9115477345626,53.51317924978426],[-1.9411845400443304,53.508518775753274],[-1.9518183794675692,53.513873378070414],[-1.969672834793689,53.51152512970415],[-1.99330117410309,53.52039939733228],[-2.004857782065795,53.51784592554528],[-2.023482372841526,53.52883750574182],[-2.048626713333569,53.52802424777473],[-2.0639752370424937,53.53639740318356],[-2.0656607356487613,53.54258372819583],[-2.0613379118307864,53.54789566520265],[-2.0679457611994496,53.551701066800746],[-2.0668966701507516,53.5574079483275],[-2.047536629970531,53.568810670157276],[-2.058943604167559,53.57911019976427],[-2.0489869023462117,53.588461072618884],[-2.05574613671213,53.59748620376962],[-2.0330903894438435,53.6017238028899],[-2.0084893107712327,53.613167803675104],[-2.0199821499844672,53.61497637362964],[-2.0295843608853974,53.63585225336545],[-2.041036381823396,53.64286948177816],[-2.0392154760779637,53.660322408223635],[-2.0530987338724733,53.6723788943614],[-2.0500175536873733,53.681144968592214],[-2.0590975452383784,53.682988111117375],[-2.0721671784572835,53.67713853654343],[-2.0841424127040575,53.677991156759425],[-2.0831379043892118,53.67172863238942],[-2.086696219790591,53.67074712913525],[-2.112042562925532,53.67174131812658],[-2.123820672115383,53.67579536946262],[-2.1316968699022163,53.68512084493464],[-2.1411623617352067,53.67836563849747],[-2.153036909917168,53.695337814565335],[-2.1611458115659414,53.69836130954274],[-2.1607264809501956,53.70720243700202],[-2.171232211011638,53.72176042010656],[-2.163804864918862,53.73142962468154],[-2.1438631090607725,53.73625681582036],[-2.141541189679413,53.7461734413717],[-2.1277399541631263,53.7542574957103],[-2.1292932892529084,53.77155726756862],[-2.1354796354301935,53.77848802071451],[-2.111077898674271,53.80612908355888],[-2.0764536180247046,53.821165239283054],[-2.0520954142597576,53.827215509902956],[-2.049647136868804,53.84841109713598],[-2.074197295589304,53.86210092824749],[-2.0802772815079837,53.869588713446554],[-2.0878787512415986,53.86798610723068],[-2.0809300442025878,53.877296279613276],[-2.093578161711107,53.88708495763925],[-2.10547196361788,53.89022202697224],[-2.1199077271907827,53.884490979388765],[-2.1541282143540053,53.88450560346889],[-2.1756661494516365,53.8925702322167],[-2.1824213467968963,53.88478027358544],[-2.200800982555161,53.880954531217704],[-2.1979209177718246,53.87886825092216],[-2.2005003041492874,53.87742579621162],[-2.227550962576333,53.87234377576589],[-2.2365536830120507,53.88859542499457],[-2.2576502067248923,53.88174599424581],[-2.2845455722047685,53.89962992618422],[-2.3528072951696175,53.90592357784452],[-2.3508024410642356,53.90079088764841],[-2.3655974958278914,53.90086978683965],[-2.4009011952510217,53.88410818517649],[-2.397147740603958,53.88198999919286],[-2.3988265053082523,53.8792891511588],[-2.4132254804524127,53.87317682908464],[-2.4144086683146457,53.8603432266864],[-2.420337573339495,53.85999563362241],[-2.4152257056655957,53.852248619933285],[-2.43994351828581,53.8386874105707],[-2.445259678188,53.846118300410026],[-2.4497076688547015,53.84618149097547],[-2.446191705154353,53.854427151599545],[-2.460196813623203,53.85595099246744],[-2.4538065914513205,53.860481348149214],[-2.4593479259872746,53.86295499674161],[-2.456371099628593,53.86610014291314],[-2.4698840370567843,53.871206001591986],[-2.472373737669174,53.87558903773509],[-2.4895651619690904,53.878317417056145],[-2.4902819959692857,53.88371574987891],[-2.5359876149810674,53.88445833120744],[-2.5379191151810727,53.88683795744329],[-2.525373312345675,53.9013478021999],[-2.528524293072683,53.90381043567435],[-2.527514523120769,53.912731084867296],[-2.5192889347409704,53.916947641313655],[-2.52851971967604,53.93095427748066],[-2.5378561181336114,53.933032253670305],[-2.550205932891063,53.92646354900664],[-2.611654717619529,53.92108025167441],[-2.6179132900735755,53.928885482511724],[-2.626691124469167,53.931761139505525],[-2.624550485518082,53.938360081257215],[-2.6489523653834346,53.95138805137706],[-2.6377316274686247,53.958531148438055],[-2.6156475875061034,53.95219874354125],[-2.612131706581073,53.95654094882207],[-2.5873400104612347,53.960541453186764],[-2.576979521214122,53.96802266595824],[-2.5782939108282794,53.97180291975066],[-2.5571770787103234,53.974647947962524],[-2.573147795052095,53.984596561320316],[-2.5709671162671777,53.9875468626211],[-2.580429640923067,54.00054268919478],[-2.576432419184456,54.01129319521135],[-2.563551095046145,54.01530457563676],[-2.5468541080393945,54.01393616773737],[-2.5448741478632124,54.01910894773321],[-2.5273388509291728,54.02567507929868],[-2.496828076193373,54.02132776265424],[-2.4989041275792543,54.02411804797017],[-2.4915303029782967,54.032022861419065],[-2.4926454903543602,54.038971383724835],[-2.4675339888021237,54.046683126025464],[-2.468545408862243,54.05325725359853],[-2.4630816387143253,54.06219156573465],[-2.462745320339417,54.07549248037162],[-2.4925085117978147,54.09026577229959],[-2.5133358278250353,54.09528907202016],[-2.5612838330418826,54.12474071717403],[-2.5616358699539203,54.140692798254165],[-2.556557063808878,54.14700448859475],[-2.5599427999317683,54.1526437569705],[-2.5475834794098158,54.15290030853048],[-2.5303404913678604,54.16001330698668],[-2.5269938191979424,54.168970514597284],[-2.4792050090854483,54.20144457807874],[-2.4712744499831527,54.21627063723952],[-2.463110662358485,54.22245882966251],[-2.462419789838973,54.23745984806092],[-2.4580473792141198,54.240652833389596],[-2.4582589637004535,54.24455666217998],[-2.471450097318796,54.244268725195155],[-2.519880450106019,54.262241143669534],[-2.5016199687281984,54.276404746528094],[-2.5006401136730476,54.28196898732764],[-2.5353693789005454,54.29760991107191],[-2.5537906912493074,54.31159666115344],[-2.5677053289760328,54.311299973621175],[-2.5712450396068722,54.300841840579125],[-2.5812872033848766,54.303152199733574],[-2.5793880511441465,54.31415807474615],[-2.5662114541448067,54.32701951059212],[-2.573734862716459,54.34708810185282],[-2.570957080435493,54.349224487283315],[-2.5867543585982165,54.35808312614705],[-2.576436460814063,54.3663933794507],[-2.5790524194693667,54.3746436386223],[-2.575085744545873,54.37882221027771],[-2.579743487829628,54.38732476153033],[-2.5721444516235215,54.392392752250124],[-2.5515349319288405,54.387086132432664],[-2.535959795835078,54.39485133361933],[-2.5354923805131766,54.3904143359047]]]}},{"type":"Feature","properties":{"name":"Bedfordshire","code":"H10200145"},"geometry":{"type":"Polygon","coordinates":[[[-0.4578166052739452,52.32166917377774],[-0.4288409711192948,52.31069121214411],[-0.431748066451509,52.29868181307964],[-0.4281953378106535,52.2912155007075],[-0.41603815133002797,52.28370588541522],[-0.4031547683923316,52.286455086192646],[-0.3980297436977012,52.27873949153012],[-0.39186241357335655,52.281732948370795],[-0.37413889537876066,52.280166672287635],[-0.3702246722240997,52.274202843535235],[-0.37860640936380024,52.273301290003246],[-0.3807144485416118,52.2684145659252],[-0.37245505725374356,52.23343166027436],[-0.35416084315628216,52.23459170413423],[-0.33883917438222466,52.23091428522338],[-0.3412745216536706,52.23936731984992],[-0.33165492669013646,52.24320366443689],[-0.26975675349242556,52.239226791370115],[-0.27308284727933513,52.23341091952253],[-0.27033000640345856,52.22230600234103],[-0.2779504838154428,52.21860130448519],[-0.27920520854302405,52.2134602096647],[-0.25477919248316167,52.20353641842741],[-0.2503961351909254,52.19605017899151],[-0.2384440922091303,52.1900021779281],[-0.24157898778492085,52.184242041467826],[-0.2647378662967187,52.172616705292654],[-0.2663014472138155,52.16689265045685],[-0.2742759125301239,52.164370307742466],[-0.274760992199046,52.15877648245082],[-0.25769417844060466,52.15571231728765],[-0.23447458547921418,52.14354610795497],[-0.20414802096769596,52.143686270394184],[-0.18046630158883026,52.13910762530826],[-0.1499809208370923,52.143209096734445],[-0.14360979977168187,52.13798551718445],[-0.14470319377559673,52.10542887980678],[-0.14943466161967797,52.08879053601025],[-0.16326164685991187,52.07589949945194],[-0.1709111473050073,52.06170328740322],[-0.19414184686646124,52.06181320210641],[-0.21851508808958592,52.035937294843265],[-0.20120596056705287,52.01123989555108],[-0.2365887606861531,51.9970329061168],[-0.24920806715817764,51.979618837794],[-0.2696983749509465,51.97912784667995],[-0.2754467646811391,51.99291248541567],[-0.28216601842898403,51.99949711879385],[-0.29266924797812893,52.00167181426351],[-0.2979139298844637,52.00017358993158],[-0.29528418548512125,51.99409666974435],[-0.3106968756228823,51.98147678211799],[-0.36230420624847565,51.984854349128746],[-0.36552192951817175,51.97874443202988],[-0.34890781140335664,51.97227607063139],[-0.348035939537866,51.963309091122944],[-0.34913751903660906,51.95816540577496],[-0.37000727534664163,51.9479469994712],[-0.38198670584870364,51.95273422274343],[-0.37889372924065073,51.97830781596437],[-0.38978733681605127,51.97699767727075],[-0.40206677272539126,51.955097186321424],[-0.40447098709888063,51.93226595573582],[-0.3871595516839879,51.9251182745215],[-0.3740067635369023,51.895847185289405],[-0.36281672916031676,51.892994884031125],[-0.3520673595799019,51.8827163999936],[-0.35248409979087925,51.86698354987588],[-0.3405329825660224,51.84799014897863],[-0.35518471244997957,51.84023869960075],[-0.36314530816429597,51.84141710652933],[-0.37256827172882284,51.82880374980606],[-0.42038295906200285,51.84948242349273],[-0.44356620651677575,51.848251767817914],[-0.4538923131126662,51.85386482357341],[-0.46239331901611114,51.84970457242224],[-0.4682817387988063,51.855387946352245],[-0.4769217523843183,51.85288550961508],[-0.4694602754510249,51.84527831968993],[-0.4895199835663419,51.84222397732788],[-0.48993777378248027,51.834768894169],[-0.4994080829351084,51.8365242596444],[-0.5062009737855626,51.826019283317834],[-0.5001901285934428,51.8216709437599],[-0.5006248550381697,51.81471006382341],[-0.5217078772577266,51.80467387060202],[-0.540837334975394,51.814776438845215],[-0.5506995364477449,51.826602959140466],[-0.5392102126773772,51.82625242184073],[-0.5348819752987127,51.83180734761207],[-0.5626447280260646,51.8490634369472],[-0.5610569582528203,51.851455736565995],[-0.5673856938857852,51.85350363957958],[-0.5661228215962772,51.85842674921508],[-0.5771007371708122,51.867439972500485],[-0.608138469504672,51.87690867421755],[-0.6177081983286973,51.88521202023349],[-0.6267309507419566,51.882862013098695],[-0.6508384765650742,51.887634645221105],[-0.6700935662597302,51.90085009310711],[-0.6652588944614836,51.90466057135532],[-0.6669055223677564,51.92188334416236],[-0.6618757246611215,51.92903525323341],[-0.6734395968159156,51.9290694797224],[-0.6753608975051429,51.9308796254927],[-0.6681083126438487,51.93478789115873],[-0.6778337174299416,51.93654243933539],[-0.6796064519341437,51.94135416511341],[-0.6680307208315086,51.94575789705094],[-0.6680685414249437,51.957296693645745],[-0.6630639134309803,51.955904459008146],[-0.652745521687251,51.96241633910902],[-0.6502594137769724,51.97064161512793],[-0.6436272557580335,51.97315464967347],[-0.6531694640714493,51.98293154145622],[-0.6574062965365932,52.00115303391914],[-0.6518416934519446,52.008427636299366],[-0.6420025012085859,52.010658517091095],[-0.640451036149762,52.01270042637912],[-0.647031172857329,52.01587207902326],[-0.6384942416007352,52.0224177793967],[-0.6424957598704792,52.02705453560641],[-0.6426998918165827,52.03958456713357],[-0.6534894261078361,52.042452561790576],[-0.6724244823087125,52.03990329840693],[-0.6714050928465592,52.04311595581717],[-0.6394806402984493,52.065762449759056],[-0.6291462143088509,52.07939620269994],[-0.6035155842297114,52.09036555501147],[-0.5936867668291247,52.10429136583622],[-0.5882803653896228,52.09838473194134],[-0.5807693619076792,52.103764786234734],[-0.596084082909476,52.1146747790622],[-0.5969593024567007,52.12523573864117],[-0.6043031590733539,52.134245546743045],[-0.6164627588054071,52.13277235780852],[-0.6334917017753654,52.138226429661366],[-0.6377659890040926,52.1526638747866],[-0.6294245385276318,52.15393122750184],[-0.6279583045608383,52.160370953372066],[-0.6329971293160094,52.16860217472074],[-0.6257480136794742,52.17431827752322],[-0.62671293167435,52.18037038498575],[-0.6672677008188688,52.19669441131076],[-0.6475796236380196,52.220284540493665],[-0.635700308701385,52.22670468131338],[-0.6515362645100635,52.26793790041816],[-0.6372636134323174,52.27304106271271],[-0.6294187508335986,52.27021697887484],[-0.6019567744577377,52.27905135781374],[-0.5853067774684226,52.27313749460928],[-0.563865280329488,52.25312113943956],[-0.5529545624085274,52.25714812852966],[-0.5400696582989818,52.25559121090871],[-0.5356957690407375,52.26080583209444],[-0.537116706100601,52.26598433558164],[-0.5294284600912583,52.27023873149677],[-0.5321938326629155,52.281395758642006],[-0.540141802045499,52.28940391526211],[-0.5154729237006578,52.31037405044195],[-0.5172905294632969,52.31722547826633],[-0.48744018264350364,52.321963448491985],[-0.4739525100342488,52.318691351747695],[-0.4578166052739452,52.32166917377774]]]}},{"type":"Feature","properties":{"name":"Buckinghamshire","code":"H10200147"},"geometry":{"type":"Polygon","coordinates":[[[-0.667348278637863,52.19522357752177],[-0.6270131270712268,52.181131604167966],[-0.6257480136794742,52.17431827752322],[-0.6329971293160094,52.16860217472074],[-0.6283821862509921,52.15529279914582],[-0.6364563525725743,52.15239119962184],[-0.6334967624783291,52.1393592186202],[-0.6020082205533375,52.131585333951385],[-0.5969593024567007,52.12523573864117],[-0.596084082909476,52.1146747790622],[-0.581501925516988,52.10493950505499],[-0.5882803653896228,52.09838473194134],[-0.5889369515949706,52.103950789275004],[-0.5954507983261077,52.10294669976903],[-0.6035155842297114,52.09036555501147],[-0.6278333246813025,52.08032707746587],[-0.6386224196686096,52.06683104738237],[-0.6736079863553357,52.041177652519075],[-0.6439865840289247,52.04092953963243],[-0.640598506626415,52.038586221805126],[-0.6384942416007352,52.0224177793967],[-0.647031172857329,52.01587207902326],[-0.6410749415483736,52.01345202186332],[-0.6420025012085859,52.010658517091095],[-0.6518416934519446,52.008427636299366],[-0.6573506236451291,52.001218155720466],[-0.6531979809385204,51.98389250469836],[-0.6444000267369454,51.97541024025841],[-0.652745521687251,51.96241633910902],[-0.6630639134309803,51.955904459008146],[-0.6680685414249437,51.957296693645745],[-0.6680307208315086,51.94575789705094],[-0.6792553891591886,51.942748966885354],[-0.6778781795294334,51.936653798952754],[-0.6681874581462633,51.93690509582678],[-0.6753608975051429,51.9308796254927],[-0.6734395968159156,51.9290694797224],[-0.6613213149555695,51.92793032618797],[-0.6671924337573014,51.920789515696875],[-0.6656245095119075,51.90587518802755],[-0.6705882760866027,51.90235784663635],[-0.6508384765650742,51.887634645221105],[-0.634851977008138,51.8834164030875],[-0.6177081983286973,51.88521202023349],[-0.6098790605461594,51.87791548407268],[-0.574487014951849,51.86604510645731],[-0.5609094326912213,51.84674881383833],[-0.5362866540049881,51.8329566534504],[-0.5365839294079617,51.828893830851136],[-0.5417783921764777,51.82509164009703],[-0.558468862949368,51.82984546769032],[-0.5565757372683502,51.82731877074477],[-0.5667170500922907,51.81942598297832],[-0.5737675582751658,51.81834490942078],[-0.5715600243525855,51.81617040977545],[-0.5807099097669085,51.80623540170902],[-0.5950752382202265,51.81460685118349],[-0.6087717947771463,51.81191340984235],[-0.628718182912992,51.819041269669405],[-0.6465653327824431,51.81331488005568],[-0.6634402518017953,51.81570321868702],[-0.6736481325333795,51.822956664083456],[-0.6826389435365572,51.83696387691444],[-0.6925548277697398,51.840785072077516],[-0.6858874700261018,51.848209278134156],[-0.6886380196120284,51.8550634737764],[-0.695423863044802,51.857573931442175],[-0.7136703118517276,51.85604775161628],[-0.7354612163461598,51.842471699033766],[-0.7434953605084758,51.84130306753],[-0.7246371946667889,51.819915534076806],[-0.71404068548318,51.81684622146758],[-0.7077455395592902,51.82064176153949],[-0.6812758236488717,51.798929242260506],[-0.6737828836723642,51.77058940501984],[-0.6675553233310518,51.765905178573554],[-0.6412206150874793,51.75461461803295],[-0.6213090902481828,51.75425190995447],[-0.611136487836726,51.74920172837184],[-0.5853395472550236,51.75230087841006],[-0.5696745524757707,51.73641928491942],[-0.5472870553068039,51.744903501013766],[-0.5297187644373165,51.73714592935642],[-0.5404227388893867,51.72565347314449],[-0.5549709306959306,51.72323760033031],[-0.5597715631252114,51.71225573768641],[-0.5415711160717324,51.69694061483726],[-0.5463503047677848,51.678000414257404],[-0.5146878761256175,51.680618155654905],[-0.5084255585820053,51.67992277730364],[-0.5041774771713693,51.67455954362474],[-0.5131944921391253,51.66655988083046],[-0.5142766107173005,51.65943991753894],[-0.5366862847816009,51.63975667822869],[-0.5184203703348046,51.60228081485218],[-0.49770157212681315,51.59984310379313],[-0.47766851672464744,51.55588802901919],[-0.49170020077067494,51.542099821775196],[-0.4830171701476326,51.50609215016676],[-0.4982651741352481,51.47989149294037],[-0.5170985376464472,51.480723615506804],[-0.519524193711268,51.4699344451566],[-0.5254636829660113,51.463468551575964],[-0.5280611029241994,51.452071494348196],[-0.5173622530408862,51.434259988723184],[-0.5343436228622008,51.43522941494817],[-0.5699209226209744,51.45058497100668],[-0.5678748658493565,51.45814337088951],[-0.5576606717626804,51.46571843942589],[-0.5589681354205595,51.47237570537601],[-0.5795333524159847,51.46906297068605],[-0.5823874138494385,51.471317279703804],[-0.5771023030671382,51.48098878104943],[-0.5954405810498596,51.49213063054889],[-0.6007696253406472,51.49270371208698],[-0.6056516578786897,51.485090308264674],[-0.614375263158616,51.48329166932432],[-0.630796799808818,51.491208935649006],[-0.6505566359757603,51.482698667891256],[-0.6734417961669039,51.49205178315227],[-0.6847815959176873,51.50691825606509],[-0.7009080129088805,51.50962305301561],[-0.7014699599255164,51.52301044008122],[-0.6980066736272872,51.53696555409418],[-0.6902444942350658,51.54575268697909],[-0.6907752949372291,51.556262247090274],[-0.6957380383282926,51.56434652717093],[-0.7114650888980322,51.56461034888085],[-0.7142950058474657,51.57723806954785],[-0.7284829766613758,51.57681246751106],[-0.7546762726542724,51.56443319437148],[-0.7718665904757961,51.56688099335907],[-0.7817774838013162,51.55478926196181],[-0.7926969648519,51.55009346421514],[-0.8073089468638519,51.553162496995974],[-0.8390234403778148,51.544054250664225],[-0.8603508401491281,51.54991324081359],[-0.872318684166281,51.56246705941579],[-0.8817888726099646,51.56148262365851],[-0.8896076520398957,51.55086878455183],[-0.8980235746491763,51.55094124145131],[-0.9346008317456513,51.57060029746066],[-0.9382052753098733,51.58312683062149],[-0.9216265725276228,51.59095265250983],[-0.9154533616908797,51.598298896951945],[-0.9178995597141008,51.602644862359604],[-0.9407059265826633,51.604488289336885],[-0.9419760694974748,51.609702718514804],[-0.937029378596224,51.61624826586669],[-0.9474478344311332,51.620179617549816],[-0.9480437610802706,51.62675831413439],[-0.9334672326398785,51.635195831169575],[-0.9334603184730819,51.638570823514094],[-0.9466282590616489,51.64874471999335],[-0.9439904935878861,51.653471383585725],[-0.9272442307113613,51.65421451069717],[-0.9261258421347928,51.65129826261761],[-0.9206827669197162,51.65638554701345],[-0.9288151126736148,51.66379573690051],[-0.9168963900616298,51.67128715507917],[-0.9061867481345638,51.673140850992226],[-0.87783642047144,51.66731314853302],[-0.8816817540954472,51.67302446207162],[-0.8959404557398856,51.67545809765515],[-0.8787269643290978,51.682822987928716],[-0.8921394372033812,51.690705394790754],[-0.8847947965607724,51.70510048999917],[-0.8865651063595296,51.71889797928266],[-0.8939915341108094,51.72161993852638],[-0.9062300071731252,51.73516766057403],[-0.9085898607637977,51.73652063478159],[-0.910044645634062,51.730478373546575],[-0.9431787914195394,51.725705319584016],[-0.950796416642834,51.73119072408048],[-0.9480935075988035,51.73385138415713],[-0.950437579595091,51.739218240497394],[-0.9441111008995954,51.75241817795695],[-0.933414736778877,51.752325110927345],[-0.9265678245904136,51.745301184156645],[-0.9221061463981716,51.74687351844848],[-0.9163886039150597,51.736569058905665],[-0.9097526898215544,51.736818908598565],[-0.8997487539442164,51.751360714319425],[-0.8865890743103148,51.75046314875864],[-0.8916377383337998,51.75858234626105],[-0.9097465425217989,51.762439755544705],[-0.9485561388452093,51.75693374637601],[-0.976879858328862,51.76031799097915],[-0.9818634168210755,51.75202554890591],[-1.0270991369142919,51.757595209763],[-1.030344576118216,51.75266622322704],[-1.0280943901989477,51.74654501349741],[-1.033648410525345,51.74346088360345],[-1.069439287841831,51.75673277384292],[-1.0787906225054806,51.75613790795973],[-1.0772906803582052,51.77105559181897],[-1.0805348859805555,51.773165833055906],[-1.0775847937408267,51.77722483050293],[-1.120142688702629,51.78699340236617],[-1.1169302026538355,51.79756900138486],[-1.1219927329503985,51.808297761302775],[-1.1112390035206143,51.81566848913724],[-1.1240064803666385,51.827770076229534],[-1.1393789385291484,51.83377193616989],[-1.120150372004554,51.845005130255544],[-1.0816396686939307,51.82929171546457],[-1.0723280837418303,51.829246882029544],[-1.0657084855372676,51.83445131411585],[-1.0602595135635495,51.83244604202353],[-1.0448580505517222,51.83967092422647],[-1.0607841461686374,51.84577312607194],[-1.0639243926379154,51.85256721703397],[-1.0621596386837435,51.869112508012066],[-1.0756279311511008,51.8779061322869],[-1.068452276271276,51.88208964772292],[-1.067816282374262,51.88770136320534],[-1.0914262564748591,51.89549523276171],[-1.0846956747716165,51.89776165192851],[-1.0794983690333542,51.915541466604864],[-1.0846585235042525,51.92260667616409],[-1.0607109969829904,51.935610887706545],[-1.052766076633965,51.94729543817724],[-1.0562039904731895,51.94984364886098],[-1.079261411116725,51.94469095680764],[-1.0799360467448351,51.950541937179146],[-1.0938229132926127,51.958084400384145],[-1.0770984840793587,51.98107521331689],[-1.0535063824706887,52.00136174316362],[-1.0577723286786134,52.00788734514277],[-1.0879079047513074,52.00579841628227],[-1.0949628703685559,52.01438609428124],[-1.1013677645238549,52.012201740973545],[-1.1365456639933633,52.01790792353741],[-1.133907400719897,52.029150135063034],[-1.1212365469886796,52.043998668864],[-1.0820647687644729,52.052006204439],[-1.0788572287715683,52.05655638721212],[-1.0621516653780496,52.061543150055435],[-1.0253159914223866,52.063715506516466],[-1.0366398907423369,52.073441093921154],[-0.9808424790542662,52.06931209371992],[-0.964803076670885,52.07192315163021],[-0.958234681122011,52.078749627545086],[-0.9507789058296012,52.08011083265617],[-0.9382873517633987,52.07468821835932],[-0.9420019735809934,52.07018136163773],[-0.934496455968379,52.06292491117219],[-0.927425889779981,52.04331727297366],[-0.9092048404363514,52.023681861662226],[-0.9057949002407845,52.02116237778335],[-0.8895652051318703,52.028828595091944],[-0.8792153403800361,52.02700522844012],[-0.8680996955444275,52.04221027757141],[-0.8581799656065723,52.04228541756606],[-0.8543938687680875,52.04589117379167],[-0.8529950801325591,52.04844172147946],[-0.8600002827441812,52.051372981493216],[-0.860031751209786,52.06034359630983],[-0.8387269035139587,52.06157614381415],[-0.8324452794724512,52.068195063819225],[-0.8457070162968965,52.08829496749384],[-0.8670789043315503,52.09661649335546],[-0.8696178152554198,52.10768474273473],[-0.8844037365120647,52.110640775930925],[-0.8789682529951226,52.12420631264116],[-0.8289364199161283,52.129194482416494],[-0.8296623671742644,52.13766329920481],[-0.8186843478111725,52.14092724458018],[-0.8238021278593417,52.14928516495687],[-0.8268859621760534,52.148745310454274],[-0.8259507103295617,52.151878839694284],[-0.7987868298878144,52.156190523977294],[-0.7919117960861517,52.150154676531926],[-0.7765450461411311,52.16726203976726],[-0.763769858583155,52.16893974806075],[-0.760986372602613,52.16178100683814],[-0.734770989295752,52.17161860433267],[-0.7024633804156465,52.191312862687695],[-0.667348278637863,52.19522357752177]]]}},{"type":"Feature","properties":{"name":"Cambridgeshire","code":"H10200148"},"geometry":{"type":"Polygon","coordinates":[[[0.4311912810045258,52.252727420087346],[0.40519547010112533,52.275149630248805],[0.3748250276134151,52.28533008720019],[0.3813459925871353,52.29029900490708],[0.36361582332034387,52.29662067310151],[0.3640742040356415,52.28970273617208],[0.3540285321631928,52.28219294687225],[0.35757727902893144,52.277985516742696],[0.342266381711878,52.26710730013998],[0.38363189055892094,52.23130129167977],[0.3971310747395491,52.23023903002744],[0.4152192108200754,52.238884137660754],[0.4249787810024103,52.238303974461004],[0.4215403478094786,52.245810152395094],[0.4311912810045258,52.252727420087346],[0.44850219936859015,52.24149025369256],[0.46129339416384235,52.246198881933914],[0.4874309134124754,52.23088792127475],[0.5006808743135192,52.23754798173416],[0.5206734646979653,52.22516346883118],[0.5175830079632535,52.213187643848094],[0.5122005202572609,52.21326755850389],[0.5021748987780362,52.1925100743775],[0.49541735827553607,52.18929065252266],[0.49314716078130255,52.178354010793385],[0.48547930769440495,52.17126918252813],[0.48967313701649556,52.16603848056541],[0.47691176751997527,52.167129336563804],[0.47064389724778444,52.163339235507785],[0.46565809173928646,52.168467489478836],[0.4487990776213468,52.17236931372958],[0.44335520968332925,52.16555317643924],[0.4367324952478551,52.165013616091656],[0.43464487336960794,52.15942442533059],[0.4195083132030335,52.15828330539573],[0.4187770030824918,52.135208367483656],[0.4102141753717213,52.13452882542141],[0.4066929820041999,52.12868586764306],[0.41047958555158104,52.126030163448014],[0.40856957404155886,52.12358517784965],[0.3981485244666361,52.122727173556555],[0.3872110865762522,52.11237190329207],[0.3849280628416581,52.10155273163613],[0.39621516340315516,52.09659822002852],[0.39179007101477387,52.088179556942045],[0.4038556665282895,52.08271114865991],[0.4023195310954406,52.07429247865019],[0.4079668090976016,52.07125610243449],[0.39207554290087077,52.06322133338],[0.3816911147099775,52.050389845305865],[0.3974888303718733,52.03173675201464],[0.38432854355641993,52.03877919293383],[0.3723353334012512,52.037281275228885],[0.36292657891958596,52.04548872287333],[0.35484643994434384,52.044801927615104],[0.3265603131629,52.07065268336222],[0.3272379770719809,52.078997993646865],[0.30925557300858475,52.082206526733515],[0.286155995489677,52.095022020384],[0.27413993465041553,52.09273007529476],[0.27158064804240056,52.087656052415554],[0.2530233969590094,52.07818869923088],[0.23515922741899248,52.08980919753342],[0.20741251566622454,52.09297527316066],[0.19473720056487687,52.07641170837685],[0.18225145272445706,52.07326386221629],[0.19567239867648858,52.06056097435079],[0.1917380947801349,52.05710733626779],[0.16953147295984763,52.055823039041314],[0.16696183427810246,52.04820824865646],[0.1640005117947971,52.051483527798815],[0.1300598406816608,52.04849362969478],[0.1209217871308455,52.06098742704342],[0.10857724470558901,52.06150284074924],[0.10687653527315061,52.06723631307735],[0.09889661399926238,52.06827074853638],[0.1024515760003288,52.06174524868774],[0.09948660867647603,52.062417524782866],[0.09416623037961304,52.05239313664625],[0.09751220179229197,52.049979938153776],[0.10500612394082101,52.053355835500476],[0.10401868473242006,52.04848528455237],[0.10666616503418402,52.048661953072816],[0.08598897433692952,52.01232133907873],[0.07080719931394729,52.00391947156736],[0.04181832453525496,52.044603013776374],[0.04170974441004831,52.05285841054892],[-0.004515337965933543,52.04869154093128],[-0.007063978121709635,52.05422757188931],[-0.015970505693907195,52.05606253947688],[-0.016362097051086287,52.06296645376903],[-0.03744142067831056,52.05613102146817],[-0.0330814794793348,52.04763964652003],[-0.0604394386054483,52.04378367637796],[-0.11994626470914728,52.01974107218285],[-0.12503761966349267,52.02059786923912],[-0.12169262191323993,52.0320264993246],[-0.13192142426845885,52.04621476282643],[-0.15389094971293266,52.05237858638883],[-0.1461991156899627,52.069025430225196],[-0.15523504319947842,52.08113379928678],[-0.14712560695254104,52.09404676911147],[-0.1425957043638481,52.11702244316904],[-0.14327616238021418,52.13783750461519],[-0.15174354643297241,52.14357382446747],[-0.18046630158883026,52.13910762530826],[-0.23340071901145956,52.144596626625685],[-0.22517249414383783,52.15054347471979],[-0.2668864522525936,52.16512761778279],[-0.26215417992901946,52.17409235557438],[-0.23340942713451618,52.168386982858806],[-0.21593508996100352,52.158865533785004],[-0.18867001541708237,52.16838616388863],[-0.15417384001163695,52.16655763331755],[-0.14847055138835635,52.168667916344695],[-0.15202053171133056,52.174539159589735],[-0.13699403917220884,52.183666207840126],[-0.10568041918450545,52.17879083409539],[-0.1005867030152237,52.188388552719],[-0.10492281986754298,52.193640883225655],[-0.10286841071550232,52.19669712213821],[-0.10662777435151032,52.197445037855076],[-0.10122909761534132,52.1999652929964],[-0.11745677365138046,52.20764766671291],[-0.135003002788913,52.2071837518196],[-0.15066149052656141,52.212183245931854],[-0.16613215626226382,52.199035776226154],[-0.174206677258654,52.197032591637466],[-0.19324755613525635,52.203749376912796],[-0.18439881741384445,52.228196303468266],[-0.1749469996081328,52.23005498710037],[-0.14635878777032832,52.22507444846829],[-0.14601753731727743,52.22808089445725],[-0.13553518706055093,52.229625023906465],[-0.12926813537007562,52.24194387857321],[-0.15189870422646226,52.25322861379001],[-0.17056662877484002,52.25566471660463],[-0.1751487131862361,52.25084232684964],[-0.1814854750065997,52.25955408785815],[-0.17322993781825327,52.279771797647314],[-0.1451256031138366,52.28377164785048],[-0.13885125033336715,52.28122609935947],[-0.12129486736483054,52.25712650027193],[-0.09749533088729158,52.27729133835246],[-0.08358505588832794,52.2713240140972],[-0.06360598435972328,52.284818191101365],[-0.04464062541837685,52.30610976452528],[-0.04313058638871786,52.313965346276774],[-0.023988184884341714,52.31515227809206],[-0.013811348225796589,52.31181249043708],[-0.003247694358805618,52.31618320395979],[0.011133807412505475,52.340102929990664],[0.03719837081259316,52.35290871490503],[0.05299483536738543,52.35067837340796],[0.0790197085491271,52.33567157124434],[0.12270152351592714,52.32780035983104],[0.1385536568912919,52.32004104014344],[0.14721149589571392,52.32425163759484],[0.16330114051469607,52.323221692964594],[0.1684775058584495,52.31756072339223],[0.1977544043630951,52.32348310064879],[0.20450278496916088,52.315861140492316],[0.24004533898609937,52.31948888601776],[0.24559397148435821,52.324169171257815],[0.2504405140160946,52.32209844622001],[0.25884522958855527,52.33505538634851],[0.25510379249365966,52.34813214501279],[0.2611269023589781,52.354271325850235],[0.25599598719231886,52.35487304249293],[0.26217581460429146,52.37221496732277],[0.269029720235115,52.370434438572175],[0.2736146810099432,52.37495686788177],[0.29316369197725567,52.36307528000486],[0.3032017028348656,52.364630533114536],[0.33563132315430644,52.37834333352966],[0.3352896824225524,52.391306266839834],[0.329070665920441,52.39264561001531],[0.32816298091801316,52.39659008021913],[0.33915526964485954,52.40717249491766],[0.3483709834340261,52.40591701042093],[0.3615806216509561,52.411687539880774],[0.37605608027160864,52.4097173540842],[0.4116795226081159,52.35887866638851],[0.4218590493238404,52.35654713196113],[0.4224353082629933,52.35118967760452],[0.4295315192470632,52.35261014471448],[0.4451761324396402,52.34523345765535],[0.43975735083855144,52.33281507291964],[0.4282826802612871,52.32740410128235],[0.4346401264798679,52.314755921110404],[0.4635077104765447,52.31418238796084],[0.46702839328537954,52.306594632855145],[0.5117190512731151,52.286014159545154],[0.5065675256238344,52.28224102743734],[0.5027553562171426,52.270721475679004],[0.45938133705234074,52.26362613056341],[0.4311912810045258,52.252727420087346]]]}},{"type":"Feature","properties":{"name":"Cornwall","code":"H10200150"},"geometry":{"type":"MultiPolygon","coordinates":[[[[-6.398577745489675,49.864646983966566],[-6.398026770677105,49.864283647223616],[-6.399479111692108,49.86413304162258],[-6.398577745489675,49.864646983966566]]],[[[-6.397424419371545,49.86582944878036],[-6.397500464052075,49.865431290702716],[-6.3978420208958084,49.8657116942858],[-6.397424419371545,49.86582944878036]]],[[[-6.384975400446463,49.86618289348297],[-6.384588274122404,49.86598244795159],[-6.385449675545841,49.86617751919397],[-6.384975400446463,49.86618289348297]]],[[[-6.396575849821514,49.865705696114446],[-6.396915546771275,49.86575335539458],[-6.39665560749847,49.86604656440747],[-6.396575849821514,49.865705696114446]]],[[[-6.391789216248862,49.86628805425813],[-6.391905143503705,49.86620088577716],[-6.392080017201462,49.86639398350325],[-6.391789216248862,49.86628805425813]]],[[[-6.397341589860758,49.866133891590984],[-6.397573361538172,49.86604948751497],[-6.397399546642516,49.86626578200083],[-6.397341589860758,49.866133891590984]]],[[[-6.391602471706933,49.86645534212442],[-6.391761489615525,49.86681108730606],[-6.391430933622959,49.86678943449095],[-6.391602471706933,49.86645534212442]]],[[[-6.391802832112255,49.86705160507779],[-6.391909737933732,49.8671555416781],[-6.391751724839592,49.867132740494185],[-6.391802832112255,49.86705160507779]]],[[[-6.386952111210392,49.867498401340676],[-6.386189871794018,49.86654004244181],[-6.3884257825923605,49.86718242774991],[-6.386952111210392,49.867498401340676]]],[[[-6.396784519863788,49.86680572562786],[-6.398032495540237,49.866336221522026],[-6.397265722717464,49.86733551122296],[-6.396784519863788,49.86680572562786]]],[[[-6.392264972739698,49.8675407366674],[-6.3921133601322975,49.86728189678751],[-6.392698153428851,49.86751170293023],[-6.392264972739698,49.8675407366674]]],[[[-6.387182902881257,49.86814749699555],[-6.386905263980298,49.867795352045505],[-6.387311107908269,49.868032851282216],[-6.387182902881257,49.86814749699555]]],[[[-6.398647700343319,49.86826213442098],[-6.39833119824998,49.867155524221836],[-6.399225257626748,49.86798369174778],[-6.398647700343319,49.86826213442098]]],[[[-6.398744091428565,49.870514795149575],[-6.398272088858466,49.86930591253043],[-6.400961343116674,49.86905660247362],[-6.398744091428565,49.870514795149575]]],[[[-6.4012801380384445,49.871727651050875],[-6.400793593038191,49.871522085561516],[-6.401886345290949,49.871435245378194],[-6.4012801380384445,49.871727651050875]]],[[[-6.368538297141298,49.87392227742228],[-6.369271574572457,49.87476304147424],[-6.368344297789381,49.87501133581327],[-6.368538297141298,49.87392227742228]]],[[[-6.404311642931579,49.873501309872765],[-6.4045753389297,49.87376665879307],[-6.404340633882227,49.87374319385734],[-6.404311642931579,49.873501309872765]]],[[[-6.417221017230503,49.8771040424542],[-6.417714212699304,49.877015018511116],[-6.417463570102492,49.877319745406794],[-6.417221017230503,49.8771040424542]]],[[[-6.41642998584728,49.87742402081362],[-6.416793278630602,49.87745245301845],[-6.4165849410438005,49.87767189431183],[-6.41642998584728,49.87742402081362]]],[[[-6.415994683043528,49.877643114406155],[-6.416135924977994,49.87763503346673],[-6.416076538709918,49.87776239360733],[-6.415994683043528,49.877643114406155]]],[[[-6.410875681124635,49.87776996119897],[-6.411171848278563,49.878039457646764],[-6.410895662755203,49.87801938689989],[-6.410875681124635,49.87776996119897]]],[[[-6.410255031006088,49.87827869218141],[-6.41032583799141,49.87804740520504],[-6.41071978861894,49.8782438795353],[-6.410255031006088,49.87827869218141]]],[[[-6.416434861975945,49.877812615547825],[-6.416803533645139,49.8778084440611],[-6.416240421485202,49.87809272277151],[-6.416434861975945,49.877812615547825]]],[[[-6.4125941523015575,49.87865389784648],[-6.412830302669043,49.87883028349705],[-6.412357274838339,49.87878982374151],[-6.4125941523015575,49.87865389784648]]],[[[-6.410685579055608,49.879227033658125],[-6.4113324136340895,49.87860840781748],[-6.411542856196711,49.8791439579485],[-6.410685579055608,49.879227033658125]]],[[[-6.411370512771655,49.87996700264529],[-6.411939763566989,49.87995228464208],[-6.411598061899705,49.88013000340191],[-6.411370512771655,49.87996700264529]]],[[[-6.367260666210493,49.88556449734426],[-6.367465787208668,49.88567644924689],[-6.367169722272255,49.88579111558007],[-6.367260666210493,49.88556449734426]]],[[[-6.368173702838675,49.88752881672255],[-6.368369665985296,49.8876780105204],[-6.368147427693167,49.88776199426563],[-6.368173702838675,49.88752881672255]]],[[[-6.369638994854113,49.88825195378901],[-6.369928704649725,49.88826711333697],[-6.369733608638355,49.88843557006008],[-6.369638994854113,49.88825195378901]]],[[[-6.368801769644196,49.889052114746995],[-6.369409343998611,49.88885459726665],[-6.369218789707802,49.88961233664717],[-6.368801769644196,49.889052114746995]]],[[[-6.3482517606854865,49.897718391323274],[-6.337012821583201,49.89378629055952],[-6.331277171737494,49.89663609756005],[-6.326583609392181,49.89064888247476],[-6.337070357304398,49.89296339625077],[-6.335070064625153,49.88666317483734],[-6.340436897054029,49.881868680128605],[-6.345002168903558,49.88932081588793],[-6.352113342812918,49.88905902257159],[-6.3482517606854865,49.897718391323274]]],[[[-6.374481698294373,49.899335425619164],[-6.364931776595468,49.892563030400034],[-6.3758603983749795,49.89490057532623],[-6.374481698294373,49.899335425619164]]],[[[-6.317068478733234,49.917457725760045],[-6.317137593731771,49.91745153403037],[-6.317115043554987,49.917523714483565],[-6.317068478733234,49.917457725760045]]],[[[-6.340562768115279,49.932218244923874],[-6.340406157006785,49.93280187598575],[-6.340134868040184,49.93268425612676],[-6.340562768115279,49.932218244923874]]],[[[-6.360688159375163,49.93066095051248],[-6.361874129555033,49.930779159070504],[-6.360046100980559,49.93165527044381],[-6.360688159375163,49.93066095051248]]],[[[-6.296852736724667,49.93618684549147],[-6.277439840837169,49.92530349664625],[-6.277741742625075,49.916509501260606],[-6.285531069218561,49.91614668042893],[-6.283146672383147,49.91181368061657],[-6.302284261274303,49.91074391692053],[-6.30043797525518,49.906319183482786],[-6.303705654052303,49.903631123706845],[-6.313656375280852,49.91313818338088],[-6.321734190598123,49.90734820246434],[-6.326251907642214,49.911080856287256],[-6.321038907405786,49.9163322652052],[-6.308203948157077,49.91598812660023],[-6.307424238676783,49.92125923801223],[-6.312422923768966,49.92711695220124],[-6.307955640674216,49.9331590368243],[-6.296852736724667,49.93618684549147]]],[[[-6.385429987008502,49.93433580859354],[-6.384436883043456,49.93302800769385],[-6.385586235367098,49.931638151814916],[-6.385429987008502,49.93433580859354]]],[[[-6.351344456399032,49.937027731043656],[-6.348165945227268,49.92787869630995],[-6.3555082786639625,49.929434951766744],[-6.354942405081211,49.93606089588165],[-6.351344456399032,49.937027731043656]]],[[[-6.323801738107897,49.938921815919684],[-6.323879199606538,49.93905481270785],[-6.32360673842565,49.939048789522055],[-6.323801738107897,49.938921815919684]]],[[[-6.347076907242822,49.93905992506655],[-6.346269031409371,49.938884171798435],[-6.34767605515517,49.938498363410545],[-6.347076907242822,49.93905992506655]]],[[[-6.342604802150165,49.93924305256511],[-6.34270487675791,49.939301403284595],[-6.342559258553026,49.93948055323554],[-6.342604802150165,49.93924305256511]]],[[[-6.325814653505318,49.93992564048221],[-6.3259451748026905,49.940059353176224],[-6.3257322551208155,49.9400952068169],[-6.325814653505318,49.93992564048221]]],[[[-6.351615198686775,49.940553411744546],[-6.352022350091593,49.9404760111609],[-6.351959473658344,49.940690760198464],[-6.351615198686775,49.940553411744546]]],[[[-6.273856843790795,49.94325469394637],[-6.272443178898688,49.9433059686575],[-6.2751839361977595,49.943595365024166],[-6.273856843790795,49.94325469394637]]],[[[-6.244449558102197,49.94534437321326],[-6.244533017965847,49.94385285273238],[-6.24719471309375,49.944861243905365],[-6.244449558102197,49.94534437321326]]],[[[-6.258118647007623,49.94622475499524],[-6.256119229386159,49.94550274129892],[-6.257391329986863,49.945268789820915],[-6.258118647007623,49.94622475499524]]],[[[-6.275239665599611,49.94469571190403],[-6.276654311424327,49.94459217163537],[-6.276013702754787,49.94590722077056],[-6.275239665599611,49.94469571190403]]],[[[-6.378767464907515,49.94219073824819],[-6.378407208641656,49.94144841115767],[-6.379919829535377,49.94150548616029],[-6.378767464907515,49.94219073824819]]],[[[-6.264544013746108,49.94679820205641],[-6.260616114592077,49.942481907853185],[-6.264811025545772,49.943100494914525],[-6.264544013746108,49.94679820205641]]],[[[-6.37225630451354,49.94257271951443],[-6.373169936889894,49.94272649687203],[-6.372820110830964,49.943146286879426],[-6.37225630451354,49.94257271951443]]],[[[-6.3851369947358085,49.943457052914205],[-6.385373305695703,49.94232946998711],[-6.385880719079347,49.94364576625713],[-6.3851369947358085,49.943457052914205]]],[[[-6.247235915523284,49.949065041495864],[-6.246060096802663,49.948224448684215],[-6.24891434301667,49.94848691012553],[-6.247235915523284,49.949065041495864]]],[[[-6.361905473675966,49.94512302846189],[-6.362077977695665,49.94516217304863],[-6.361609098848573,49.945283814841424],[-6.361905473675966,49.94512302846189]]],[[[-6.268502130020126,49.94917932592321],[-6.266404936925751,49.94844309360847],[-6.268328944808375,49.947837629489655],[-6.268502130020126,49.94917932592321]]],[[[-6.244771956180632,49.949972520017965],[-6.2436947663446265,49.949602543065055],[-6.2457314708916325,49.94941807994844],[-6.244771956180632,49.949972520017965]]],[[[-6.345234934539756,49.947756767414894],[-6.345363458359171,49.94785183661266],[-6.345168494309507,49.94790145092041],[-6.345234934539756,49.947756767414894]]],[[[-6.295537639474318,49.94959865463239],[-6.296603638892813,49.94961939618724],[-6.296987490964818,49.95020180219516],[-6.295537639474318,49.94959865463239]]],[[[-6.392213074680625,49.946780491332746],[-6.392024028508047,49.94573112657786],[-6.392885187054649,49.94664159694309],[-6.392213074680625,49.946780491332746]]],[[[-6.361548452036526,49.9478821955309],[-6.36146510384672,49.948055424053344],[-6.36123439617281,49.948033517084205],[-6.361548452036526,49.9478821955309]]],[[[-6.390507728656302,49.9469522351868],[-6.39073758562833,49.946260494927174],[-6.391081264793788,49.946680333971464],[-6.390507728656302,49.9469522351868]]],[[[-6.36226933386149,49.948959261855904],[-6.361868580570073,49.94890776549109],[-6.362274742146502,49.94857208396578],[-6.36226933386149,49.948959261855904]]],[[[-6.344208325253135,49.950803778907314],[-6.3443202278842765,49.950993066302644],[-6.344141847687259,49.950963753020446],[-6.344208325253135,49.950803778907314]]],[[[-6.260664797612902,49.955025886028],[-6.251861924949943,49.94949100531746],[-6.256626099524033,49.9494905438174],[-6.260664797612902,49.955025886028]]],[[[-6.256086729507784,49.955386834049904],[-6.256736974322177,49.95534223327477],[-6.256607320288398,49.9556430724838],[-6.256086729507784,49.955386834049904]]],[[[-6.268523632274514,49.95580104640277],[-6.26813771819065,49.95577477584365],[-6.268659685700499,49.95571503799147],[-6.268523632274514,49.95580104640277]]],[[[-6.299479654694924,49.95534415784289],[-6.29971454878777,49.955491122590836],[-6.299407351434876,49.955643818345074],[-6.299479654694924,49.95534415784289]]],[[[-6.294258025467807,49.95658904618427],[-6.295004264814083,49.95613480313503],[-6.294825154310153,49.956457320700004],[-6.294258025467807,49.95658904618427]]],[[[-6.368862869862343,49.95487703273119],[-6.36789482168116,49.95121390131988],[-6.37033898238185,49.95303493973904],[-6.368862869862343,49.95487703273119]]],[[[-6.311658094027881,49.960628339885155],[-6.311887033315137,49.96075480388667],[-6.311580819273652,49.96090299576355],[-6.311658094027881,49.960628339885155]]],[[[-6.313009446023702,49.9617146214446],[-6.313442375829395,49.961735391657925],[-6.3131427524409025,49.962549289393394],[-6.313009446023702,49.9617146214446]]],[[[-6.324310758551915,49.962149842898604],[-6.3248002885340515,49.96263012145446],[-6.324456270072101,49.96282295646591],[-6.324310758551915,49.962149842898604]]],[[[-6.322960652340369,49.96372383946326],[-6.322379639097825,49.96339005725052],[-6.323893626770743,49.96340912508912],[-6.322960652340369,49.96372383946326]]],[[[-6.3258045509952705,49.96307857011007],[-6.326256651210981,49.96373212795237],[-6.326028939826685,49.96374423544109],[-6.3258045509952705,49.96307857011007]]],[[[-6.357080771471874,49.9625331254642],[-6.348277465518516,49.95631199971223],[-6.350489446240504,49.94475253383302],[-6.361167520978371,49.94530561918856],[-6.356023514819242,49.949464408546376],[-6.363518183564975,49.95055279063839],[-6.3575497152432705,49.952955434119616],[-6.357080771471874,49.9625331254642]]],[[[-6.329206454188684,49.966129086793906],[-6.3285231077322575,49.96465714742171],[-6.331883238685025,49.965021051682534],[-6.329206454188684,49.966129086793906]]],[[[-6.346731100683192,49.967238912550286],[-6.321957047975023,49.95525695871479],[-6.319376819581901,49.94450457758591],[-6.331132466495088,49.93912958964871],[-6.338098232395103,49.94598694344961],[-6.338250484939419,49.955334259696066],[-6.350609635669728,49.964209154921235],[-6.346731100683192,49.967238912550286]]],[[[-6.313271775934984,49.96932004497252],[-6.308223438060107,49.9689896227047],[-6.3069205640923505,49.96488852540981],[-6.315878873206794,49.96692988443376],[-6.313271775934984,49.96932004497252]]],[[[-6.296166438862243,49.97340501853578],[-6.284816307895445,49.964515278957236],[-6.268736303009517,49.96354061582396],[-6.265113740589292,49.96699750233076],[-6.261146630870034,49.963851652163704],[-6.283492214212315,49.95590190971683],[-6.290034494829213,49.96172908044658],[-6.303145855302152,49.96345845031277],[-6.296166438862243,49.97340501853578]]],[[[-6.325722869562714,49.97417956947613],[-6.321952558298668,49.97035526045244],[-6.327083447683848,49.96986216306401],[-6.325722869562714,49.97417956947613]]],[[[-6.32245013528614,49.979164999165434],[-6.320805324977626,49.97732033223116],[-6.323469608195484,49.97785174087217],[-6.32245013528614,49.979164999165434]]],[[[-5.2596444529758895,50.01608999133723],[-5.259668529488119,50.01611691094558],[-5.259653297786893,50.01612102725344],[-5.2596444529758895,50.01608999133723]]],[[[-5.477429207811747,50.117910735261795],[-5.474582907211002,50.11636567862556],[-5.4779922152440585,50.11583719871047],[-5.477429207811747,50.117910735261795]]],[[[-5.058104735317855,50.178088506392584],[-5.058513906615279,50.17801562970063],[-5.056675210407792,50.17838693231225],[-5.058104735317855,50.178088506392584]]],[[[-5.014552083495611,50.18392423056914],[-5.0147168328020495,50.18376079670427],[-5.014692034554447,50.1839977636194],[-5.014552083495611,50.18392423056914]]],[[[-5.474630250381256,50.21470189043286],[-5.474655138348433,50.21468060763337],[-5.474786682654391,50.214761716047086],[-5.474630250381256,50.21470189043286]]],[[[-4.783491369474052,50.26958695203487],[-4.783126452449443,50.26933026598075],[-4.784614980594253,50.26886814071884],[-4.783491369474052,50.26958695203487]]],[[[-4.218936183986152,50.32357681823552],[-4.219060806997795,50.32356813295478],[-4.219015224571066,50.323678099666196],[-4.218936183986152,50.32357681823552]]],[[[-4.555665992138726,50.32560678401572],[-4.555594771581302,50.32559617878559],[-4.555777491770361,50.32560548506038],[-4.555665992138726,50.32560678401572]]],[[[-4.506093373935317,50.330117940416876],[-4.506255474774566,50.330034610495424],[-4.506212900254117,50.330094199921376],[-4.506093373935317,50.330117940416876]]],[[[-5.189421236003605,50.32880520262397],[-5.189462753440236,50.32878061141803],[-5.189712098458293,50.32883134509524],[-5.189421236003605,50.32880520262397]]],[[[-4.700273179411058,50.34261276262623],[-4.700552044795398,50.34279147793227],[-4.699875030639462,50.34285502247492],[-4.700273179411058,50.34261276262623]]],[[[-4.207964123977454,50.36148568199412],[-4.2081632296211335,50.361575273553214],[-4.20774762189159,50.36159178477886],[-4.207964123977454,50.36148568199412]]],[[[-4.38600304628092,50.36402306062554],[-4.385763782029985,50.36402188854527],[-4.386307314214525,50.363864787463605],[-4.38600304628092,50.36402306062554]]],[[[-5.153794018039726,50.37955897125492],[-5.153704157070841,50.37949085908986],[-5.154148397015,50.379641476414434],[-5.153794018039726,50.37955897125492]]],[[[-4.833346284268887,50.51660879565708],[-4.83385298587609,50.51651728823797],[-4.8346948865591015,50.517333417184695],[-4.833346284268887,50.51660879565708]]],[[[-5.025561633476437,50.52574429025791],[-5.026995021688783,50.524899124079134],[-5.027063055643155,50.52560896101474],[-5.025561633476437,50.52574429025791]]],[[[-4.850972505892928,50.53018698357669],[-4.847198465763863,50.52760934034947],[-4.853939881276613,50.52961313956069],[-4.850972505892928,50.53018698357669]]],[[[-5.035628080170493,50.546130616228616],[-5.035629621661648,50.54612439368155],[-5.035637858953149,50.54613713987996],[-5.035628080170493,50.546130616228616]]],[[[-4.871076238431387,50.59042862291048],[-4.869317842890761,50.59003070956198],[-4.87059783673147,50.589983867068604],[-4.871076238431387,50.59042862291048]]],[[[-4.4597943092813095,50.930547103776114],[-4.456025882846674,50.92945865399644],[-4.455913452926359,50.92313754674337],[-4.461660485307503,50.9153770923977],[-4.459754254648831,50.9116056129494],[-4.455395015445066,50.90645650737688],[-4.448825978055642,50.90612828205259],[-4.4449062146633835,50.89197537598342],[-4.421946010979971,50.86931667790561],[-4.4340336948426495,50.86692214827418],[-4.441364005266379,50.84584076452626],[-4.44245415457815,50.826646755816974],[-4.438872054913014,50.82559936337721],[-4.447302929132561,50.81159078373902],[-4.45942356089471,50.80296837036376],[-4.470509117866676,50.80185486758521],[-4.472177300616343,50.79638657953749],[-4.490526774935561,50.79222253080608],[-4.475213966125329,50.78915228295534],[-4.468998855993185,50.78353348627731],[-4.449945362482472,50.78581067722203],[-4.432046945099257,50.7699148657283],[-4.4098324978916805,50.76338705859268],[-4.41651293671385,50.77701651848612],[-4.393758521167001,50.780866534570315],[-4.379502439483236,50.76917497801309],[-4.385860030994611,50.76457498624941],[-4.385984481731962,50.75760481472588],[-4.379609419416413,50.75660180834791],[-4.383902531122377,50.74887785882288],[-4.362353861714492,50.72010129974184],[-4.3685947678017465,50.71176393763166],[-4.3669812467760485,50.70195761393424],[-4.386555679156614,50.690702287968],[-4.4175004497340575,50.69418205150226],[-4.441865757273706,50.7237824580461],[-4.496591437700181,50.71826570188098],[-4.5040797894552655,50.7118367625171],[-4.499162772592624,50.70049460420444],[-4.50560699429629,50.69673279147209],[-4.4915797173314,50.67969007702459],[-4.461487175987361,50.67120895867996],[-4.445877789457327,50.67306239927655],[-4.4240671024873786,50.66189150726574],[-4.412452755989656,50.66500446700262],[-4.373273609779695,50.661428566263886],[-4.362447870148319,50.654631871052025],[-4.339625522765639,50.65962290017286],[-4.331832985764066,50.64194546635717],[-4.3223301773406275,50.63581650240609],[-4.303677512409614,50.6355546002921],[-4.298298564446204,50.6317964255738],[-4.3061549946115045,50.61771714192748],[-4.3018844610778855,50.609991831890426],[-4.30574595896907,50.60331127173947],[-4.303760428291074,50.59525311260676],[-4.3109462884581315,50.58844819973699],[-4.307079816970296,50.57911639979697],[-4.291031828189089,50.58363679144892],[-4.283126782490883,50.57490570279035],[-4.2808689576224435,50.57701902043127],[-4.285441723782317,50.58320813619906],[-4.281900380184858,50.58419561149002],[-4.267543672015201,50.579751126526986],[-4.277553621513161,50.57007904291462],[-4.260067140324002,50.55454306296128],[-4.257333013354848,50.54555842886883],[-4.270181669859068,50.53689304755996],[-4.264363847105873,50.53445859042193],[-4.24536579805027,50.54361746304752],[-4.237690638384636,50.540777425040375],[-4.231339922839023,50.53108315529221],[-4.205574827267324,50.53309833190984],[-4.209722246634817,50.52655029970409],[-4.205064477104058,50.519716635386466],[-4.208531881860261,50.51307476733136],[-4.200927312239347,50.51275738022329],[-4.200711580033015,50.501991386120345],[-4.1845095267880605,50.507599395406125],[-4.180392901070121,50.50379063957861],[-4.181592647846335,50.499586244615216],[-4.194362803663686,50.49775125885973],[-4.193948523721863,50.49319396035886],[-4.1992276134781985,50.4919383944354],[-4.220107988944896,50.49754985008336],[-4.222069199312169,50.49044837102534],[-4.229342364638297,50.490538625561115],[-4.217353157666386,50.482180753239845],[-4.218702438325495,50.47450718460372],[-4.238582072737112,50.46458679146746],[-4.248712624955358,50.46589090135039],[-4.238561515734401,50.46440723763975],[-4.236789089453958,50.45730977438538],[-4.229683528705192,50.45456316022986],[-4.21657689844755,50.46390347968536],[-4.208541660322919,50.44564366117784],[-4.198380281759808,50.43609594656241],[-4.202619226278381,50.429683886693404],[-4.219873978937215,50.42536456167632],[-4.224414959074817,50.42803310023017],[-4.2257965503399735,50.435331646256174],[-4.235227432124687,50.43811208322841],[-4.226239582015242,50.433067114137636],[-4.22699443143912,50.427694983417865],[-4.222709976572581,50.42485342787994],[-4.227987628932397,50.42476414657844],[-4.208662358129851,50.42478822060227],[-4.214397070821119,50.41466456678168],[-4.205132768519693,50.40621846999927],[-4.212380971379496,50.398436462046426],[-4.227366135461652,50.39296988025647],[-4.233874853727836,50.400703482448954],[-4.231765677879973,50.393345198396005],[-4.24210973862702,50.38868891706157],[-4.251106501452193,50.39296785976069],[-4.246801857280766,50.39019866173053],[-4.251631957900454,50.38852560529511],[-4.24413119955237,50.38662324889371],[-4.2507493313769045,50.38197949144376],[-4.268271403190701,50.38610172692756],[-4.273375436476443,50.37620768484298],[-4.282559453348927,50.38250184334422],[-4.280017062980726,50.386692382251105],[-4.286550281756724,50.38597217452466],[-4.2807967145250725,50.39071249427141],[-4.289140288342176,50.38979379858376],[-4.276380431189033,50.39730551295125],[-4.279057906571986,50.3980842520338],[-4.277300367550877,50.41311872221382],[-4.271606255587521,50.418157827639085],[-4.274810502215173,50.42767270045104],[-4.271921759495606,50.41804281879499],[-4.277692301518346,50.41342409017328],[-4.2809910972392045,50.398132702211385],[-4.294096684705028,50.38901964438208],[-4.300439932089469,50.393005288707926],[-4.296473693185521,50.39898657825568],[-4.3041863618450265,50.400182431794974],[-4.301086989582768,50.40659736833373],[-4.312333534600977,50.41356172095005],[-4.3197677669441275,50.415167791049186],[-4.32367977464549,50.41208156908994],[-4.312518457683328,50.41345639391641],[-4.301776551344668,50.404067664688014],[-4.305740772931044,50.40083348252431],[-4.300457845397074,50.396223547446084],[-4.301558398387135,50.38907817717513],[-4.322828475072585,50.38866148242407],[-4.294873218816983,50.38691824808998],[-4.306008664161871,50.37477516113883],[-4.292112690106165,50.38475979275474],[-4.2748465374670905,50.37343796200519],[-4.267255610229106,50.3747466732443],[-4.279370062877502,50.37126418825021],[-4.2692234068043575,50.372298371831576],[-4.265980528795249,50.369213179470556],[-4.262590123233539,50.37516770075332],[-4.2498517737588095,50.37490666084677],[-4.235998910355526,50.3808527786273],[-4.23067558071602,50.38939820636883],[-4.20999180331424,50.39191161031236],[-4.200755021143526,50.38752970272725],[-4.207871138043673,50.3857918022771],[-4.197903536166089,50.38270271178803],[-4.201504219005464,50.379737140973724],[-4.192695304313543,50.37516928120189],[-4.195115063618254,50.37084989831846],[-4.20985886389202,50.37265123234505],[-4.205912633656297,50.36981344455779],[-4.218380108929022,50.36626405293212],[-4.222436600597512,50.36958508903918],[-4.238236777994747,50.36118147734218],[-4.196716953074038,50.35915427946151],[-4.197156412936148,50.35222847290543],[-4.203054582805346,50.34822174963558],[-4.2075277222215925,50.35045952100429],[-4.2017354310651855,50.34699544915956],[-4.177446524651633,50.359948935346594],[-4.1705246523660335,50.35805227534344],[-4.1657289758501825,50.35130065665249],[-4.16742859074018,50.344320865755854],[-4.18782199596899,50.339927742061306],[-4.198946351461588,50.33342544644159],[-4.198635513272474,50.32864120606767],[-4.1878217622449005,50.32221019794392],[-4.187301091941961,50.317451429531246],[-4.208455263533434,50.31790685715209],[-4.222084378860016,50.311244687319835],[-4.224399477394493,50.31764650509047],[-4.2186194937502295,50.324605427554886],[-4.233656267153198,50.336221475498945],[-4.2777760722482565,50.355045808793804],[-4.307904342792894,50.36085373091414],[-4.363793012524625,50.359474321811206],[-4.385122774407113,50.364519320085435],[-4.408056510910761,50.36353321965464],[-4.436059084225327,50.360064804900674],[-4.452818019456543,50.35162514758749],[-4.456874637441634,50.366878209588904],[-4.463676651684892,50.374162072716494],[-4.465639714313968,50.38849660514074],[-4.462854178922691,50.38144719492825],[-4.465506893965148,50.37525044221947],[-4.460172495005645,50.36994529324078],[-4.458258387545983,50.360208248667966],[-4.462698479814474,50.35826383348848],[-4.468874294911091,50.36297436863558],[-4.482523018767933,50.36394938538452],[-4.4851143446651704,50.36813644563457],[-4.4843565435952515,50.36566529829115],[-4.456838999988816,50.35731283251493],[-4.450938122185132,50.346259750991756],[-4.472037159799677,50.33860256528752],[-4.47289102777387,50.33273758947262],[-4.492931813042269,50.33660950535169],[-4.50123488176242,50.33120046358711],[-4.5168183111562135,50.33160269968734],[-4.536684696225778,50.32396387579279],[-4.550432230679125,50.323947013149464],[-4.579759801366951,50.33206867414671],[-4.600535618195049,50.32371531551715],[-4.6052912889896005,50.329056412289596],[-4.619430032389333,50.323858555702316],[-4.635215949980949,50.32438864035805],[-4.637975582614836,50.32808819122084],[-4.609389846955678,50.33668069716955],[-4.627251890643002,50.334558377256116],[-4.6292466030780455,50.341567789851126],[-4.6262992068835285,50.3458040995648],[-4.6342211876351325,50.34636248093071],[-4.634998422501492,50.356386242219685],[-4.605541714769152,50.36012875708096],[-4.612945167839332,50.35743018916731],[-4.6348217358883215,50.35944171123527],[-4.632146265575539,50.3791190437526],[-4.61530193602515,50.38422841526412],[-4.633245793054315,50.37931093589927],[-4.6364793802936,50.37247443721972],[-4.659729294210625,50.38822668423531],[-4.661205700168359,50.395744159959],[-4.667266251337073,50.400390245097405],[-4.665696210812554,50.40812595690961],[-4.667745544554975,50.40075439096805],[-4.661377660354475,50.39326181872311],[-4.664414576249896,50.39012640618042],[-4.650000811642708,50.37730728887042],[-4.653346343084804,50.37335367809544],[-4.646141607582898,50.37512730791258],[-4.637528421661193,50.36957820872206],[-4.637955943446544,50.353983780280934],[-4.640507654818791,50.35410395623443],[-4.636254188963337,50.351566465299065],[-4.636631317364275,50.346243954587344],[-4.6310978094016315,50.34446400128108],[-4.635885408873052,50.33484552718541],[-4.6523137588984715,50.32401777496062],[-4.666635830999243,50.3223880837727],[-4.670837097147903,50.31416157027292],[-4.682122832405451,50.319354377976516],[-4.681354732913308,50.33678232929708],[-4.694174233174767,50.347144430479794],[-4.702045973923708,50.347269340147925],[-4.706555918794704,50.33992286834392],[-4.760606661918358,50.328143560088236],[-4.767339438820503,50.31914714625536],[-4.754594664134095,50.29966843253278],[-4.765506494681669,50.30081095364354],[-4.778418003065722,50.29111480791247],[-4.783787133314633,50.28453048956905],[-4.7800872424116445,50.279146523728336],[-4.785928634694578,50.26889206490535],[-4.784038258711306,50.262077578857784],[-4.769852653457994,50.25488512024071],[-4.786429738676038,50.2433504882339],[-4.783375233928207,50.2350273071263],[-4.797825368227694,50.23024551637235],[-4.798251501477738,50.21943339815892],[-4.802773031482081,50.218271018190435],[-4.814461667181497,50.22983625812708],[-4.837532516453242,50.23217421470989],[-4.840350184372099,50.236278885945865],[-4.861187960107385,50.235383151124026],[-4.896189837720146,50.213133147292304],[-4.900098232277102,50.21414567455816],[-4.903772699897855,50.20605670872571],[-4.920910610439102,50.195582713318394],[-4.921745283469142,50.20080459592954],[-4.932003212294714,50.20636674269336],[-4.953326826143543,50.20348796913134],[-4.97340779214491,50.18304803522755],[-4.972391110075958,50.16569833424188],[-4.982724372542443,50.15730103570312],[-4.982838489065393,50.15011131318596],[-4.99321246447908,50.14930545403815],[-5.007098281277496,50.14007107756044],[-5.013911825736079,50.140916650406226],[-5.0166202920851015,50.147575591032876],[-5.007906375496025,50.15340230584791],[-5.002766241382741,50.15018953676553],[-4.997856790738848,50.16103523031462],[-4.98552875225401,50.16182984742106],[-4.995861114361649,50.16342405750688],[-4.99273948319281,50.1674011683394],[-5.000122221180702,50.16677151032495],[-4.987587439591664,50.17870877067385],[-4.994775626555361,50.17503008701815],[-4.9963551653338785,50.187684625341255],[-4.996712057449963,50.172082238550125],[-5.003640442692854,50.17022793621272],[-5.003959095000379,50.15808729629936],[-5.025056099059755,50.155609201393965],[-5.021798800271496,50.17382491192097],[-5.018915052086961,50.18014373207472],[-5.013674269947908,50.18144321483129],[-5.013224621366965,50.18907693649049],[-5.025599063242387,50.183234831223764],[-5.033773521172292,50.20257577739312],[-5.0241708274398444,50.20821361319728],[-5.022951347494059,50.2209415858211],[-5.008690872569239,50.226272827677946],[-5.005235225729831,50.222748348309764],[-4.971061488701027,50.22525991412257],[-4.971784490934015,50.22908298506165],[-4.979478544109372,50.22888039443083],[-4.979497447636197,50.23183711503431],[-4.9640704249852226,50.231563526803235],[-4.959229106098541,50.226791056199176],[-4.9660392121700925,50.233928848880836],[-4.96297195068768,50.23795848768679],[-4.9527897804171275,50.23866770492836],[-4.96276394529787,50.238630446289534],[-4.962785982583562,50.24126949674273],[-4.970015464892037,50.23566252173237],[-4.976967056751148,50.23723614365304],[-4.985219712810842,50.2279052250534],[-4.992778815690193,50.22550732710629],[-5.012053573900917,50.22722475619992],[-5.015231309433703,50.233510151520626],[-5.01107794736996,50.24013785677799],[-5.019827186224506,50.244238951741266],[-5.008336892524436,50.24998112131182],[-5.0042232319781155,50.2660369326639],[-4.991781562852516,50.27863314378616],[-5.008431765413893,50.2641763303898],[-5.013842456886697,50.255377610565354],[-5.010638725738204,50.25123857896641],[-5.026189670854862,50.242624828693586],[-5.039328431148723,50.25125139808787],[-5.04769781314506,50.26311105481209],[-5.039011296529489,50.24981842129133],[-5.052837696593072,50.24679178285972],[-5.034648439243254,50.24559340136898],[-5.028371054258655,50.23837547694511],[-5.016553122021809,50.24126967344437],[-5.022011266557263,50.234346908398045],[-5.016903563652214,50.22594184783993],[-5.02684045421589,50.222966175704755],[-5.037988581773272,50.228960131779345],[-5.042765797512219,50.22702667586443],[-5.030699382150745,50.22406747642695],[-5.040012434303186,50.22060673720778],[-5.027515452992613,50.22080465800707],[-5.029175772390557,50.209876875112045],[-5.0385661659705745,50.21206568326308],[-5.036436352057682,50.209733049020755],[-5.0426373001815135,50.20404700412384],[-5.046437783217877,50.2076529566994],[-5.044806495844747,50.20414946778709],[-5.056802328213428,50.19336254085786],[-5.065182591241701,50.207504099340504],[-5.097200073725973,50.21051027961932],[-5.087757705571579,50.2070578249583],[-5.092860234971053,50.20701015132164],[-5.099107086493033,50.21099109712299],[-5.098065453353146,50.20865542330281],[-5.1160670508949,50.204582908713874],[-5.10050519884205,50.20838065516262],[-5.076909777335737,50.20546373873237],[-5.06249604053425,50.19563261022006],[-5.053789938868672,50.18670185670496],[-5.054499670579218,50.18099668962144],[-5.064161160624539,50.178895916269084],[-5.074332938393082,50.18317392459122],[-5.068205925923682,50.17852365808352],[-5.044951678742093,50.17528635642118],[-5.045893929496527,50.1695634882945],[-5.054492996941077,50.1617026649503],[-5.079660687500584,50.16824542662646],[-5.099113704860828,50.1691490451814],[-5.099047174646628,50.165737668874925],[-5.084303736937599,50.16217334974733],[-5.079800326713824,50.164471995685766],[-5.063360472477244,50.15136593053179],[-5.049471336483658,50.15274840144017],[-5.042695573599284,50.145452595927104],[-5.056746463870475,50.14749645141416],[-5.075367116588973,50.13999702768512],[-5.075028403686122,50.13288993952432],[-5.090550828206516,50.12585400899296],[-5.090238341483037,50.113787365911726],[-5.080902006626137,50.110020350819305],[-5.099996770406953,50.09920649969797],[-5.10912694735407,50.103082766713534],[-5.123017205506144,50.09879438320952],[-5.138757855527339,50.09969452043736],[-5.137730396284748,50.10571525424927],[-5.130481372363202,50.10874067874754],[-5.135559393139131,50.1102121997242],[-5.1418264642758595,50.10563047569966],[-5.140248255589765,50.1009884447741],[-5.143931267599019,50.09767942576168],[-5.16135528234657,50.096074906652554],[-5.158714885911675,50.108913703167566],[-5.162713276703329,50.112160667365096],[-5.162956057080277,50.10283486763601],[-5.167410093499818,50.104044898835554],[-5.164231730455906,50.095048177627454],[-5.159127890517097,50.09432088040386],[-5.161672072678083,50.09313411818458],[-5.182520959828093,50.0889668805747],[-5.208558366781792,50.093902418388446],[-5.205815206870509,50.08964342727081],[-5.184947804942091,50.087562316910365],[-5.193246875774034,50.082329065325744],[-5.191562689758037,50.08022780309706],[-5.1825454927724115,50.087691304304634],[-5.153672224660395,50.09259975090832],[-5.147570864343078,50.08535458870261],[-5.149523016039779,50.09281685841858],[-5.140034723603591,50.09586500191464],[-5.1345846439038,50.091758606466136],[-5.122517777210917,50.09561991953889],[-5.104552329076929,50.09390778508607],[-5.092027829928734,50.08749638073453],[-5.099774749125024,50.08847001121747],[-5.116079620820584,50.08249364186843],[-5.1014990415466634,50.0862412416429],[-5.0817189220690615,50.08278820640731],[-5.075216808582968,50.085010277018036],[-5.079248371439309,50.068380567233135],[-5.066423368953527,50.066074152253506],[-5.060909274957008,50.06107085440495],[-5.064818985640216,50.05551125762454],[-5.057134742992947,50.05237585018076],[-5.0655134142416225,50.047031780418706],[-5.068945359421299,50.03405637654616],[-5.095573424436485,50.02586027001743],[-5.091984884274054,50.01600256482348],[-5.100014748014052,50.00392186179637],[-5.109962331940281,50.00245340870787],[-5.12206867293826,50.00839089782928],[-5.13195939739878,50.007374644959725],[-5.131399754645,50.00477899828147],[-5.1539727450260235,50.007039639155025],[-5.163847381837114,50.004007518832935],[-5.170892000176716,49.99663885934554],[-5.169751716714584,49.991761164547306],[-5.18731311524091,49.97358289191952],[-5.182846589938402,49.96634317917601],[-5.184980293558238,49.96232396092729],[-5.195079191345136,49.96312634172225],[-5.201207742739705,49.958533449560235],[-5.214281049069895,49.95956308828682],[-5.219635586709158,49.97132278009122],[-5.243224346894939,49.974899282779575],[-5.246196722222306,49.979626877176756],[-5.242117750192467,49.98352881267167],[-5.251852780876943,49.98662443219393],[-5.249226293662861,49.99172396186842],[-5.265556150623469,50.00325136108481],[-5.255807950750708,50.01421813771008],[-5.258398847009583,50.01531980895472],[-5.255331980792026,50.02297625921876],[-5.263806163131499,50.02838869188275],[-5.261558047556304,50.0320253165381],[-5.265758644693178,50.0373189555379],[-5.279333294221806,50.04347145357253],[-5.27472124156348,50.047798162383394],[-5.279234662449155,50.05739984510995],[-5.31486891408025,50.08313080864785],[-5.319972671566025,50.08183584620958],[-5.337450281707927,50.09142795366844],[-5.361320399682326,50.08874313606466],[-5.38989159919057,50.10274891057941],[-5.3968112835250865,50.1001859630375],[-5.409498186612058,50.103861645246354],[-5.425885005217281,50.09803961525982],[-5.427005688128436,50.10371372153167],[-5.45234703000168,50.11378295283723],[-5.461902403397087,50.122490710302245],[-5.482155131724198,50.126835811652775],[-5.529711670378782,50.12257932639062],[-5.5320536488059835,50.118788388678226],[-5.527019336237988,50.117191937976145],[-5.548769569977216,50.104170527786316],[-5.532427626195864,50.087597295065606],[-5.537865472371866,50.08274729577181],[-5.5413105131451825,50.07075300515156],[-5.553550232802214,50.059461616459515],[-5.561331242408768,50.061991787061785],[-5.575857515926855,50.05129790657289],[-5.619708571365981,50.04996575694264],[-5.636748368093848,50.04047587145879],[-5.645621235791342,50.04291330564607],[-5.672615228443117,50.03445999623133],[-5.6890536643013965,50.04381624630302],[-5.686934292639354,50.046174081240316],[-5.69066323139392,50.05256078452423],[-5.708011425347376,50.057417603861495],[-5.714822345960057,50.06500436810678],[-5.707554403174921,50.076630812911425],[-5.694678545785347,50.07931659365308],[-5.688085708453436,50.08765349125184],[-5.696476574247163,50.09912415183312],[-5.699482446084748,50.11881754718569],[-5.706826106823659,50.12832875809651],[-5.693643347657695,50.13669815803752],[-5.689225436466103,50.15091873987019],[-5.670569943688292,50.166231148960435],[-5.6581034750832915,50.16332813370823],[-5.649399393414762,50.167440393657046],[-5.628813846404832,50.16731453546223],[-5.618681469480838,50.17337163062118],[-5.6166458809333255,50.178840969081556],[-5.6074311695470165,50.18013380939495],[-5.598616894766648,50.192524294826434],[-5.59002604269409,50.188302858490694],[-5.576531789845889,50.19437825429528],[-5.573883727013782,50.20054227647851],[-5.5645139356393205,50.19903635421587],[-5.552654898949538,50.20427363077512],[-5.553121461653193,50.20891547845939],[-5.538636623061475,50.21441890762541],[-5.523642414316617,50.21346163184874],[-5.495693855501504,50.21905036023108],[-5.483600477691194,50.21439968554548],[-5.474825235386586,50.2183110250537],[-5.4787497809913805,50.21296702852573],[-5.4685750494211955,50.20584685616333],[-5.466952934525924,50.19865505388152],[-5.435173483274014,50.1916149260549],[-5.431176284992694,50.18794076921574],[-5.439741007379662,50.17820747783357],[-5.432859992554348,50.17269788243658],[-5.432421970612577,50.16418754993713],[-5.434257517431139,50.17458288055694],[-5.42804381181673,50.18775983082651],[-5.432797866240926,50.190032399054054],[-5.422051325722696,50.185798921614676],[-5.423636573475764,50.18795742862322],[-5.407326755984144,50.19127616868419],[-5.421286070479982,50.18832456959262],[-5.431997074098063,50.19381341443057],[-5.398659507103974,50.21796819398278],[-5.390426705029388,50.228637788443415],[-5.393071800665223,50.240479251240856],[-5.378690377397528,50.2433704503112],[-5.367297147463795,50.2355857921803],[-5.355953274525514,50.23970305340464],[-5.3412324637048965,50.23761476910304],[-5.324235059513487,50.243609050494534],[-5.299476138971873,50.2623006845761],[-5.289143985605643,50.2609068840086],[-5.276815093608975,50.273401741455345],[-5.263090854197988,50.27438753839061],[-5.241972789937821,50.28643797234944],[-5.233097189389436,50.301555072938505],[-5.233484055661061,50.31751844213211],[-5.221066144243018,50.32145726913094],[-5.200160957375117,50.31984844802457],[-5.18018037626136,50.33365229532254],[-5.17685368596267,50.34037580216632],[-5.155079022923427,50.34622783739106],[-5.145162917571393,50.37512530806377],[-5.152109012424249,50.37895001030575],[-5.147851855583761,50.382835579912374],[-5.153899701122169,50.387999585005296],[-5.144333436571311,50.387977189464046],[-5.145032698512243,50.40476236785596],[-5.135420255718853,50.40117509649192],[-5.134603017693029,50.40768647320497],[-5.125595203006574,50.40384905027239],[-5.106883145092274,50.40811315298733],[-5.085516346705841,50.403081010182824],[-5.077911275632801,50.40528170047955],[-5.06980620645116,50.39941253272534],[-5.077694802721498,50.40543857594607],[-5.123764010208255,50.410542869571856],[-5.101935082275556,50.4123846626286],[-5.097233637259164,50.41757875202057],[-5.098186468368559,50.42395328295885],[-5.086808312180768,50.420222169885214],[-5.083187122135292,50.414445287370825],[-5.075526450075978,50.41546962058185],[-5.064861454018921,50.423591826867245],[-5.055108766608446,50.42507118830134],[-5.063153283626151,50.42568628035759],[-5.055848811499109,50.42722440840426],[-5.042421361028242,50.442043925120004],[-5.038542988840695,50.451518822637524],[-5.041994173905675,50.45787255079735],[-5.037176559254089,50.459506535557026],[-5.0404366543482775,50.46480484442193],[-5.03155591016683,50.4684229866583],[-5.0376911297007645,50.4727795769477],[-5.032501757002004,50.48733409416007],[-5.041842970284448,50.497056240544],[-5.041533189253066,50.50214937467912],[-5.02198662003485,50.50858569169848],[-5.027010243438501,50.51085351612093],[-5.025112705594486,50.51954485105138],[-5.028695812464105,50.52141154946097],[-5.023434433147888,50.5249440366372],[-5.021961435014851,50.53492782938563],[-5.0259381968321994,50.54114983002738],[-5.038713334937839,50.54476527656056],[-5.033183789631426,50.54951309025961],[-5.02522267724548,50.55056693535295],[-5.015019867335432,50.54365269043338],[-5.002622445574414,50.545962369847125],[-5.000270640253799,50.54016463348625],[-4.982789383291201,50.54166398734128],[-4.976448140916038,50.54521079567434],[-4.978696440253004,50.5465638807603],[-4.971250755401409,50.55649634375775],[-4.946052226083098,50.56834372132376],[-4.947241942130181,50.55482187316067],[-4.938985709471548,50.55346984882363],[-4.933696399308516,50.54763432007602],[-4.937080424919624,50.5412470765124],[-4.930868102815531,50.528285397021406],[-4.939673243322502,50.52081404398406],[-4.935800018656651,50.511614197756174],[-4.936710758179694,50.524077145245606],[-4.9288307654053,50.52399061191703],[-4.928467903236557,50.528794751290285],[-4.9239148303786315,50.53052859308173],[-4.9084729785562455,50.52945735119784],[-4.909970176837263,50.527435354590466],[-4.8999127055420555,50.52586384657671],[-4.8951390173134275,50.51995167831458],[-4.896360526508175,50.524850298141864],[-4.888389820445802,50.528845753349785],[-4.854554487828743,50.52836199214585],[-4.8352195529931965,50.51714160912628],[-4.837782059961739,50.513405111068266],[-4.833397332244262,50.51613752290339],[-4.822242566760509,50.51208016405967],[-4.8020227686622565,50.49245815826648],[-4.803754358907711,50.49693067947848],[-4.815610655312397,50.5024405013508],[-4.815698262308779,50.5074681067602],[-4.80405117471915,50.510246742962686],[-4.808307593366738,50.50751541217656],[-4.828040308294076,50.51253851026112],[-4.846413691272528,50.525646810786114],[-4.849291522531866,50.53292609244483],[-4.849018165360845,50.53040488289141],[-4.865858661711716,50.53601060565995],[-4.868737670062875,50.53321022330891],[-4.887923492468556,50.535119576128345],[-4.89926053357703,50.53049467957224],[-4.913260311634439,50.53662362593419],[-4.914991591906765,50.542812845133],[-4.924566493339572,50.54407044428796],[-4.928045863602625,50.552144318909654],[-4.925615615870239,50.559733482788204],[-4.929543689539324,50.562928174830816],[-4.923728513141504,50.57122318430614],[-4.914505227936431,50.57538316769493],[-4.9308520365976,50.588344591900444],[-4.918829048679389,50.593986804960075],[-4.908490737266527,50.58511815468136],[-4.883475077537691,50.5820341780491],[-4.872799984146947,50.58971004886629],[-4.8678488419963015,50.588813787563595],[-4.869956724225551,50.59407854049547],[-4.860100868020215,50.59247781762008],[-4.848992725516241,50.59803913640474],[-4.840706495126348,50.592918567365466],[-4.835981072895306,50.595437645939576],[-4.832526086434403,50.59199341624377],[-4.829157967546023,50.59512048439904],[-4.821820958350857,50.592727517606114],[-4.823860995776767,50.59420286981049],[-4.796626732093338,50.597204721280356],[-4.787571019690751,50.60174448763366],[-4.769723434186939,50.623123784829204],[-4.771628537473121,50.62794760055033],[-4.766157143624784,50.64096119411344],[-4.760169535171958,50.645306005354115],[-4.759405467054546,50.65295619928442],[-4.764929364689237,50.65518702691749],[-4.7578443379461435,50.665201326922336],[-4.761543254678627,50.66919160532121],[-4.74538895139181,50.6705333679553],[-4.742056849857023,50.67564042586699],[-4.737240050904392,50.67088349178625],[-4.7322912667390655,50.67181110197556],[-4.720719768853109,50.6842133139355],[-4.702953047060812,50.68573224706088],[-4.696644511755343,50.693493615974724],[-4.6791005504847165,50.696322211597305],[-4.682024204262368,50.69873371840699],[-4.679735851914703,50.703953833711225],[-4.667241085454567,50.70614502786089],[-4.664805586822613,50.71110839274968],[-4.653651015892331,50.716169742766546],[-4.654085370557267,50.72255123680892],[-4.648401658737864,50.72785843197306],[-4.6523457538796995,50.73801291160131],[-4.639347538539755,50.73788074360683],[-4.634653348409777,50.74029432154697],[-4.637052657355396,50.74348386317589],[-4.632142754190099,50.74901378483368],[-4.619008855040861,50.750745362821924],[-4.611309382591076,50.760577513909496],[-4.5746404014791,50.77171106020922],[-4.560545287006441,50.782279014156714],[-4.555859394141366,50.79755976161657],[-4.556161257650955,50.82864292250937],[-4.546369608875473,50.82932130012104],[-4.555012266071158,50.83626196752388],[-4.5580226282547,50.87549380493966],[-4.565383289671928,50.88473764677594],[-4.560248993588322,50.89097172251333],[-4.5667963449862405,50.90277898226303],[-4.562430661446977,50.91490249670856],[-4.5507327838782015,50.92398310572333],[-4.553117410786532,50.925192088905305],[-4.4597943092813095,50.930547103776114]]]]}},{"type":"Feature","properties":{"name":"Dorsetshire","code":"H10200154"},"geometry":{"type":"MultiPolygon","coordinates":[[[[-1.9778335637897047,50.66600640205127],[-1.9765348111779322,50.665349600912656],[-1.9792221478638408,50.66520981676526],[-1.9778335637897047,50.66600640205127]]],[[[-1.992275931062153,50.676735140462],[-1.990526607632933,50.6759237727636],[-1.9935612921246397,50.67571622363727],[-1.992275931062153,50.676735140462]]],[[[-2.0057232248687695,50.68159818853085],[-2.003544471634515,50.679443367812425],[-2.0048905572917315,50.6786977353777],[-2.0057232248687695,50.68159818853085]]],[[[-1.9925000984403902,50.68230679667531],[-1.9937956662798284,50.68014746887777],[-1.9862752625278353,50.67886971041907],[-1.993444974822329,50.677536557453344],[-1.9925000984403902,50.68230679667531]]],[[[-2.0081412842911335,50.68303255062946],[-2.007706601087358,50.68243179655885],[-2.0099065285899473,50.682734720306165],[-2.0081412842911335,50.68303255062946]]],[[[-1.9848226662096755,50.684103004353986],[-1.9797504848241392,50.68377126306144],[-1.988505320593194,50.682006079366865],[-1.9848226662096755,50.684103004353986]]],[[[-1.9984144846238516,50.68326306455451],[-2.000768634177729,50.67973391798946],[-2.0005322886682344,50.68401495290336],[-1.9984144846238516,50.68326306455451]]],[[[-2.0032333801048874,50.68415431262755],[-2.0041265360912646,50.682683803744354],[-2.005291738479166,50.683982456455645],[-2.0077902388907605,50.683136002929416],[-2.0032333801048874,50.68415431262755]]],[[[-2.0712110749576604,50.689939878373],[-2.0699342557929503,50.68916807857432],[-2.0707903179042093,50.68883120430122],[-2.0712110749576604,50.689939878373]]],[[[-2.0720437895368855,50.69191979167848],[-2.0709521270802704,50.69003986696723],[-2.072996855652403,50.691114257758805],[-2.0720437895368855,50.69191979167848]]],[[[-2.017321278643988,50.6935029807615],[-2.012808508610746,50.68776285039076],[-2.015262310971383,50.68421811344577],[-2.0187757403717286,50.687120786959085],[-2.017321278643988,50.6935029807615]]],[[[-1.9728091611266532,50.6966614995465],[-1.956293632102491,50.69384683085162],[-1.9550680212105942,50.68877838453241],[-1.9596989052514615,50.68572219900085],[-1.9810617034453857,50.68648580117012],[-1.98641310715259,50.69165525986154],[-1.9728091611266532,50.6966614995465]]],[[[-1.998443966145069,50.733515514957084],[-2.0010387015120807,50.73028049015561],[-2.0008516999394335,50.73302266809234],[-1.998443966145069,50.733515514957084]]],[[[-2.3154338262680287,51.079240331046364],[-2.2855760387759005,51.07644185872447],[-2.267469469830539,51.06977534978689],[-2.2434580271911093,51.072005998735484],[-2.202614675941142,51.0425971155245],[-2.189926816198176,51.03760301267605],[-2.1887060498558015,51.02106754280373],[-2.176292793699107,51.012638253172625],[-2.173710167982247,51.00095458779434],[-2.136430931199321,50.980449112081416],[-2.117869987259706,50.97715366258787],[-2.122101266567327,50.97066506099967],[-2.11942909800111,50.96209668645531],[-2.1009197484573834,50.94519996969599],[-2.066847523262418,50.95034124052272],[-2.0586465578526636,50.96181237231299],[-2.033731438958078,50.97187676546267],[-1.9969311669422058,50.974205876108066],[-1.9857891181191363,50.98314348911458],[-1.9638892167389208,50.99217148455737],[-1.9551414014559934,50.988938175262085],[-1.9547183868417506,50.977030526439],[-1.9200462636666633,50.96087412049943],[-1.9112814337247073,50.94625415942528],[-1.871916310956977,50.91695798930534],[-1.841057446930269,50.93030147161444],[-1.809202781841451,50.92698628753399],[-1.818946417503471,50.91222710313437],[-1.8156510476560825,50.90409533062537],[-1.8219663134848547,50.89636747157917],[-1.8400165136642177,50.896795495723254],[-1.8465315898793164,50.88974494694576],[-1.842995422828636,50.88713305551522],[-1.8518569856264235,50.86383158280515],[-1.851554567873154,50.84844317048913],[-1.8618346122463834,50.83687332840536],[-1.857353346871511,50.83332441219674],[-1.8573222819445139,50.82211398731088],[-1.8651965726582866,50.81025409179836],[-1.8622482747980795,50.80475086321052],[-1.8641202281065432,50.773312671041225],[-1.9045467837616563,50.72631912023452],[-1.9071783286683068,50.71577092067504],[-1.8989414544684042,50.70903550264006],[-1.9466344751533982,50.682416013543],[-1.9496484946740344,50.68597011648023],[-1.9322193776671661,50.69199339899104],[-1.9327906217675896,50.698484518098965],[-1.9464640565695124,50.70629726337492],[-1.9490684232722224,50.70393038031971],[-1.9470181777283244,50.705999823996784],[-1.9512449469252349,50.706921726814],[-1.9478178962664612,50.71029468987732],[-1.954551766386188,50.70875958210867],[-1.9590492485373578,50.711561894419845],[-1.957004915070026,50.71502733815458],[-1.971528159628508,50.709840613338834],[-1.9910504597646201,50.71235479371405],[-1.9854552705141189,50.72136683081657],[-1.9908954443272753,50.72284324964482],[-1.9907965691854845,50.72852905924835],[-2.0017004246807844,50.729130188905344],[-1.9903483508878932,50.73069740270396],[-1.9946158701209113,50.73670905886079],[-2.0105911796800293,50.73076207574149],[-2.004259562107429,50.72911123674542],[-2.0091068629797824,50.72743723203779],[-2.0017398290506985,50.721780536118786],[-2.0025897331614444,50.71860124426867],[-1.9925710280945466,50.71721690403106],[-1.9921369974370684,50.7119312677795],[-1.985757481680295,50.71058070524285],[-1.9903277653921172,50.70679211692615],[-2.0362166952285587,50.716890440447905],[-2.0352872893473575,50.72432672363124],[-2.025941095693448,50.728279030431366],[-2.033511257206295,50.72733653973522],[-2.040472069507229,50.73140667665711],[-2.050350883706101,50.72769293033707],[-2.0457176704892706,50.722194290741804],[-2.0416716959876937,50.72588412464386],[-2.044850490423109,50.717645609111486],[-2.041481332806528,50.71408894236806],[-2.060821526490978,50.71612562906225],[-2.070450425250435,50.707669706550575],[-2.0580916162502727,50.7057563579462],[-2.070813878119975,50.70448030899857],[-2.074775490070449,50.69575300695603],[-2.081868722921791,50.692737124763184],[-2.0886406148211436,50.6962424422741],[-2.098544000870374,50.69473523364664],[-2.078750953031295,50.69363955617429],[-2.076926289057008,50.68874908001001],[-2.0890663944320753,50.6885299737568],[-2.0871622107811367,50.68627218016095],[-2.0966206359942805,50.68003653953387],[-2.110478922579079,50.68310009878376],[-2.116187057490403,50.67749322661001],[-2.1093095844856964,50.683095804898926],[-2.0965158424494845,50.67932521882933],[-2.0920772356284862,50.684627039453844],[-2.088019862151555,50.68233856169366],[-2.083293668164645,50.689835638247196],[-2.0807504319631303,50.68630737677351],[-2.063017437001309,50.686640288449794],[-2.05400588303692,50.69865326956552],[-2.033025320525028,50.70729598643764],[-2.025079294632449,50.706859072471396],[-2.0167574808445714,50.70074662503336],[-2.031848679366385,50.70154931810725],[-2.025122836742749,50.698225076271186],[-2.023222999279037,50.687876361007945],[-2.0365660462880077,50.67974527345888],[-2.0506949654394995,50.67756708932898],[-2.045506836937153,50.67857563359062],[-2.0462502516310757,50.674538034565224],[-2.023366918635746,50.68403959342606],[-2.0303618804408763,50.67334168689306],[-2.0426375527788823,50.670686475465786],[-2.027537112530879,50.67377139181833],[-2.0260138887997585,50.66810026080359],[-2.0187182475908023,50.681394457375376],[-2.0109270332667593,50.68204839567466],[-2.004808372747201,50.67786131785006],[-2.01107236899135,50.67396928371079],[-1.9973630534616245,50.67607972024297],[-2.000350990548113,50.6714848270495],[-1.9956738817294442,50.6670634013401],[-1.9789680387410118,50.67651855669685],[-1.983035310159262,50.670621988427804],[-1.9815482917561058,50.665908117599365],[-1.9749388173851294,50.66490047834872],[-1.9754252470593991,50.66016804535335],[-1.9671760000622664,50.660342292577155],[-1.966749123574436,50.66972000098963],[-1.9475847235134365,50.67803220600882],[-1.941996439390188,50.673408555823364],[-1.9516603848719491,50.658690349664845],[-1.9484095992322612,50.6460650133424],[-1.9391507440518012,50.64012551899364],[-1.923720844195988,50.641515881054175],[-1.9317433034630613,50.63103006180026],[-1.9461130627064414,50.626947569310104],[-1.9556335856052958,50.61598626666897],[-1.9545697211267425,50.60803526976242],[-1.9440285941176592,50.6069595109885],[-1.9502283174873183,50.602201859418635],[-1.9499715579480403,50.595118155847224],[-1.9568115971981237,50.591420080159935],[-2.024095163442057,50.5883566963764],[-2.0391577850505898,50.57940806810779],[-2.05553646867931,50.57642922274118],[-2.0630959272899596,50.59309537779693],[-2.1138831596993706,50.598766930043155],[-2.132139976208934,50.6119603406289],[-2.1441109507963096,50.60845056323208],[-2.155722475716241,50.61459554172542],[-2.185203665674374,50.61469169232772],[-2.1845749561327032,50.61855387514884],[-2.1966794875353632,50.62239244302649],[-2.243415730842601,50.61578901358317],[-2.2458532093891583,50.61884991082022],[-2.3217888468871934,50.62458763920761],[-2.336399437740692,50.6312861636807],[-2.3649950424078177,50.63084011346139],[-2.4039645175364672,50.63639330030046],[-2.426659989132927,50.634153247477585],[-2.4442074508821707,50.62451964106771],[-2.4532447534384194,50.612470505575544],[-2.443128583241237,50.60821573143391],[-2.462774643779894,50.593388570443146],[-2.4699691252606266,50.582860205654065],[-2.495017623258729,50.59441264570573],[-2.5003997997055794,50.60628506286672],[-2.5052364548056048,50.605380982062805],[-2.506238001144435,50.61007686395349],[-2.513412454745558,50.611224584517764],[-2.516926429162341,50.617290751088206],[-2.536139258960102,50.61887679920212],[-2.55059910546872,50.626776196419705],[-2.544402808566603,50.629317316195255],[-2.5558103718007303,50.629965886292325],[-2.5590439425815146,50.63708889636411],[-2.5796857085,50.64104429849134],[-2.5977380416220166,50.64911328219399],[-2.5975664761491957,50.65365518749257],[-2.610193089283082,50.653533997942205],[-2.466903018612292,50.57907617620401],[-2.459321600776308,50.57075539992949],[-2.428360878451968,50.56733289487524],[-2.4145303473444226,50.55051693478698],[-2.41655187307077,50.54329180294438],[-2.435526648314202,50.529890730964745],[-2.442555485633011,50.51937265506506],[-2.4540705596028927,50.51370162261837],[-2.4566669920063084,50.51999135494396],[-2.4506541047622394,50.536704945024134],[-2.454010490181065,50.54178373078034],[-2.4465069466719367,50.559049016052036],[-2.530026267966492,50.61158916453782],[-2.633583366778024,50.66236981677406],[-2.76180449346552,50.710947359367914],[-2.7918337818227594,50.7174773979009],[-2.8103137780705416,50.71743047074591],[-2.9096162700142,50.73325582025031],[-2.9452484063738877,50.7182538289984],[-2.9543675506216283,50.727708952053256],[-2.9421881994534407,50.74289075052687],[-2.9432555229560387,50.75081643611691],[-2.9386477441554257,50.753153946353656],[-2.95939707251194,50.760286311855964],[-2.945333194554439,50.77616419637215],[-2.9214752014360594,50.781980213457736],[-2.9167218727969626,50.7746819891748],[-2.9042284294237,50.78182246599684],[-2.8993440588700317,50.779684211535425],[-2.885722807351411,50.79321199897376],[-2.888136091968401,50.800049741723605],[-2.870015739884784,50.80215901894796],[-2.877917077600067,50.809450491080355],[-2.9106028267000026,50.804175788247804],[-2.959284378123624,50.815067412337065],[-2.9435179895550547,50.82320376655718],[-2.9342369941224344,50.83755775929488],[-2.8850277632187633,50.85084511753849],[-2.876642812603429,50.84641976374289],[-2.868221789116382,50.84788131267112],[-2.8664588732656036,50.83935058727473],[-2.8723244434091177,50.83600730976828],[-2.8699640242046,50.833186141728824],[-2.8387695408768265,50.8345110036893],[-2.835233158869754,50.83873875632382],[-2.8388836302207614,50.84985999550558],[-2.8239377639242287,50.850487404835185],[-2.80850080383064,50.86379408426673],[-2.8046263532491706,50.86342689491593],[-2.803108135066682,50.85627536710529],[-2.7915047040059813,50.8517621014756],[-2.7809844992926194,50.85984837268699],[-2.767624132976981,50.86021138630017],[-2.7627368706278754,50.870154214359076],[-2.7555355806053408,50.87437901445474],[-2.7576361740119344,50.86374623088103],[-2.715565525266475,50.86362086973985],[-2.711605030811858,50.86913280998867],[-2.6930695949613135,50.87616183004438],[-2.6774247142286507,50.876958897733275],[-2.657821952193765,50.8864223697641],[-2.6518599892889756,50.88348231381334],[-2.642093042719032,50.88702292873749],[-2.62686251186688,50.88605219666412],[-2.6238027185152073,50.87994333693354],[-2.61673343154553,50.88096014518516],[-2.6107941655030853,50.890513019776456],[-2.6176381643121793,50.895222864202964],[-2.622949449474449,50.907668259079585],[-2.6162415392756206,50.91149364216512],[-2.613587259474371,50.92708929293981],[-2.60763918232356,50.93089660754161],[-2.620365228277118,50.940081530181345],[-2.6088659489088264,50.940481552699225],[-2.5993235778305377,50.94709698539154],[-2.592826397771841,50.9635002519081],[-2.601239424647136,50.976036874523444],[-2.5931060540984854,50.980567779703435],[-2.5857192259776047,50.97618921690108],[-2.573503077345186,50.98245612096637],[-2.573981253062777,50.985922271985096],[-2.560770333359418,50.977385375628586],[-2.555137415818459,50.978575800939616],[-2.544416187226498,50.98477000671279],[-2.551944139957443,50.99453999482612],[-2.5436469810506286,50.99888910956258],[-2.5343802064097076,50.99632308285802],[-2.5245320128956807,50.974164960801694],[-2.5203756316079633,50.97396349264424],[-2.522620498618333,50.983599440129865],[-2.5164404324698837,50.993858497839874],[-2.500267554828699,50.99315298073343],[-2.485930379373686,50.97394014041233],[-2.4885122053598963,50.971901363419555],[-2.4730277827425633,50.96149109441681],[-2.4734581587566313,50.95768500036898],[-2.458956327958527,50.95442951782921],[-2.4574059817281526,50.9492962867368],[-2.442573390161175,50.95766411281451],[-2.44522642209816,50.96693000936648],[-2.4254822018366733,50.969356348843256],[-2.4137492223688843,50.96017599728968],[-2.3975755701569224,50.96741520687086],[-2.3433039037604644,50.97815078200684],[-2.3429006349251997,50.983660176388256],[-2.3511462019503533,50.98929494825396],[-2.3749069207672324,50.99011869317931],[-2.3801057639870566,50.997692544081715],[-2.3799092581870953,51.00526140887888],[-2.3753957630288536,51.00936949695502],[-2.379320203529182,51.01403277671468],[-2.370879195251473,51.01140481253294],[-2.3587626150256438,51.02557910307526],[-2.329696270950136,51.04266675036546],[-2.3326773117007393,51.05162343504291],[-2.346837252593992,51.05864659493164],[-2.3483712069595017,51.0697404310731],[-2.3410314906382634,51.07535816112712],[-2.3154338262680287,51.079240331046364]]]]}},{"type":"Feature","properties":{"name":"Isle of Ely","code":"H10200156"},"geometry":{"type":"MultiPolygon","coordinates":[[[[0.32076430238081616,52.50685704234769],[0.33233327483995895,52.508762487446646],[0.346960925652758,52.501181579555485],[0.36944486144482785,52.50048147921726],[0.381498841471696,52.48161937947871],[0.40422899789214767,52.46562166603419],[0.4282965409799163,52.455347540617055],[0.42355184866777484,52.45050880896093],[0.4275047251982427,52.43931612679191],[0.42491729081425944,52.428696065124136],[0.37605608027160864,52.4097173540842],[0.3636472101038732,52.41301710356646],[0.35282600807531067,52.40692779120797],[0.33878592738361624,52.40724416221662],[0.3284111877550789,52.39809292687974],[0.3365818690156504,52.38735047553201],[0.33377701504420026,52.37978935947289],[0.302009424155551,52.3638792497181],[0.29396535802147516,52.36229839995446],[0.27434010727786234,52.374472741399686],[0.269029720235115,52.370434438572175],[0.26050862641958444,52.370749835602055],[0.26121793982620134,52.361788547751736],[0.2555289228069389,52.355669408693046],[0.2611269023589781,52.354271325850235],[0.2536916153112674,52.3421315589571],[0.25884522958855527,52.33505538634851],[0.2505577707681852,52.32755242972967],[0.25156162346175215,52.324215721958375],[0.24251260216137893,52.32452955599194],[0.24063168329347903,52.3208005736659],[0.23005954451996435,52.31853888472556],[0.20450278496916088,52.315861140492316],[0.1977544043630951,52.32348310064879],[0.16644790611137683,52.31808808980419],[0.15959725732484306,52.32403336541566],[0.14721149589571392,52.32425163759484],[0.1385536568912919,52.32004104014344],[0.12270152351592714,52.32780035983104],[0.0790197085491271,52.33567157124434],[0.047503008667336484,52.35217795335046],[0.11701303190420372,52.41027985599173],[0.1439460915946338,52.42222857526031],[0.2581904753137464,52.50629803011551],[0.30918608469617054,52.51266061945917],[0.32080105219109467,52.51159191150438],[0.32076430238081616,52.50685704234769]]],[[[0.18128008506937926,52.72601475860678],[0.16918848583012863,52.720852753287964],[0.1722759450172472,52.734820905199285],[0.18570654253802146,52.73466790284696],[0.18128008506937926,52.72601475860678]]],[[[0.14311455497736947,52.7387150570244],[0.15582117475443275,52.73615005136755],[0.16658078360490564,52.740728547993555],[0.17203214349714582,52.73690794216786],[0.1677641310452571,52.72240599495584],[0.16543625471950696,52.72494740207282],[0.14563435065503874,52.721527618381415],[0.14506785873552333,52.71464413433986],[0.15081979448283875,52.711486438922385],[0.14515945031816374,52.70843889440288],[0.14846058197275327,52.706752892073375],[0.14624766335824504,52.700389596598455],[0.1425541184298443,52.70061098496311],[0.14676598152986137,52.68029971063304],[0.15342709487383885,52.67838570057751],[0.16087077849347897,52.66658394166177],[0.13049082689352826,52.6410724396504],[0.09480486127963715,52.62648849462346],[0.06340429942101408,52.606425732757636],[-0.12206176314448318,52.57655085574237],[0.06414341412829185,52.60653244865449],[0.09329678679752183,52.625327269263074],[0.13330063836056594,52.6427654919444],[0.15982565937458687,52.66452755104065],[0.1545571236131522,52.67582482766769],[0.16248662308484355,52.67947429699327],[0.17098295440246275,52.670112659331984],[0.1681347573358602,52.66815838276156],[0.17477862014216825,52.66448178809522],[0.16298931802351704,52.66198837390262],[0.1738920264817905,52.6424851076003],[0.18648589417055192,52.64491843849541],[0.18195636176069022,52.64105736016544],[0.1986804356283124,52.63341553558428],[0.20557047412900356,52.6349878515371],[0.20193424263175913,52.63939861653726],[0.2090853051509524,52.63886949998774],[0.21437715797830265,52.6318256301795],[0.2095509713296526,52.63007258303282],[0.21431360686469747,52.62500709680857],[0.2324399271301598,52.617057921101626],[0.23653237010740338,52.610081121978546],[0.21554459131817477,52.60024748623193],[0.20925911782001064,52.59107167276909],[0.21143188986362646,52.582044129995644],[0.2217518508857563,52.574960566884876],[0.2193152642159843,52.56924116157275],[0.20798137157576752,52.565970748743105],[0.22137385773684426,52.55987520864573],[0.22075414673632882,52.55653511144545],[0.2104184403396313,52.55574195141338],[0.2070390551165269,52.55120950838456],[0.21318678953865436,52.54636483997633],[0.2173591106566589,52.54782026013288],[0.21012346976470114,52.543306703764266],[0.21604036671502294,52.53712824229218],[0.20882409828287057,52.53290707564191],[0.21095439450936251,52.52920895772699],[0.2230646011380621,52.527890261078774],[0.22923018306803813,52.531972995722676],[0.2250988221371306,52.52312186261202],[0.20867533814660127,52.51903613074536],[0.2414251812751681,52.50730625782137],[0.2466895371750302,52.502144587999126],[0.14349331361414855,52.42220350519038],[0.11193479655481522,52.40673047625277],[0.05317859201322381,52.35790512407081],[0.044937684206235555,52.380166159317156],[0.030059646038954675,52.39041067167349],[0.030415375192041252,52.40480250985214],[0.022885687692107217,52.413100796632506],[0.03368863114150491,52.424594762905365],[0.03402972506255766,52.43068470990874],[0.02451996536670482,52.434588000744384],[0.027070584756244173,52.439830486429535],[0.024461721505815315,52.443426666919436],[0.009900721315569004,52.45412520242246],[-0.0031796935683744507,52.45542226717429],[-0.012498808541963193,52.46595232210513],[-0.03015040306083761,52.47277418385669],[-0.0384198591728048,52.48251885670237],[-0.03706264983838285,52.502391070232456],[-0.05127010232212873,52.50256836073364],[-0.04639999292084487,52.51060416282297],[-0.06843183573875487,52.51758058804617],[-0.06942735832241963,52.50554914943075],[-0.08851321046895406,52.49608054468678],[-0.09662919451920514,52.501160809394776],[-0.11254035241890459,52.48894968544421],[-0.17053339188821462,52.53116880294119],[-0.1846623940588562,52.53536708442387],[-0.18788997200018223,52.54993595041822],[-0.1944958527581707,52.54979917878918],[-0.235713916698297,52.56869756331904],[-0.2072039644278474,52.56956463662226],[-0.1709005098833742,52.58528825624668],[-0.17044702544149903,52.592597397227216],[-0.15981880021315148,52.60328159128033],[-0.15531302217776038,52.61602540968248],[-0.1579710971457568,52.623948001566646],[-0.14436064468484988,52.63897925445831],[-0.14303209927791122,52.6467663033562],[-0.1090137893470348,52.66773597268925],[-0.09970401310326449,52.67152075630556],[-0.08582496541322776,52.66591786585441],[-0.055233991149887786,52.674106332004826],[-0.03101767087856462,52.66603640083284],[-0.02159896191860083,52.631606719006975],[-0.006710451024289923,52.63523188570915],[-0.011628947646048129,52.65807376118084],[0.002642414206774127,52.657971349600565],[0.0006038007366680921,52.663825980098935],[0.00789011289673383,52.66679771563415],[0.02359932030264116,52.665600878455464],[0.032363465603416845,52.67111230369768],[0.04986934395847373,52.67195639611891],[0.04464866503719262,52.69389458841533],[0.04404780729766174,52.71148102377352],[0.047270594948581705,52.717441167747076],[0.06395005945986353,52.72668644887962],[0.08542783760108683,52.72238433390084],[0.09444291052411033,52.728282222232735],[0.12867086586922105,52.73120622969904],[0.1344604768415128,52.743682325130585],[0.14311455497736947,52.7387150570244]]]]}},{"type":"Feature","properties":{"name":"Herefordshire","code":"H10200159"},"geometry":{"type":"Polygon","coordinates":[[[-2.8279314684833903,52.390634605441555],[-2.806095809949194,52.38802545300635],[-2.805586187923674,52.37524233773045],[-2.7928000803389588,52.374065222917956],[-2.7938025503853825,52.35725553399151],[-2.741466122445457,52.358666879190636],[-2.7315091702263508,52.354864324138426],[-2.7397416973793396,52.34889758345614],[-2.7377683229258367,52.340715943642465],[-2.7465939666660195,52.33490150405004],[-2.7641859225364724,52.3353542312926],[-2.7635436800377358,52.33254897561019],[-2.7442344838769888,52.32542141589368],[-2.7365441252368248,52.31855522480894],[-2.7223717394578673,52.31942639718794],[-2.7146993791000313,52.3087072235536],[-2.679418643227356,52.310616486216006],[-2.6783996413880247,52.31380165299565],[-2.688626195953331,52.315541608087415],[-2.667070875278993,52.34124102977615],[-2.6561922097087556,52.33719317003624],[-2.6523882747711247,52.33115545107964],[-2.6405765453362355,52.33126925476573],[-2.634895480950925,52.32273057278778],[-2.62559302058231,52.31995830913625],[-2.627682282296064,52.31187014561096],[-2.618058250477685,52.306021971749736],[-2.641201184926834,52.3080770616952],[-2.661275112839455,52.30359964742764],[-2.6600509265577315,52.30058565510823],[-2.6459670053595556,52.293634188955075],[-2.6412957169449323,52.28663592764602],[-2.6270758169864754,52.28783172142745],[-2.6187629413522324,52.28169788847945],[-2.6122385829533226,52.28624812191672],[-2.6036465068631296,52.285657331907586],[-2.5963800406593536,52.28031512692504],[-2.63057139645686,52.25610022596293],[-2.6314017747818395,52.24280059706311],[-2.626189874877077,52.2401576003187],[-2.6147011894768415,52.24504416962651],[-2.6110833019871635,52.241662199426756],[-2.5758661581606273,52.24735776587482],[-2.5694298363481516,52.25215502654895],[-2.546924040391737,52.249156706893274],[-2.529872244707179,52.2530235232921],[-2.524022521604907,52.24797901525491],[-2.5153665221950754,52.255351329421075],[-2.4948104357185983,52.25655167709379],[-2.4926054713023924,52.26367395764798],[-2.502068953804665,52.272876993443866],[-2.5011746988315244,52.277492821509895],[-2.476345500635144,52.28532845969713],[-2.4503925828832114,52.28439234479732],[-2.4277620026234783,52.27033332395811],[-2.4695935387678714,52.25382489407567],[-2.4730342198583397,52.241081249168715],[-2.4630064350176326,52.234114978748515],[-2.4225658188161745,52.23708843804114],[-2.410748872130366,52.231750877433115],[-2.3880344983514927,52.23042970182197],[-2.3852683281849565,52.22287513151487],[-2.3953363778041,52.22511189941612],[-2.4041716033321276,52.22142793426644],[-2.39222310299784,52.20972693892273],[-2.4020208985631886,52.207550486033654],[-2.4022366868057023,52.2022224387254],[-2.4063647350843023,52.20401347731051],[-2.41623802653953,52.18706970696851],[-2.413093244150548,52.18445650152584],[-2.42173817137475,52.17891046189561],[-2.4199871634927725,52.1737714447676],[-2.432596938099511,52.169914734319924],[-2.4152392440169175,52.145551819572596],[-2.3900499511219744,52.146806851551304],[-2.376632840370371,52.155335818114246],[-2.3577733011064077,52.15144779804968],[-2.344119901479787,52.13208968329149],[-2.354798071483972,52.12367029640004],[-2.3506049238932842,52.103699691251244],[-2.3437741423120793,52.10139842168053],[-2.338472822303133,52.09141998215467],[-2.3414699625308932,52.063334597251156],[-2.351024109669852,52.05722702438987],[-2.3480387297140037,52.05069778959144],[-2.3505549186104,52.021735429111665],[-2.3903210069855234,52.01376494705586],[-2.3934559942289204,52.003130732380846],[-2.4012543652669933,51.99496657171839],[-2.4214810674274565,51.99374540415905],[-2.436224862858679,51.99747404537439],[-2.431988675142963,52.00798730036252],[-2.433658160408253,52.014889245792254],[-2.4608678393635053,52.01416607589765],[-2.462584866126462,52.023235848883836],[-2.475235550029854,52.023191121013205],[-2.4792668353883465,52.01524277128345],[-2.4921334157825648,52.00714740132695],[-2.469683719584275,51.99558270942828],[-2.4945297219507934,51.981318872333176],[-2.4920416370488643,51.964264987664684],[-2.500079949692228,51.96168600289214],[-2.4818436731946787,51.954611241808585],[-2.4683827755592693,51.95557387581705],[-2.463218894978874,51.94841751525147],[-2.465887870340065,51.93109785179802],[-2.441902409684407,51.91262762563292],[-2.4343264809475067,51.89762142851461],[-2.4443685472160674,51.89272223831376],[-2.4634593060062153,51.89169517597087],[-2.474357440685102,51.88394997669832],[-2.4804876422614357,51.886774443351676],[-2.4902371429599794,51.87937034845899],[-2.5040733527043653,51.886517717305914],[-2.518494710793861,51.87731327955877],[-2.5271391597593316,51.885820093043144],[-2.5355042730306323,51.88671369950408],[-2.539463551802106,51.87669242004232],[-2.524117640303455,51.867550146143074],[-2.511213556389524,51.86664940892643],[-2.513179800493953,51.86301354801427],[-2.5275947629025617,51.858367361073],[-2.5601655570527027,51.86414171288311],[-2.5753758506582183,51.86260092170063],[-2.5828975706988806,51.860304079462516],[-2.5779115537922186,51.85381322067461],[-2.579059351492335,51.84880826369577],[-2.598484152567333,51.856631383619565],[-2.6090395660057997,51.846237296759995],[-2.6250492235213954,51.83908945872941],[-2.635435411768595,51.84262587946567],[-2.648617869327638,51.82563060235657],[-2.6528385136516364,51.826067676681525],[-2.6547730913495795,51.833288850822996],[-2.662139351935892,51.83525454681112],[-2.6813839225104372,51.83820140624605],[-2.683744540355053,51.83277893418454],[-2.689047023995479,51.833183688661016],[-2.694367837497639,51.84412168893712],[-2.7103413145890536,51.840044763564244],[-2.7151880779815984,51.848150475613195],[-2.725752092578578,51.83957372316451],[-2.7361589472131707,51.836902170279096],[-2.738537841972176,51.8420134927279],[-2.753921853047782,51.84575485064318],[-2.766291954980323,51.86087475239555],[-2.7739420168625752,51.86327770567808],[-2.7746779167759956,51.8738290682227],[-2.7662662442328414,51.88019507081721],[-2.799562196399734,51.88995999141541],[-2.81934971183075,51.90556205180297],[-2.8336806347010417,51.905483892221596],[-2.8365488264649685,51.91400266984031],[-2.842883365077278,51.9175887409456],[-2.8528500965335746,51.912998273821],[-2.8617125538293653,51.914316261402625],[-2.861963924518798,51.91790409948686],[-2.8459385946298377,51.92368805180284],[-2.864878661422636,51.92674949483551],[-2.874491126710785,51.933710297464046],[-2.884987526085219,51.934007137404954],[-2.889741726717365,51.92573663940589],[-2.9511528681752375,51.90595433534737],[-2.9707152429871946,51.905203796722205],[-2.974609619512231,51.92722183782872],[-2.9969158445124533,51.9227227265032],[-3.007953857063003,51.92655760729761],[-3.01152408234161,51.94246505046397],[-3.026359491062393,51.95680798944953],[-3.0660008340927227,51.98239786434142],[-3.0866789732798026,52.01397485037902],[-3.0977034352759483,52.02176714855334],[-3.0849629391384177,52.04024869197242],[-3.1253208970932542,52.07747093146544],[-3.11801940970949,52.087289604987255],[-3.1210972548046314,52.10190935056569],[-3.10421305606951,52.105032406117566],[-3.105995527672523,52.11480810706176],[-3.1030127494587414,52.11667729623205],[-3.125319218278776,52.12357846524164],[-3.1346817298118768,52.12203442942533],[-3.141126305086902,52.12871819269448],[-3.132850160600636,52.1325997699136],[-3.134259503148866,52.135520554333446],[-3.082353802021602,52.147133345164974],[-3.0707628689693514,52.15590944082083],[-3.0803005031786617,52.16248841371964],[-3.097415187854142,52.153912037024796],[-3.119709950025232,52.16202128429914],[-3.1207271088060744,52.165879131100645],[-3.1115486541414894,52.169309841570445],[-3.111567518404332,52.17309202053398],[-3.0954258578594707,52.179671643473405],[-3.0990427918882233,52.20017232054949],[-3.0704850618797264,52.212577317398335],[-3.07545518995845,52.218072765843075],[-3.068686638030746,52.22880511583776],[-3.071963850871984,52.23478302834519],[-3.0421424227077654,52.23738331106933],[-3.04317849847008,52.24487271110492],[-3.048536029363264,52.244456723519214],[-3.0461897864265577,52.25125955721255],[-3.005771786934451,52.263586493400304],[-2.989165468104943,52.259830021401996],[-2.9664354319177213,52.261040229067355],[-2.963677040702012,52.267871706132155],[-2.951028944415281,52.26883942369089],[-3.008986465443809,52.27622580820815],[-3.0107489441406305,52.28757029317111],[-3.004256461817441,52.29023859888026],[-3.0004787640931094,52.29983719931802],[-3.002047969680974,52.31426611914123],[-2.9976565877916985,52.32286834836705],[-2.9667732033117735,52.328800774678065],[-2.9555667955249687,52.347688480876116],[-2.9332699897430916,52.34912016574414],[-2.9331786142832086,52.353147676597516],[-2.929702317493576,52.35228239134112],[-2.9359366764551895,52.36162732508603],[-2.9270418039450448,52.36638452840999],[-2.9017303828760883,52.36682650797838],[-2.9214605592849248,52.375250774766464],[-2.91540043274367,52.38049745647631],[-2.9194719862304153,52.383576051922255],[-2.9050466763931704,52.38563796538163],[-2.8899063678532224,52.37443073758069],[-2.885607618672696,52.37807084111254],[-2.887660071635153,52.384028565668316],[-2.8627147633151044,52.38821472351343],[-2.853863142612989,52.39410879150438],[-2.8279314684833903,52.390634605441555]]]}},{"type":"Feature","properties":{"name":"Hertfordshire","code":"H10200160"},"geometry":{"type":"Polygon","coordinates":[[[-0.1485500267033931,52.06085296504931],[-0.15389094971293266,52.05237858638883],[-0.13259138035127332,52.04687146358166],[-0.12169262191323993,52.0320264993246],[-0.12503761966349267,52.02059786923912],[-0.12212097431052288,52.01965127071577],[-0.0604394386054483,52.04378367637796],[-0.0330814794793348,52.04763964652003],[-0.03744142067831056,52.05613102146817],[-0.01935428336430788,52.062363960850995],[-0.004515337965933543,52.04869154093128],[0.04170917368364,52.05292586829673],[0.04181832449426874,52.04460301287778],[0.06050136501523261,52.01896126389803],[0.06116840503943792,52.01286209034905],[0.0754817211395007,51.99934902204072],[0.07170682335857115,51.982283087886934],[0.09801765461040739,51.983219248121706],[0.09885856862631615,51.97772485813856],[0.10663465105781483,51.972358501639874],[0.10607070841983444,51.96396285643249],[0.11738113954583561,51.952558817172914],[0.12254820989702878,51.92557462491875],[0.12722996246651624,51.92133895321165],[0.12720070352599058,51.88891602558072],[0.1371985669581062,51.885490011794374],[0.1274971076244753,51.886114003863064],[0.12726801769312024,51.883148080516364],[0.18043219445329015,51.893814494012446],[0.18498252999012516,51.89047428889428],[0.17249964872471762,51.883467596553444],[0.18905210741615325,51.875891022410364],[0.18741802104555108,51.87160019437817],[0.20874098372056019,51.869727581380715],[0.16977193691662473,51.86023021115198],[0.1748112088836284,51.85734942591854],[0.17626849408488288,51.84909917620236],[0.1688157379342893,51.848731409761655],[0.16100782856980028,51.840398657570375],[0.16448022164167753,51.830518094532714],[0.1713871951933895,51.82822287213089],[0.1643166878627889,51.82714572698645],[0.1655233614536198,51.82160851136091],[0.19046543891719325,51.818412515280095],[0.1920628489577791,51.81314834139084],[0.16604572317876706,51.81338217327617],[0.1554758483897559,51.80197747673494],[0.1493976588614103,51.80092931915667],[0.15368014841666847,51.797192386371044],[0.1517199030877863,51.79509246318428],[0.127523028411976,51.79348832589154],[0.10026998082615875,51.781591925167305],[0.06814912124165871,51.78148522713483],[0.06439940459119588,51.77789826901405],[0.02145267753280338,51.77206896165708],[0.014564456473974174,51.755679439896255],[0.0057047914211894755,51.75408375517747],[0.00409182571666493,51.74616869564582],[-0.0024985210188839375,51.74066763357921],[-0.01027307666659216,51.73994925904738],[-0.010395252641064771,51.72612227640139],[-0.006060703146178272,51.72231707436175],[-0.014279406663948805,51.71531368695529],[-0.004647831981513878,51.708363510292564],[-0.012253197022339544,51.70355562642312],[-0.01699167642150341,51.689056500017166],[-0.007725477947186998,51.680716447101695],[-0.010562810419883387,51.679810258591615],[-0.057536338087899215,51.68134396349906],[-0.07266268732017091,51.6860100787264],[-0.09737530790708648,51.6862275626524],[-0.11778190129353065,51.69267650083793],[-0.14238027284355426,51.69078286055358],[-0.1556568531976915,51.69809679851499],[-0.21709991783056115,51.71272335332647],[-0.23098442106716377,51.710089172635804],[-0.24007572504739352,51.70157528401953],[-0.23644833887530922,51.68299798764916],[-0.22201778955913762,51.65284118999559],[-0.2174952259595346,51.652113999801784],[-0.19647052112917707,51.666781075622126],[-0.18819765248567802,51.66370883995861],[-0.1812523334201436,51.66847498928221],[-0.1838768125128206,51.66326858638025],[-0.15297700470915276,51.65498810458566],[-0.14672698799271236,51.64351906311921],[-0.12745575877895945,51.63147659863602],[-0.1409655866020144,51.6174803570634],[-0.15053887137393704,51.62186635851031],[-0.16797435976552144,51.63896579512216],[-0.18650708899587176,51.638161699582405],[-0.1787323364036993,51.63058023937868],[-0.183980600521103,51.622239702890774],[-0.19203544678078685,51.618970604246456],[-0.20075824018083052,51.623871104474695],[-0.23018360584054207,51.624346411382604],[-0.22745596150257996,51.63426082902268],[-0.23887181916613653,51.639923456366304],[-0.30216265413834176,51.64360998608073],[-0.36481094711041734,51.621180584451274],[-0.4003875295555444,51.61261104064248],[-0.41623263324521137,51.615736159504266],[-0.4566444695816299,51.61163303925288],[-0.491227015718853,51.62968566424881],[-0.49920004171398824,51.62764232376866],[-0.4970989890115907,51.59942353520176],[-0.5181883279343817,51.60127122771135],[-0.5273021377938152,51.61607841708194],[-0.5319342229211302,51.63661290829052],[-0.5364492343665295,51.638730352969354],[-0.5048420515376638,51.67189344838603],[-0.5062925587219468,51.67852621431213],[-0.5182686936000512,51.68081359587989],[-0.5452457880586671,51.67763896596556],[-0.5469299386106892,51.68477488037189],[-0.5415711160717324,51.69694061483726],[-0.5600337288884957,51.7139432809],[-0.5549709306959306,51.72323760033031],[-0.5421796176376958,51.72483164425998],[-0.5316106199146325,51.73164953224363],[-0.5300126834243163,51.737991841758486],[-0.5472870553068039,51.744903501013766],[-0.5719375704038179,51.73702600159598],[-0.5840940400874992,51.75244226968642],[-0.6096880621218194,51.747994890192764],[-0.618853166206375,51.753789175136006],[-0.6412206150874793,51.75461461803295],[-0.6700850013782363,51.76694859342154],[-0.6799973267006199,51.79810275054148],[-0.7061760338078217,51.820074131682006],[-0.7163797991696313,51.81675445319574],[-0.7246371961173912,51.819915534092544],[-0.7439231568748351,51.83973886753678],[-0.7333481149393273,51.84274093745532],[-0.7154650163021995,51.85554326905862],[-0.695423863044802,51.857573931442175],[-0.6849247503449357,51.84898339739231],[-0.6928545803660777,51.8415724404727],[-0.6826389435365572,51.83696387691444],[-0.6653406023033855,51.81613017328342],[-0.6485413058375238,51.814236587800906],[-0.628718182912992,51.819041269669405],[-0.6103478097143041,51.81225044185352],[-0.5936760463963224,51.81453307763543],[-0.5899158693537983,51.808884771215865],[-0.5807099097669085,51.80623540170902],[-0.5715600243525855,51.81617040977545],[-0.5737675582751658,51.81834490942078],[-0.5556203838700677,51.825283546770684],[-0.5554000851046842,51.83065227871787],[-0.5393504419865104,51.81381360205415],[-0.5168838300592128,51.80502959387095],[-0.5018225467591946,51.81415653900435],[-0.5001901285934428,51.8216709437599],[-0.5086102589100154,51.82549315735835],[-0.5007655671236821,51.83478349650627],[-0.4917445189453378,51.83501352539365],[-0.4895199835663419,51.84222397732788],[-0.4694602754510249,51.84527831968993],[-0.4769217523843183,51.85288550961508],[-0.4682817387988063,51.855387946352245],[-0.464147133436405,51.85006443292468],[-0.45512972524971435,51.853457861955306],[-0.44356620651677575,51.848251767817914],[-0.42210488238964416,51.85039413552748],[-0.37256827172882284,51.82880374980606],[-0.36314530816429597,51.84141710652933],[-0.35518471244997957,51.84023869960075],[-0.3399215617441844,51.84884666169092],[-0.35206570173572976,51.8661600443803],[-0.35150514248710324,51.88194778888687],[-0.36281672916031676,51.892994884031125],[-0.3740067635369023,51.895847185289405],[-0.3831099856937423,51.91041230446582],[-0.38442969884255224,51.919825436382744],[-0.40447098709888063,51.93226595573582],[-0.4010554918511503,51.933085853536845],[-0.4037769971182564,51.937768351790936],[-0.40206677272539126,51.955097186321424],[-0.3890917069781653,51.97767834648784],[-0.38076121995248075,51.97919455741685],[-0.37777491079820236,51.97264643187997],[-0.38194788894644244,51.95180379112331],[-0.37200736912402554,51.947355728129985],[-0.34903660660072255,51.95749501826874],[-0.3484417122482747,51.97145162120197],[-0.36552192951817175,51.97874443202988],[-0.36230420624847565,51.984854349128746],[-0.3106968756228823,51.98147678211799],[-0.29394910389222595,51.995254817968295],[-0.2979139298844637,52.00017358993158],[-0.28237698754568935,52.00141929704846],[-0.27285092763559915,51.98913107295694],[-0.2716959201680068,51.98023462951697],[-0.25060708637611306,51.97943026893042],[-0.22854600973807854,52.00284335189669],[-0.20097035198386218,52.00880304312206],[-0.21851508808958592,52.035937294843265],[-0.19414184686646124,52.06181320210641],[-0.1714517176996983,52.06016703086229],[-0.16326164685991187,52.07589949945194],[-0.15579715078288606,52.079337723728486],[-0.14728889051317381,52.073124729158195],[-0.1485500267033931,52.06085296504931]]]}},{"type":"Feature","properties":{"name":"Huntingdonshire","code":"H10200161"},"geometry":{"type":"MultiPolygon","coordinates":[[[[-0.25527050182277744,52.16361828772956],[-0.22517249414383783,52.15054347471979],[-0.23340071901145956,52.144596626625685],[-0.24558886742476826,52.14698894214032],[-0.2559949213012699,52.155060251077856],[-0.27475846329208603,52.15805030080226],[-0.27196905760505635,52.16594014483238],[-0.25527050182277744,52.16361828772956]]],[[[0.032134730710669905,52.35191861572686],[0.03210871493750467,52.352215820228004],[0.03346073342845772,52.35250725115767],[0.032134730710669905,52.35191861572686]]],[[[-0.39302268395676626,52.58292292171694],[-0.38282610750898344,52.56711279495715],[-0.348512459985587,52.56478703794129],[-0.3307241243669766,52.55294784772649],[-0.32123986251400966,52.55495547117999],[-0.31904272424285285,52.56862821147918],[-0.3092170313358239,52.57245511277112],[-0.29808992309511606,52.56938398281766],[-0.2929438082933875,52.56038007202398],[-0.2799955238064178,52.560162005647115],[-0.26293343317581314,52.56888710542781],[-0.2522445284927019,52.568338908167554],[-0.24561941056181713,52.55733954067256],[-0.2274777430662682,52.56478973942552],[-0.18788997200018223,52.54993595041822],[-0.1846623940588562,52.53536708442387],[-0.17053339188821462,52.53116880294119],[-0.11254035241890459,52.48894968544421],[-0.09662919451920514,52.501160809394776],[-0.08851321046895406,52.49608054468678],[-0.06942735832241963,52.50554914943075],[-0.06843183573875487,52.51758058804617],[-0.04639999292084487,52.51060416282297],[-0.05127010232212873,52.50256836073364],[-0.03706264983838285,52.502391070232456],[-0.0384198591728048,52.48251885670237],[-0.03015040306083761,52.47277418385669],[-0.012498808541963193,52.46595232210513],[-0.0031796935683744507,52.45542226717429],[0.009900721315569004,52.45412520242246],[0.024461721505815315,52.443426666919436],[0.027070584756244173,52.439830486429535],[0.02451996536670482,52.434588000744384],[0.03541449646023781,52.42868982310613],[0.022885687692107217,52.413100796632506],[0.030415375192041252,52.40480250985214],[0.03040376886052776,52.392083561651496],[0.044937684206235555,52.380166159317156],[0.05317859201322381,52.35790512407081],[0.043919651946865944,52.3525156352153],[0.03056455212578527,52.35277743580637],[0.010884689045425971,52.341245637219835],[-0.003247694358805618,52.31618320395979],[-0.011555150454134503,52.31216766532146],[-0.04313058638871786,52.313965346276774],[-0.04350264801407619,52.307734028994055],[-0.06360598435972328,52.284818191101365],[-0.08358505588832794,52.2713240140972],[-0.09586938352960735,52.2769169430329],[-0.1014672990734349,52.27500148237123],[-0.12097639565155253,52.256708897126174],[-0.13885125033336715,52.28122609935947],[-0.1451256031138366,52.28377164785048],[-0.17322993781825327,52.279771797647314],[-0.1814854750065997,52.25955408785815],[-0.1751487131862361,52.25084232684964],[-0.17056662877484002,52.25566471660463],[-0.15189870422646226,52.25322861379001],[-0.12925864919466606,52.24195173697928],[-0.13553518706055093,52.229625023906465],[-0.14601753731727743,52.22808089445725],[-0.14635878777032832,52.22507444846829],[-0.1749469996081328,52.23005498710037],[-0.18439881741384445,52.228196303468266],[-0.19324755613525635,52.203749376912796],[-0.19003472767957885,52.20052351344062],[-0.17653906352313486,52.20076194170182],[-0.174206677258654,52.197032591637466],[-0.16613215626226382,52.199035776226154],[-0.15100053474758612,52.211862438551556],[-0.135003002788913,52.2071837518196],[-0.11745677365138046,52.20764766671291],[-0.10172127625060587,52.20241022406188],[-0.10662777435151032,52.197445037855076],[-0.10286841071550232,52.19669712213821],[-0.10492281986754298,52.193640883225655],[-0.1005867030152237,52.188388552719],[-0.10402584688165094,52.1792578621561],[-0.13699403917220884,52.183666207840126],[-0.15202053171133056,52.174539159589735],[-0.14847055138835635,52.168667916344695],[-0.15417384001163695,52.16655763331755],[-0.18867001541708237,52.16838616388863],[-0.21479341070834657,52.15800506237769],[-0.23340942713451618,52.168386982858806],[-0.25182736653280346,52.17116949088876],[-0.2604344052027464,52.17558673566641],[-0.24157898778492085,52.184242041467826],[-0.23896245424367785,52.18923080176088],[-0.2503961351909254,52.19605017899151],[-0.25477919248316167,52.20353641842741],[-0.27005242721873046,52.206208009635084],[-0.2791882441345795,52.2134256786415],[-0.2779504838154428,52.21860130448519],[-0.27033000640345856,52.22230600234103],[-0.2715991081301532,52.23991163710642],[-0.3324483425385278,52.24316485746641],[-0.3408503791861704,52.24138715701419],[-0.33883917438222466,52.23091428522338],[-0.37021806832171583,52.23381513630596],[-0.3807885759458681,52.26881882838315],[-0.38017170303059367,52.272434233078535],[-0.3707897869254928,52.27280869859995],[-0.37292919313917183,52.27903300441665],[-0.37984782196338324,52.282432787076964],[-0.3964197344288196,52.2781837232785],[-0.4040735966368494,52.286809493225824],[-0.41814438145703264,52.284055592384874],[-0.4326080871127769,52.2964187841967],[-0.4288409711192948,52.31069121214411],[-0.4640762595370046,52.322561297617],[-0.46504750077600016,52.337724183785504],[-0.4817245638954544,52.34050301372109],[-0.4762365357034073,52.34661612703688],[-0.4787360491687834,52.34970418981049],[-0.4971977128142999,52.359612611766806],[-0.4978776346992384,52.36641596080602],[-0.4867259250924764,52.37362361713917],[-0.4933801710655294,52.378258539256215],[-0.44065941895045607,52.38410947972534],[-0.4316251898521482,52.39550137296609],[-0.41492957318401635,52.40337272849209],[-0.41824528536168404,52.40455001995037],[-0.4148271730184779,52.411167874307885],[-0.402820620136602,52.414877286783835],[-0.3999324419075588,52.42021778677574],[-0.3900668273708486,52.419760749623734],[-0.36094914380587545,52.432998584250846],[-0.37264989180694835,52.43629640462086],[-0.3490502162581937,52.4625993216613],[-0.34163633156979034,52.46598005381851],[-0.3412746217828185,52.47640709522131],[-0.35728294046059417,52.48951682119278],[-0.35829737987356963,52.49539112059918],[-0.3479799086574503,52.50784841452591],[-0.35492132150744593,52.50555666538412],[-0.37498878164375815,52.51020643359509],[-0.3944682787032321,52.52352542221622],[-0.40795878062522595,52.52266284595673],[-0.4145132396980415,52.530735249904154],[-0.4036090847685133,52.53284801359866],[-0.39920663749438146,52.53953745200422],[-0.4020575089524578,52.54225257849968],[-0.4000366991970279,52.54748646505946],[-0.4097148147947416,52.54950727259529],[-0.41805516990210634,52.55853614503052],[-0.4034750633641104,52.565670016604635],[-0.4124289088288118,52.570888765329975],[-0.41272321078569485,52.579927184077086],[-0.39302268395676626,52.58292292171694]]]]}},{"type":"Feature","properties":{"name":"Lincolnshire (Parts of Holland)","code":"H10200165"},"geometry":{"type":"MultiPolygon","coordinates":[[[[0.224304623713926,52.81756609690668],[0.2643256251137571,52.80943148253979],[0.24512688569101732,52.784692602928516],[0.2714911186988177,52.77383833299569],[0.220485777398285,52.75479598852429],[0.18575167340073306,52.73466313659622],[0.1741974412499367,52.7363770447236],[0.20492880756494836,52.77909447468443],[0.216712336022113,52.81499611252028],[0.224304623713926,52.81756609690668]]],[[[0.21688137701565685,52.82443936741846],[0.2167504050326355,52.82335374652818],[0.21510645286260746,52.82482951059749],[0.21688137701565685,52.82443936741846]]],[[[0.1455754071628999,53.071189092596796],[0.1501705490636656,53.05807211390748],[0.1665716118966024,53.053408898783815],[0.1993918361852317,53.03393752125805],[0.17003393731998176,53.015683349239914],[0.15813482511886057,53.012298668586084],[0.10930369618131114,52.97551972621292],[0.09664565092035125,52.96095831946299],[0.08852989516815798,52.95796486908723],[0.09334390184383629,52.95651427893279],[0.07735462064133211,52.93734090494823],[0.08071047947330548,52.93361166566648],[0.0748974472545327,52.93186820133444],[0.051337931902605646,52.93141416479093],[0.026112490136021484,52.93978690446086],[-0.008127846147360588,52.967006762323784],[-0.022884822205588882,52.96660130060141],[-0.020102415645139607,52.97253897447568],[-0.02664959025826781,52.980368158469794],[-0.02189663185638281,52.973792627034406],[-0.023951691084732475,52.96662264282879],[-0.008365069216900623,52.96634984433726],[0.02640757414752398,52.93829821693592],[0.0551539354344557,52.93001021003934],[0.07984197459620451,52.931638758269465],[0.06861967711418145,52.92913804305707],[0.06840138962148776,52.925621505637764],[0.053048371585672015,52.91885079918837],[0.04391565065489053,52.92782659848203],[0.049643318310805325,52.91875581111913],[0.047150306749952624,52.917792648486646],[0.033972561078613774,52.924075080943425],[0.03895521710604958,52.923690223756296],[0.03265738713408053,52.92131460884635],[0.042673828079087955,52.92202487586507],[0.04697659128994753,52.915718512188405],[0.04220263081233042,52.910243698598336],[0.03868722914958947,52.912002666361246],[0.03532396314490393,52.905561007081204],[0.02382389255092293,52.90404548856464],[0.031736313495811276,52.903549807072224],[0.025357382658120615,52.90130828965862],[0.026747057995025136,52.89807447261229],[0.009115093181135393,52.89442396477264],[0.011462745707890808,52.89336274246901],[-0.02268800431271774,52.87735446442549],[-0.06608862075437683,52.864850487077845],[-0.08999524187353636,52.85240715474009],[-0.13358075389595597,52.799356696595524],[-0.08915579209971358,52.85234418934748],[-0.0667516606335048,52.86404033445237],[-0.023749432561501735,52.87617262378905],[0.0427556368253793,52.90420061473919],[0.04443249538054088,52.90090139685128],[0.03935740158946718,52.899198370912366],[0.060612755990867226,52.900636119548174],[0.09169054615323957,52.890619694677305],[0.12411457068086268,52.88933459999623],[0.14416704609631364,52.88387834862577],[0.14477450733819588,52.87972064834686],[0.13835678384752384,52.87510074422214],[0.15098367448761957,52.88176508209493],[0.15929494804341504,52.87594288140146],[0.17636884033533876,52.87320771042501],[0.17995116300027492,52.860746259463305],[0.19634589420466658,52.84976576027598],[0.19811612514614083,52.840617545949364],[0.20967831387662073,52.8304600762241],[0.19946165102020705,52.82939547004091],[0.21533718422966455,52.82665063813506],[0.20660597940215072,52.78483725975631],[0.1977243606645155,52.76814131770551],[0.17219844958678637,52.736867209124206],[0.16658078360490564,52.740728547993555],[0.15582117475443275,52.73615005136755],[0.1431347175837058,52.73744649817232],[0.1361921956553993,52.74320770514025],[0.1288285347042517,52.739229000881075],[0.12867086586922105,52.73120622969904],[0.09694168313002882,52.72822765059513],[0.08729428639283739,52.721985330907444],[0.0660191608783081,52.7255927006237],[0.051667454136376925,52.720136422962824],[0.04431925916092366,52.71277402529996],[0.04891509484780554,52.672922144181676],[0.02739669287092326,52.6709888883746],[0.02359932030264116,52.665600878455464],[0.0010890153562656889,52.66560441815981],[0.0028349894438091166,52.65963614416621],[-0.011628947646048129,52.65807376118084],[-0.007683831748184556,52.63702675137762],[-0.02159896191860083,52.631606719006975],[-0.029938329066537595,52.665411490211085],[-0.05739526344092756,52.67442812565346],[-0.08360876001117319,52.66607480797199],[-0.09970401310326449,52.67152075630556],[-0.13551645012744737,52.65151910992158],[-0.17708356720133633,52.6600387225125],[-0.1867939665499733,52.65213377072635],[-0.2030316685929415,52.666546507596784],[-0.22061577604260754,52.67150422376755],[-0.23354876096532362,52.69533246298319],[-0.19924039988587994,52.70482915519879],[-0.16834701948436645,52.70668216054259],[-0.13494655621813115,52.716897398627154],[-0.16547328395605615,52.732634050407235],[-0.1683713276312692,52.73028702477473],[-0.16619425606792365,52.738837212445866],[-0.2120677457169193,52.76196916128325],[-0.22755265001738428,52.758577079852735],[-0.22282710506628703,52.76566940114771],[-0.2626676864401832,52.78788630676873],[-0.2673177659871939,52.7997370053072],[-0.27557302846285925,52.85981785617458],[-0.2704311867833344,52.86946599206077],[-0.2562220374130034,52.86545809839989],[-0.26772410377606287,52.87741071697249],[-0.2459003600704673,52.92536209590127],[-0.22526412965270726,52.95141245107039],[-0.20079525657410946,52.97420063825005],[-0.19781551824819668,52.98436109021175],[-0.18828194385082597,52.99473224366287],[-0.22277283815140903,53.03269697121106],[-0.21406940858912032,53.04501765867486],[-0.2165349942046426,53.04961130352232],[-0.2069929765741295,53.07302067016828],[-0.16150407412583204,53.059353490624154],[-0.15002297273833246,53.04467258038091],[-0.1387933759649265,53.04366847499705],[-0.13261041417628866,53.0256068494634],[-0.13323166452004961,53.01262360013565],[-0.12640391390221375,53.0126555685694],[-0.11776543772058082,53.00650518837438],[-0.11143402339043944,53.00603078639848],[-0.1125416829951037,53.01156244370275],[-0.1006798589497395,53.014920427105416],[-0.09982376795569005,53.01082120796587],[-0.06260701010999394,53.009491669593665],[-0.04754835040830531,53.00463737992438],[-0.020470199914942592,53.005288239427145],[-0.005786633211653303,53.00107804378622],[0.00273866379778988,53.00863444194868],[0.047706978057549365,53.029566923237006],[0.03707326865208897,53.0696775658019],[0.08954979803362893,53.07158933488681],[0.13695576711605628,53.08632493494585],[0.14261952008494566,53.08428925964303],[0.1455754071628999,53.071189092596796]]]]}},{"type":"Feature","properties":{"name":"Lincolnshire (Parts of Kesteven)","code":"H10200166"},"geometry":{"type":"Polygon","coordinates":[[[-0.6166124292064808,53.257522994662246],[-0.6085125566807515,53.2573635437364],[-0.5918616885250702,53.24612109962418],[-0.5629415568345829,53.23433392898366],[-0.5817559103704881,53.220918797274805],[-0.577598445467152,53.217246005800725],[-0.5819064200804023,53.210169997003376],[-0.5755786855624128,53.20838460369545],[-0.584276203566351,53.20173008142738],[-0.5607747836476804,53.189094129927135],[-0.5485050240463779,53.18842323483493],[-0.544353450691323,53.20739753376762],[-0.5369811547089309,53.20631657103234],[-0.5248169542291512,53.21914105879567],[-0.5228871035632652,53.226916885545776],[-0.5125443662297319,53.230543835502715],[-0.4856454363079471,53.227373257787185],[-0.3772616377630122,53.23312054045652],[-0.3633560443614132,53.226765991426255],[-0.34927910532294476,53.22939075917313],[-0.34376027345960464,53.217628490780726],[-0.3257512244598478,53.20314042368762],[-0.31696757103143997,53.188575687320714],[-0.28221571079115987,53.18136438352474],[-0.24974637126952104,53.158271369871365],[-0.23357277513468983,53.13497856281087],[-0.22323509109539377,53.12791496407225],[-0.220506730927088,53.10977426601251],[-0.21571707019084554,53.106734594281704],[-0.21152466142871212,53.0913300009416],[-0.19392337710892243,53.085030125108226],[-0.19418696044146466,53.07155470361543],[-0.2069929765741295,53.07302067016828],[-0.2093488941810699,53.06999966383096],[-0.21534011787363985,53.05581173938365],[-0.213365951030142,53.05751518467369],[-0.21406940858912032,53.04501765867486],[-0.22277283815140903,53.03269697121106],[-0.18824875921556308,52.99600318700534],[-0.19781551824819668,52.98436109021175],[-0.1997070044342493,52.975543275646174],[-0.2117923645211138,52.96135651896262],[-0.22525828697869524,52.95381617721105],[-0.2459003600704673,52.92536209590127],[-0.26772410377606287,52.87741071697249],[-0.2554609986768948,52.86699795999038],[-0.26963466646757994,52.870636491033586],[-0.27557302846285925,52.85981785617458],[-0.2673177659871939,52.7997370053072],[-0.2626373971694138,52.78829751154502],[-0.22282710506628703,52.76566940114771],[-0.22755265001738428,52.758577079852735],[-0.2120677457169193,52.76196916128325],[-0.16805600914534605,52.73977191902189],[-0.1683713276312692,52.73028702477473],[-0.16547328395605615,52.732634050407235],[-0.13494655621813115,52.716897398627154],[-0.23354876096532362,52.69533246298319],[-0.22061577604260754,52.67150422376755],[-0.2094719637567246,52.66677354257839],[-0.22119425163671003,52.66583258045691],[-0.2578147104921337,52.65169161202666],[-0.2887456534497115,52.670204390183194],[-0.318742514426355,52.67447522234645],[-0.3346035895962044,52.67356819933579],[-0.33543837129718884,52.66781848432913],[-0.3444871909054552,52.66210344535372],[-0.40290153620650504,52.64898019502352],[-0.4304859413059613,52.64825830818267],[-0.45987035782253316,52.654301330785934],[-0.49572910894460115,52.639497416557695],[-0.500837423985814,52.642288582686135],[-0.48887795572426956,52.6439001174382],[-0.49215875047483754,52.64815559415103],[-0.5255350717585049,52.65615242386378],[-0.524177492631212,52.66406772871428],[-0.5177695364328324,52.665861076137006],[-0.5037739040774122,52.65886566956902],[-0.4915813008651778,52.66008679160223],[-0.4899805115414813,52.66443095846735],[-0.45356760708972654,52.669088804671226],[-0.4325155675602673,52.68377029261745],[-0.42686663181745355,52.69581497945091],[-0.42927965395871076,52.705033551723055],[-0.451065833446543,52.7094799282537],[-0.4911526704867671,52.71005676276035],[-0.5160751971300859,52.720353254584126],[-0.5416371348926885,52.722004527656445],[-0.5387787863575146,52.736893102131155],[-0.5668840815003411,52.74512994219959],[-0.5709194978406951,52.75083840857438],[-0.5867308256203837,52.752878680500224],[-0.6030449697385925,52.749771864099046],[-0.6087511879598024,52.75923512474014],[-0.6591659728862164,52.755436162371915],[-0.6634103220725971,52.76011427404564],[-0.6811843352943059,52.79254609186412],[-0.6813834103859242,52.81017687305751],[-0.7326606035839668,52.86540481619262],[-0.7421101857013691,52.88169386532316],[-0.7752582968130103,52.8895938572823],[-0.775332255015635,52.903976738592064],[-0.7553341072683157,52.95041229447021],[-0.7766365438114817,52.95837826177631],[-0.7764630967713494,52.98375082616582],[-0.8037018989067789,53.006041648936105],[-0.8023800965049446,53.01189339902724],[-0.794092400992975,53.01111482862266],[-0.7852880172106904,53.02532781084674],[-0.7767701138080649,53.02395848428413],[-0.7597862832357386,53.02972997526062],[-0.7476548970311768,53.055727999440265],[-0.7282933669176888,53.05520793441459],[-0.7125827181744763,53.060064791049875],[-0.7141025613391083,53.06490616944554],[-0.6980003727976726,53.06395222536443],[-0.6933734408277905,53.06759108701842],[-0.6966913249700213,53.06779296361173],[-0.6971685377615251,53.075287487750515],[-0.7078231415398812,53.07917556162042],[-0.7072600740122085,53.08515221377545],[-0.7283371702459687,53.09776567554426],[-0.7198020022056588,53.105580642973784],[-0.7152211911301674,53.11932944658844],[-0.7315256830107538,53.12795802887689],[-0.7154155214458984,53.136884953885065],[-0.7211266123068129,53.15546177673509],[-0.7139243764687808,53.1710804084125],[-0.7166333764602373,53.17675712114889],[-0.7624461817505149,53.1824580951946],[-0.7597487821940211,53.188899289130056],[-0.7527909977056964,53.18809897914312],[-0.727474060091182,53.211673025623135],[-0.7121038238334093,53.20823898819946],[-0.6945037172807996,53.22119023503979],[-0.6731610689012654,53.21895861075268],[-0.6639462745736403,53.23970279890817],[-0.6459883148570589,53.24419350388732],[-0.6460638954943425,53.25414296944554],[-0.6166124292064808,53.257522994662246]]]}},{"type":"Feature","properties":{"name":"London","code":"H10200168"},"geometry":{"type":"MultiPolygon","coordinates":[[[[0.06586595258435743,51.49820744210531],[0.055999071647866654,51.49845297093811],[0.05534680509082734,51.50146552717447],[0.059577157445457295,51.50308255285219],[0.06586595258435743,51.49820744210531]]],[[[0.1222741162619629,51.509123472340086],[0.12387718071825654,51.478414702937286],[0.11111636638900309,51.472715830775535],[0.0996653438200402,51.473852508703715],[0.08680994824327973,51.466340719450166],[0.08394158732489962,51.461617118896875],[0.08985358387244269,51.4470579431001],[0.08794614569985265,51.44176711788579],[0.06972643134352488,51.42597687316526],[0.05922594855487067,51.42531784922367],[0.034177142014220493,51.44363319969984],[0.027483346916041828,51.436859761086055],[0.04063022025519295,51.425190656790136],[0.017375997910597032,51.42548847469574],[-0.001604030002246056,51.4130053379559],[-0.027919986839909056,51.42502329512272],[-0.049257069477685864,51.42173964012409],[-0.07048169330595612,51.42564035077064],[-0.08008160960828181,51.41884754617913],[-0.10877947264752767,51.422624476339976],[-0.12730246887255176,51.41096651587652],[-0.1432346039468959,51.41172146040753],[-0.14841674785940576,51.419480126900204],[-0.18009131459469463,51.424629124169364],[-0.18679351825417864,51.43268646334492],[-0.18766799142940563,51.44124194448464],[-0.22822612013766502,51.43991313594226],[-0.24748633868884712,51.432517303906685],[-0.25160385997618606,51.43702090657437],[-0.25190104082815634,51.451424250717565],[-0.25814744392525013,51.45642811289733],[-0.25280782507619365,51.46786959951035],[-0.23547027977110682,51.465754310924176],[-0.2297180798903904,51.47237801456105],[-0.1939434793383857,51.462359947181156],[-0.19356738408300833,51.45956075144269],[-0.18040678214536726,51.46612307982786],[-0.16936784082469689,51.479881353190656],[-0.12557007652802885,51.48518982427426],[-0.11776849188883812,51.50333620584055],[-0.1110695689706449,51.507640788911985],[-0.08015461921905534,51.50550188515517],[-0.07036897087075872,51.50260809398043],[-0.07148836199171725,51.500357915959945],[-0.05481955938720977,51.50051826816414],[-0.03423718954825376,51.50642383029539],[-0.029031855859251318,51.48988786873608],[-0.014903621413647157,51.48112344718401],[-0.020020186697123295,51.475696809065546],[-0.014300642081202335,51.480713023020826],[-0.01637058161151834,51.482137588873414],[0.002320532457176632,51.486907615314884],[0.003962147103808272,51.492050076729754],[-0.0006823409353228958,51.50078494389415],[0.00310097507385056,51.50418386045585],[0.021548114689988553,51.49423675197257],[0.05965534137895765,51.49354383117149],[0.07925918977369537,51.496177463507344],[0.09568460438840586,51.508538003573555],[0.1222741162619629,51.509123472340086]]],[[[0.09560164509189294,51.51838103984288],[0.09642428763570032,51.51582375094213],[0.07021045806563035,51.49881718475559],[0.07479430586416172,51.51180499875953],[0.08359090410392615,51.511718724425336],[0.08620313485881993,51.51664122680206],[0.09560164509189294,51.51838103984288]]],[[[-0.057072145334582394,51.57472798530753],[-0.04104797329974859,51.56122464789631],[-0.027016223020615564,51.56039676449341],[-0.017387309437425027,51.554618884350596],[-0.015041664207298537,51.53082892927405],[-0.007917470914013918,51.527092536679596],[-0.004254978061717714,51.515846431837765],[0.0034789757395654545,51.51532872455578],[0.0033954119566036176,51.510895347688624],[0.00688453519664245,51.51236282048138],[0.00975897901619769,51.50860457556866],[-0.004755504894409118,51.50359703456169],[-0.0014977003018638569,51.49100473350088],[-0.004598209887093886,51.48675126546995],[-0.021814694376531663,51.488110575775394],[-0.026203723657557153,51.49505934381072],[-0.024553845793965523,51.502592567688595],[-0.033093207315531704,51.50839045266774],[-0.0422219878527228,51.509132304627606],[-0.059779174620728084,51.50239107720356],[-0.11267435695233512,51.51006431897229],[-0.11976758945246069,51.50689830489467],[-0.12331856043505819,51.49252137629591],[-0.12961396018308827,51.4858488916026],[-0.17248842677681517,51.48140947771623],[-0.18050126006276335,51.47688533561886],[-0.17786206459915857,51.477119549556],[-0.1828951046598384,51.467132972788846],[-0.19813886950670417,51.46448223438225],[-0.2162284405912428,51.469922070247094],[-0.2275922443168773,51.4884024943409],[-0.24419356344676138,51.489474777000396],[-0.24245983617538686,51.495398261082805],[-0.2531390624411278,51.502281986598824],[-0.24406318185867765,51.50604621990124],[-0.2503244153927339,51.51669710973081],[-0.2428629411806902,51.524784750451474],[-0.24892322075738535,51.528094605212075],[-0.2450846308881795,51.53162518490085],[-0.21665127668843917,51.52781858429256],[-0.20061487349781365,51.53253945371358],[-0.1943645489553168,51.52739834690111],[-0.18810579991826826,51.535100291492796],[-0.2106709018120558,51.5554355654976],[-0.19856657156400975,51.555447475081756],[-0.18307597016095478,51.56871405508472],[-0.16476245478651685,51.57196499220767],[-0.13769835284823392,51.56948704256465],[-0.11924348057494774,51.57471873871646],[-0.10354556014689267,51.564356641110024],[-0.09598697249319639,51.56877988102001],[-0.09655463860792551,51.57451501488188],[-0.057072145334582394,51.57472798530753]]]]}},{"type":"Feature","properties":{"name":"Middlesex","code":"H10200169"},"geometry":{"type":"MultiPolygon","coordinates":[[[[-0.3200904912718849,51.445706344981616],[-0.32564477105700557,51.44369124298553],[-0.32419089080292984,51.44519395574895],[-0.3200904912718849,51.445706344981616]]],[[[-0.3181408510868126,51.4701675095759],[-0.31890792080194236,51.46649749566253],[-0.3197021524070555,51.46882559572668],[-0.3181408510868126,51.4701675095759]]],[[[-0.2960590782181196,51.48460417233693],[-0.29709026295166985,51.483603796300706],[-0.2974573709609136,51.484150531370496],[-0.2960590782181196,51.48460417233693]]],[[[-0.27898424674091704,51.48417492087641],[-0.2801946304328473,51.484699910696044],[-0.2797463536115362,51.48470772411164],[-0.27898424674091704,51.48417492087641]]],[[[-0.2432358914047143,51.48749395342678],[-0.2455377067111811,51.48629811178834],[-0.24289482472937474,51.48778472802244],[-0.2432358914047143,51.48749395342678]]],[[[-0.19981384381884282,51.70838228373738],[-0.17934467306656632,51.70546536756131],[-0.13977236666973897,51.6903994150085],[-0.11778190129353065,51.69267650083793],[-0.09970519841080032,51.68654169171364],[-0.07266268732017091,51.6860100787264],[-0.05879205465719192,51.681518459525236],[-0.011811389810846193,51.67993637514065],[-0.01084867138952763,51.67493866568935],[-0.017146880541849475,51.66845310578215],[-0.012531074953523468,51.651688603461324],[-0.027605878020450596,51.63525355523659],[-0.024965236567634375,51.62237046813013],[-0.03790214649839182,51.61395702933109],[-0.033365003381356506,51.606150996696144],[-0.047777438802464496,51.59666891134172],[-0.04610437698336705,51.5919749578684],[-0.05927784233895425,51.58084511983103],[-0.05768469817240761,51.575171504866276],[-0.09419123238189969,51.573996338509104],[-0.10251494311399449,51.56404782752945],[-0.11924348057494774,51.57471873871646],[-0.14038035714736094,51.56905672321897],[-0.16476245478651685,51.57196499220767],[-0.18147447019617677,51.569292224835756],[-0.20202725575518252,51.554944798868114],[-0.2106709018120558,51.5554355654976],[-0.18871240887958982,51.53550790276355],[-0.1943645489553168,51.52739834690111],[-0.20312044182368771,51.53260498532786],[-0.21665127668843917,51.52781858429256],[-0.23535669504782625,51.53150213948371],[-0.24860220672475344,51.528722161343815],[-0.24291273972871533,51.525855151377364],[-0.25070784478783414,51.518070251424035],[-0.24300002679789776,51.50391219856839],[-0.25314754872943795,51.50357899495093],[-0.24729174578948557,51.49752727535213],[-0.24154595217944422,51.49761760838052],[-0.24298297480202957,51.48821076568785],[-0.24783309224954791,51.48545467333328],[-0.2527150796756743,51.47271362601398],[-0.2658729705667623,51.47211037786199],[-0.27783156683959953,51.48452762634261],[-0.2881420596611689,51.4871500064772],[-0.3196825372499246,51.47018242119887],[-0.32015190074224487,51.46489498236018],[-0.3024094065278772,51.4515707605475],[-0.32980407406668116,51.44105644423369],[-0.32520172195039077,51.43156982870066],[-0.3056969573700749,51.42338684809501],[-0.30648042853243596,51.40119502082208],[-0.3136123843055757,51.393136259813645],[-0.32392762542552656,51.39059872531597],[-0.35482993248597344,51.410723301805334],[-0.3633306189374617,51.41096079777003],[-0.3918384455657722,51.408778448434724],[-0.4099996629469097,51.40306616974653],[-0.431292208117742,51.38347377427199],[-0.44075295978102913,51.3894318744934],[-0.46255367748351317,51.38078221827926],[-0.46157217276084334,51.38345316132888],[-0.4695490685189609,51.38319213588682],[-0.47646346175326715,51.39194358011249],[-0.4830190343022402,51.38812509343705],[-0.4934472749290366,51.40882743476666],[-0.4922908214988127,51.413586755605834],[-0.499597942297076,51.41087560343557],[-0.5084426085620376,51.41655396661065],[-0.5098983598953987,51.43138402465579],[-0.5173622530408862,51.434259988723184],[-0.5275203857779861,51.45088462133058],[-0.5170985376464472,51.480723615506804],[-0.4982651741352481,51.47989149294037],[-0.4838588491673693,51.50498014796324],[-0.4919498652987209,51.541146245269175],[-0.4897686660219597,51.547172258025654],[-0.4776704396278338,51.55583044122426],[-0.4987678278776492,51.603430923378404],[-0.499852155055973,51.62739351405103],[-0.491227017163257,51.62968566426736],[-0.4566444695816299,51.61163303925288],[-0.41825741561249763,51.61636923164542],[-0.4003875295555444,51.61261104064248],[-0.34487908240138476,51.627283301740626],[-0.31167868555495315,51.64181705287284],[-0.264669273588651,51.64337430523647],[-0.22819373533850884,51.63622379046774],[-0.23018360584054207,51.624346411382604],[-0.20075824018083052,51.623871104474695],[-0.19026047760870027,51.61835193808789],[-0.1787323364036993,51.63058023937868],[-0.18614191078739314,51.63628867783653],[-0.1842346639635899,51.63837866837097],[-0.16797435976552144,51.63896579512216],[-0.15053887137393704,51.62186635851031],[-0.1409655866020144,51.6174803570634],[-0.13526200275849054,51.62084461547426],[-0.12706206474902013,51.629566666546246],[-0.1452197540385458,51.642109437869635],[-0.15171437785557385,51.653838024342214],[-0.18410962787586943,51.66250944328161],[-0.18188276153214686,51.66799138556707],[-0.19647052112917707,51.666781075622126],[-0.2174952259595346,51.652113999801784],[-0.22552651142360086,51.65674029477332],[-0.24086162216012574,51.699842942132705],[-0.22759695013842204,51.71121256340587],[-0.21709991783056115,51.71272335332647],[-0.19981384381884282,51.70838228373738]]]]}},{"type":"Feature","properties":{"name":"Soke of Peterborough","code":"H10200176"},"geometry":{"type":"Polygon","coordinates":[[[-0.30903392438400956,52.6730335624981],[-0.2855863177214268,52.669412123806936],[-0.2578147104921337,52.65169161202666],[-0.22119425163671003,52.66583258045691],[-0.20517396786495823,52.6672685429245],[-0.18915704474534023,52.65186194032625],[-0.17708356720133633,52.6600387225125],[-0.13634613834720158,52.65137058933245],[-0.15529243963793474,52.62898735755956],[-0.1579710971457568,52.623948001566646],[-0.15564801535529713,52.61539275558626],[-0.17333162549174672,52.584316713773724],[-0.20626528858037016,52.569647923834566],[-0.235713916698297,52.56869756331904],[-0.2269601886479394,52.566211435706045],[-0.24561941056181713,52.55733954067256],[-0.2522445284927019,52.568338908167554],[-0.26293343317581314,52.56888710542781],[-0.28636373749171634,52.55963476810518],[-0.3092170313358239,52.57245511277112],[-0.3177514987031267,52.569711655867664],[-0.31836668478211916,52.55883965038216],[-0.3307241243669766,52.55294784772649],[-0.348512459985587,52.56478703794129],[-0.38282610750898344,52.56711279495715],[-0.39302268395676626,52.58292292171694],[-0.4744099845273174,52.57307576072383],[-0.49428483417559055,52.58555829723469],[-0.4783475781257378,52.60233840699731],[-0.4779343875356086,52.614135190452025],[-0.4719102282676572,52.6146210042271],[-0.46942741989763165,52.620248901097604],[-0.4717065202567078,52.62782511487456],[-0.48689610953726803,52.63212534186331],[-0.4923260232302607,52.640579790711506],[-0.4830852515908628,52.646019475786204],[-0.4749154750665595,52.64540431963267],[-0.45987035782253316,52.654301330785934],[-0.4500432762412631,52.65473319427948],[-0.4304859413059613,52.64825830818267],[-0.40290153620650504,52.64898019502352],[-0.3444871909054552,52.66210344535372],[-0.3362795195030189,52.66690780229786],[-0.3346035895962044,52.67356819933579],[-0.30903392438400956,52.6730335624981]]]}},{"type":"Feature","properties":{"name":"Rutlandshire","code":"H10200177"},"geometry":{"type":"Polygon","coordinates":[[[-0.6062784184299627,52.75836344160978],[-0.6030449697385925,52.749771864099046],[-0.5720569144947504,52.751967877831035],[-0.564996869155953,52.74398769787565],[-0.5402533555781343,52.73740129392671],[-0.5409645142770811,52.72162282833405],[-0.5106691709654051,52.71909438465378],[-0.49215687226601446,52.710022334119245],[-0.4352408046958537,52.706852535260985],[-0.4268625850235518,52.7020241681803],[-0.42686663181745355,52.69581497945091],[-0.43357118063910655,52.68189629726685],[-0.4565146144600695,52.66826459606695],[-0.5050680670753268,52.65903373639756],[-0.5167869478536715,52.66569733032156],[-0.5227381975747207,52.66479805764597],[-0.5274169313502841,52.65641859743531],[-0.49215875047483754,52.64815559415103],[-0.48887795572426956,52.6439001174382],[-0.5025855000876196,52.64005324404698],[-0.5134362561784468,52.642092171587905],[-0.5390463427908752,52.62499947090952],[-0.5375696642265092,52.619598396675805],[-0.5478601540645567,52.612290669302745],[-0.5458974078284221,52.606090223488245],[-0.5496849124930894,52.599662169829124],[-0.5380314272815298,52.595248436072296],[-0.539273370575002,52.59306363053112],[-0.5543464684101621,52.593798211954216],[-0.5596298544455452,52.58574544187755],[-0.5683756628903011,52.585224622833714],[-0.5798687873757575,52.59500871743676],[-0.5825182575858332,52.5880337901425],[-0.5998080512255197,52.5880009375651],[-0.6356263841371982,52.57074200118607],[-0.6439800703306743,52.57350508273892],[-0.663337435494749,52.56598378907529],[-0.6861390224400112,52.54647091890425],[-0.6948934540027586,52.54471972772793],[-0.6999772082436156,52.53409374791397],[-0.7109554552016005,52.524964075910646],[-0.7221800357573164,52.526758504576094],[-0.7421776768687133,52.541579960286946],[-0.7369459713246227,52.54760164562574],[-0.7605303106768364,52.56829549893876],[-0.7652994861812648,52.58211454518822],[-0.7861606220648597,52.595616658999745],[-0.8147401178420451,52.593056161753104],[-0.8168732898768123,52.60872099165218],[-0.804638835864183,52.62007135208274],[-0.807810181136969,52.62737474350829],[-0.7997105671392899,52.637716112594816],[-0.8055330958888449,52.63891066805835],[-0.8071017282744504,52.645510893580436],[-0.7916736720062926,52.65879623375823],[-0.7883352345355182,52.66669384084487],[-0.7806442058808564,52.66883636025749],[-0.7845781078758365,52.694342195946945],[-0.7929073497670784,52.695908324407874],[-0.7946614935509978,52.702390003240666],[-0.8013590839143288,52.70261356951298],[-0.8001612375373142,52.70591301963543],[-0.820714797357032,52.7161904720248],[-0.8112049833451027,52.728819110614616],[-0.7757400249486935,52.743267278302795],[-0.7526303461336556,52.73719962540714],[-0.7291104154777053,52.73915387227768],[-0.6919978759325461,52.7462156000902],[-0.6930627222941739,52.7486788521356],[-0.6717227065440501,52.75760468876061],[-0.6062784184299627,52.75836344160978]]]}},{"type":"Feature","properties":{"name":"Shropshire","code":"H10200178"},"geometry":{"type":"Polygon","coordinates":[[[-2.372634648734234,52.99773811584582],[-2.37603047306292,52.9916957925032],[-2.3659971685093355,52.97887435453539],[-2.3776895411993175,52.975481030796544],[-2.3808730726272187,52.970288239709085],[-2.3755908832740253,52.9648501689008],[-2.3846566252086925,52.95781377837625],[-2.385710757644684,52.95246785228625],[-2.3931816199789604,52.949589219620606],[-2.4012389590667604,52.96098677446025],[-2.4135019416067527,52.960848103257476],[-2.404863502579042,52.953317521470105],[-2.4047914040847105,52.94704025213668],[-2.4248450032311673,52.94846266293665],[-2.4375113612919286,52.94242125863332],[-2.451986884229792,52.92348529169777],[-2.458319642100484,52.92293060030066],[-2.458130473764041,52.91333265233983],[-2.4639303568360726,52.90650579285381],[-2.4726877458221077,52.902807947948524],[-2.4724275836030394,52.89952269180315],[-2.4828754832315725,52.89951748882405],[-2.482032803683609,52.89647398804486],[-2.49682552446641,52.89173687402109],[-2.44734483773578,52.87216431715361],[-2.4438850550037303,52.87834336231216],[-2.377240312624975,52.89065829648499],[-2.3823634454435765,52.87749872435286],[-2.380837489177433,52.86562497386042],[-2.3872848771466333,52.860437125774936],[-2.395088472069508,52.83338145923969],[-2.409100650862832,52.832749897115974],[-2.41560869486949,52.825834639035584],[-2.3769025316440615,52.81220521563881],[-2.3711199526506443,52.79424595631842],[-2.3821580895631476,52.79085350251768],[-2.3754050723464313,52.78278717598127],[-2.3769619667006814,52.77747244669137],[-2.365445184805625,52.7763607687705],[-2.328831333355511,52.75760137282683],[-2.329339913026731,52.75141131787454],[-2.322249283863139,52.750838533799644],[-2.3106749794325525,52.74006266331387],[-2.3145452966355786,52.737659264212304],[-2.314852789383135,52.72784767295749],[-2.308632805117703,52.721482613198575],[-2.3015334566561894,52.721518015741445],[-2.29925344061222,52.72507651008483],[-2.2929084068760686,52.72326780741314],[-2.290732406457755,52.7166998559484],[-2.3150393190331116,52.71288837522451],[-2.319697023807211,52.708887693504295],[-2.3213745235569654,52.702295503508594],[-2.3179531818737353,52.695667615647956],[-2.306809394461706,52.6931503569469],[-2.301281875263512,52.68372427302529],[-2.288288712939617,52.68127373682755],[-2.246190905904238,52.682942296610676],[-2.23773065254771,52.67096396668695],[-2.235825445001595,52.66305507523398],[-2.244378553990201,52.65666920359207],[-2.232840685771833,52.65540085365666],[-2.2341747457351966,52.63788110780978],[-2.254733701981366,52.60934231500385],[-2.3056221398828582,52.60651992637153],[-2.3122755853941572,52.614150410503164],[-2.318762104651345,52.61456132339989],[-2.3221295217617532,52.609412543131256],[-2.3197085637115733,52.593481398214],[-2.2961856360252115,52.59236419100099],[-2.2931445522021097,52.58465477791197],[-2.2783632798085542,52.58444768809746],[-2.260026979386714,52.5697238061548],[-2.259474603269019,52.56309141935785],[-2.2798642209083693,52.55321706829405],[-2.2656061406539436,52.54941865479453],[-2.255499134137374,52.54162187858108],[-2.2666137373815562,52.53147384376146],[-2.2597232401546314,52.52688438849905],[-2.260577351962299,52.522605622358974],[-2.2866036289235407,52.51398380504728],[-2.3047970681929355,52.5003622216662],[-2.3112911748179825,52.49034618061679],[-2.2948704116233465,52.47510769733224],[-2.2867137822927823,52.455243456103766],[-2.306052406835333,52.44515532993038],[-2.312572815621926,52.437502866216775],[-2.3330226765461677,52.43572722026377],[-2.3626084979964928,52.43977247097491],[-2.362191326395149,52.42421994342542],[-2.3700704035793487,52.40303401808984],[-2.3369024767363804,52.3904637775257],[-2.334814139245743,52.385169967726945],[-2.3646759556876447,52.38822853520893],[-2.3874630173409037,52.38129294410543],[-2.4050225124598086,52.38272297050357],[-2.407425077122878,52.38628113445131],[-2.4151266798517157,52.37983236373636],[-2.4103540489447197,52.37470295806433],[-2.4128383226493084,52.36885646944434],[-2.4251885548777854,52.36536061024787],[-2.473520241882039,52.366149873409945],[-2.47371525177806,52.35910556021761],[-2.484252712385106,52.35960008055754],[-2.482995153049501,52.35635263323711],[-2.487397988000983,52.355194069535884],[-2.4802484466291004,52.35036832893545],[-2.4824130850917063,52.34390292275806],[-2.4761972931784797,52.33755499108388],[-2.478169830600958,52.332289076204205],[-2.511320003533552,52.32933794556139],[-2.5069073639516817,52.33313163007479],[-2.5125973413994633,52.33803235658453],[-2.538880237137389,52.34424726721409],[-2.5592550716805134,52.33340626525545],[-2.562549879484499,52.312992889543914],[-2.5745905167877194,52.31654581613006],[-2.5893663156561932,52.3122923122685],[-2.600010299235818,52.314471682365365],[-2.5964129244521397,52.31275203313192],[-2.607016263731151,52.30713431695841],[-2.6205922940395996,52.30632282257148],[-2.625360264266704,52.311546127064574],[-2.62559302058231,52.31995830913625],[-2.634895480950925,52.32273057278778],[-2.642797168978637,52.332840800146634],[-2.658823145970199,52.33409139551348],[-2.6553594634379105,52.33674597537532],[-2.665610939335852,52.34150355062064],[-2.6852319286178568,52.32358028191511],[-2.6866092411473166,52.31393714038761],[-2.6778143610962735,52.31207304035986],[-2.710211088448281,52.30779468895124],[-2.7223717394578673,52.31942639718794],[-2.7365441252368248,52.31855522480894],[-2.7462258552755383,52.32665282100697],[-2.764146427750721,52.333453223395594],[-2.7465939666660195,52.33490150405004],[-2.7377683229258367,52.340715943642465],[-2.7397416973793396,52.34889758345614],[-2.7320040680013093,52.353599375346036],[-2.741466120977023,52.35866687919984],[-2.7938025503853825,52.35725553399151],[-2.7913295785403216,52.373319239005646],[-2.805586187923674,52.37524233773045],[-2.8048634951570097,52.387536234278215],[-2.816536417595775,52.39065120710292],[-2.853863142612989,52.39410879150438],[-2.8627147633151044,52.38821472351343],[-2.887660071635153,52.384028565668316],[-2.885607618672696,52.37807084111254],[-2.8943671403001345,52.3740739362207],[-2.892803738592858,52.378140335270054],[-2.9040208336036994,52.38453902634209],[-2.9165943828200493,52.38498196035836],[-2.9194719862304153,52.383576051922255],[-2.9135202233339443,52.3818803892839],[-2.921706247801398,52.37651075491252],[-2.9017303828760883,52.36682650797838],[-2.9157072434740603,52.36827175206284],[-2.9359366764551895,52.36162732508603],[-2.928831998095245,52.35307823982035],[-2.9331786142832086,52.353147676597516],[-2.9330157881610934,52.34942507465341],[-2.958259396218218,52.3484405081842],[-2.977726357544252,52.35340873536615],[-3.040487326948031,52.34415626863726],[-3.0626471575226404,52.34892437754919],[-3.068913422172044,52.35597402854661],[-3.1000452017468967,52.36767946396904],[-3.1092859837940785,52.37661531358496],[-3.152999202388926,52.38768654685356],[-3.159101640644396,52.391698656819386],[-3.158279135813761,52.39896434944724],[-3.1790317301536333,52.40955332892661],[-3.2171598284786946,52.420389878361945],[-3.228558193690418,52.42959910659676],[-3.228929482709617,52.439360132476295],[-3.2359143648099313,52.44184881993193],[-3.2348287648111285,52.450317879119666],[-3.196707204014203,52.47607741845955],[-3.181526553484023,52.47361770211797],[-3.139613654650734,52.49225291049135],[-3.1177806755960606,52.49513445493074],[-3.1095866412413815,52.49983513581059],[-3.0274723616844437,52.50100178303044],[-3.031884052691512,52.50377009846823],[-3.030886255800885,52.522976696514895],[-3.0015393218868556,52.51953044387525],[-2.9998399648660548,52.531128126271405],[-3.002475404820866,52.53248431103916],[-2.9913436781770026,52.55177637878745],[-2.997502945610615,52.55348355527608],[-2.9954451679632044,52.561691615905225],[-3.0028598520440917,52.57131091681388],[-3.014485063798908,52.57470048404127],[-3.0374351397846255,52.57011053282783],[-3.05850881430358,52.55462057365086],[-3.091453145378978,52.54772348559305],[-3.0928650779993045,52.54476074050449],[-3.079722489436652,52.538750384203176],[-3.0864872832973127,52.533969435055376],[-3.1318520010268007,52.52736920992126],[-3.137418676864695,52.533877028685396],[-3.111166933418515,52.54124304708044],[-3.135186189315457,52.57334718444409],[-3.1378493809967005,52.58269282576753],[-3.135030559505022,52.58394606776041],[-3.1379321391105326,52.585389424063635],[-3.1166944058002333,52.586974571425344],[-3.1049352455063945,52.59570834816321],[-3.089603923360253,52.59921508746592],[-3.091969322554542,52.6092522584668],[-3.080164730882136,52.6216239578298],[-3.071848803700358,52.62550024095426],[-3.0721979063665352,52.62854313121456],[-3.057932313250282,52.6305395786222],[-3.068080573920154,52.63755914458674],[-3.080610581802257,52.63981779463349],[-3.079831853066087,52.642237340892514],[-3.052343457458491,52.6469409097514],[-3.0494235971586736,52.65308387548624],[-3.043118823005736,52.65512068225045],[-3.048056757863979,52.6576356528906],[-3.0393743336054886,52.673114464689334],[-3.0438212202992863,52.67450019452876],[-3.040771385693584,52.686171886338215],[-3.04331050807878,52.68944114605755],[-3.0324992096338073,52.69211483821347],[-3.030432017478622,52.69843359500893],[-3.0202571657058663,52.704607411635195],[-3.0227179416509733,52.714852289312056],[-3.0175412064674423,52.72187526420187],[-2.997297295256738,52.71874558586633],[-2.974888139668745,52.72528294883086],[-2.9758386429846237,52.71394086521448],[-2.9663037767996836,52.712752909392556],[-2.9594100687486278,52.71476611543701],[-2.9587430300349102,52.72057490693959],[-2.9684740609895526,52.734100014700225],[-2.986602021639023,52.73221055610788],[-2.993652300637797,52.735042855652445],[-2.989413783753053,52.73727658558443],[-2.989752190064268,52.742671996379855],[-3.0195638183948286,52.75139078371042],[-3.0090837945813114,52.75820142743421],[-3.0155700006989723,52.76692321269171],[-3.0341169992373245,52.76349926719786],[-3.037498873511439,52.76999380696795],[-3.0439271521968445,52.76742275437513],[-3.053967521064593,52.77405248050105],[-3.0618425011175763,52.768655385940086],[-3.066755545858025,52.77461953174707],[-3.0721797174730057,52.770348526755036],[-3.078561377460494,52.77204392277267],[-3.0807292808029674,52.77828107684094],[-3.0868098249415965,52.778282288585],[-3.0862344323172746,52.795553036366286],[-3.1050765022813023,52.792845010881386],[-3.115228212420668,52.78498181510222],[-3.158858373251551,52.79581119307277],[-3.1610545658754794,52.79946452323383],[-3.153129162782151,52.805173262166264],[-3.155426804841212,52.808385708147455],[-3.1626279136917796,52.804156195489135],[-3.1666084975805067,52.807581480164984],[-3.16474891032636,52.82278272994237],[-3.153869180431123,52.831963693260334],[-3.1521710553338647,52.84005631389647],[-3.159997176127282,52.84641705961149],[-3.158482243524027,52.84951293606851],[-3.1290431280581,52.86644011194469],[-3.1512328001137937,52.87867664629672],[-3.1456316681583147,52.884112697129375],[-3.1350538538336044,52.88481412086316],[-3.1461480727196753,52.889427504126594],[-3.137246186014368,52.89397057448563],[-3.11344278114114,52.89396879538116],[-3.115736943708689,52.89995820356413],[-3.1083332177656327,52.91685157465213],[-3.095415720754349,52.92845597888758],[-3.064386851129091,52.925728050453614],[-3.059378538714851,52.929090675942376],[-3.0360561003627575,52.929235072710625],[-3.008289641247531,52.95485098511965],[-2.9802422821582994,52.959312619141315],[-2.974008710077445,52.96892764398503],[-2.9666414886908523,52.96422275341354],[-2.9696134429605743,52.95872775056907],[-2.9261369333668124,52.93885204053217],[-2.9223074434317846,52.942865512689366],[-2.904317594623836,52.943117835054984],[-2.8902340543442095,52.951190957594484],[-2.873198185699341,52.94581847568467],[-2.8445293434706835,52.944350320184114],[-2.8373927836873847,52.94028538728094],[-2.8303230938587296,52.9275933807759],[-2.8101325421510386,52.91424547478406],[-2.8096046567126813,52.90871845154006],[-2.797660464212114,52.894463168017225],[-2.7550870110191052,52.92237646215528],[-2.7270193998333943,52.923820862803105],[-2.723446630887234,52.95735617363223],[-2.7253838609458363,52.96633174947772],[-2.732100245015119,52.9690076627069],[-2.7301552290977162,52.97846578621941],[-2.722710425172103,52.98482537501181],[-2.7059548616355515,52.98669603342243],[-2.694292894677334,52.99551574638363],[-2.6716250145469886,52.98571941328425],[-2.644941419719399,52.9964954714168],[-2.624645464945919,52.99595314089958],[-2.620431104914563,52.986586443102325],[-2.6042531945758176,52.9884394598279],[-2.6005882379774983,52.978576479301985],[-2.593029845412463,52.978946503378204],[-2.5973039384825247,52.97527388672093],[-2.5941582912092547,52.97498594236278],[-2.597829112755205,52.96280634012075],[-2.5869155403715576,52.954464526938104],[-2.561150105628269,52.96362149880523],[-2.531819969204367,52.94528726050852],[-2.523680806146325,52.95594330581944],[-2.5191701632563204,52.97316645049562],[-2.508512363539591,52.96465341070531],[-2.493859040948362,52.96768257099917],[-2.4795653404228295,52.958438879482976],[-2.4421827558631657,52.97016282116121],[-2.433456406137189,52.968670815534225],[-2.4299852422094954,52.987798526959764],[-2.4086752853980022,52.98854008540414],[-2.3992819138944994,52.99667674458942],[-2.372634648734234,52.99773811584582]]]}},{"type":"Feature","properties":{"name":"West Suffolk","code":"H10200183"},"geometry":{"type":"MultiPolygon","coordinates":[[[[0.4311912810045258,52.252727420087346],[0.4204711130837735,52.24682529696398],[0.423854654968645,52.23740047510127],[0.41622470482802176,52.23873595643457],[0.39908873806062417,52.230384864858394],[0.38796681710162173,52.23347460700155],[0.38210445790187875,52.2305224618741],[0.342266381711878,52.26710730013998],[0.35757727902893144,52.277985516742696],[0.35476635907348414,52.281503176172244],[0.3640742040356415,52.28970273617208],[0.36376349214454773,52.295813104396075],[0.3807175396068147,52.291860768398465],[0.37469574114057547,52.28632278775939],[0.39889064942688107,52.2795674683187],[0.4311912810045258,52.252727420087346]]],[[[0.4311912810045258,52.252727420087346],[0.45938133705234074,52.26362613056341],[0.504463286126364,52.27101462821675],[0.5037686353836512,52.27791949369344],[0.5114812558918217,52.284905434665475],[0.4690956211252364,52.30615598648961],[0.4635077104765447,52.31418238796084],[0.43395268450308216,52.316350949881944],[0.4282826802612871,52.32740410128235],[0.4386152151205092,52.331100993405535],[0.4451761324396402,52.34523345765535],[0.43123470871360486,52.35199924648302],[0.4247948633336071,52.350998489286596],[0.4205103039128322,52.357668862605934],[0.4100682310884456,52.36152464443821],[0.3769340531886958,52.40871326779824],[0.42491729081425944,52.428696065124136],[0.4275047251982427,52.43931612679191],[0.450033902879485,52.44871539590928],[0.5243327647477056,52.449048538368125],[0.5313194294158022,52.4544457489816],[0.5428879600478035,52.45079854466485],[0.5586364277899586,52.456747028237345],[0.5728094043391448,52.45235051698518],[0.594402889327611,52.45479550843657],[0.6159704686698327,52.44962390488149],[0.622505719183235,52.45406069928552],[0.6416930527487855,52.45104865911683],[0.6691180638928647,52.462591825150284],[0.6818081876867907,52.45383828558197],[0.7188024767122719,52.44913992178033],[0.669179983459806,52.41154992280871],[0.6684017285979533,52.407978209941746],[0.6865441552087369,52.39881203892554],[0.7163664395305189,52.394143916530545],[0.7375602883746811,52.396378940704054],[0.7410835535234663,52.3945594794528],[0.7396144303872701,52.389001125567034],[0.7489519974752796,52.38175020988392],[0.763793992279429,52.3907054291008],[0.7840381639852737,52.38696358320474],[0.7957014539371184,52.39219826092421],[0.8102723558369056,52.39091461295346],[0.8374301699157937,52.40162051149161],[0.8554016723992962,52.40056605778106],[0.8672152599421199,52.391452294172424],[0.8904621650564646,52.3924177921456],[0.9064973885292799,52.3875460916135],[0.9321455621573104,52.38942096083056],[0.9576839309165204,52.373150583251906],[0.9895815614536037,52.37251630208888],[0.9880023042621249,52.35786353745111],[1.0045502281443628,52.34163240226248],[0.9922461302850291,52.336159582155325],[0.9910199392646524,52.33008210009661],[0.9836617819828509,52.326005846933676],[0.9842296414402276,52.31777573344915],[0.9989518397105278,52.30382529764921],[0.9931098081269888,52.29772982802797],[0.9723635961364108,52.291702947693665],[0.9613824886976137,52.26896760681806],[0.9606459758895792,52.257274327083294],[0.9448781594716873,52.24996845092592],[0.9199608142507961,52.22501203887051],[0.9288696919282847,52.22030450230601],[0.927149974211213,52.21098620788294],[0.9213603051884988,52.206820797066605],[0.9247095532145828,52.19576902829503],[0.8983536471033945,52.18123578437726],[0.8941743440468664,52.15073934788066],[0.9189790791351754,52.155387081133284],[0.9281084491585458,52.15212824655343],[0.9384865378649494,52.15606598813609],[0.9383477917387553,52.150645808568534],[0.9489423133541556,52.144511183093464],[0.9462732909043231,52.14442826791222],[0.9491352909509988,52.13649776980968],[0.945460797821531,52.12777720742514],[0.9539748899457156,52.120260541050044],[0.9511986285747134,52.11864406894522],[0.9542473643106008,52.10800938194871],[0.9609614338752748,52.10357362356629],[0.97358736808231,52.105912219224116],[0.9763971217006188,52.100413327413015],[0.9731241101961079,52.09512496502928],[1.005329970241179,52.097866307211255],[1.0196680813558476,52.088397024295105],[1.028397712635668,52.0715006746696],[1.0150020951353884,52.07081042376545],[1.00033359536571,52.06048057628272],[1.0160349759450773,52.03640668059796],[1.011757678303048,52.03313529608513],[0.9879774859281719,52.02698907385214],[0.9717778952600975,52.02718789954184],[0.9759288878806479,52.02090217069972],[0.9638250913528978,52.014949527181784],[0.963205152512441,52.0105066078121],[0.9552830046822643,52.009068617541416],[0.9401760403159412,52.00761921724177],[0.9314000040003121,52.01565565711094],[0.9187995864285721,52.01971387049878],[0.9202710969060299,52.00384317227333],[0.9514750751317695,51.99578494593183],[0.9477724609908117,51.99282448870337],[0.9624213070842469,51.97693046688427],[0.9542947128771134,51.97139660653245],[0.9320215808393303,51.96952292194783],[0.9245130173353524,51.975562176986976],[0.8900172988671113,51.97245740223208],[0.8884340197855902,51.964883384787896],[0.877115988567636,51.97027167174987],[0.8588609676755519,51.95954137438715],[0.8313990954488777,51.967468428775824],[0.8176513949270309,51.966922172836895],[0.8132235469726644,51.9604399967568],[0.7875742875600681,51.966488092037544],[0.7673162003796684,51.98618454086055],[0.7614997355712526,51.99734574845817],[0.7502442772243593,51.999392383584315],[0.750347473685319,52.004876319153155],[0.7410011789492305,52.009970170145465],[0.7434125462072105,52.02222089172138],[0.7396038584272545,52.031641195030765],[0.7055679948302186,52.01952218583712],[0.7149517429739704,52.0266944402941],[0.7104187213674857,52.02952143432415],[0.7145265424141275,52.03447588660315],[0.6998095861911644,52.03795529873494],[0.7007884868376424,52.048019736799006],[0.7169023002155932,52.04856211901764],[0.7041434112755401,52.06458729948083],[0.7112318613696731,52.0667386322863],[0.7114693223959082,52.07201073016174],[0.7051987481354755,52.07333707131885],[0.7072713592910017,52.076019857043306],[0.7024988146575155,52.07839918751455],[0.6928474996618031,52.07823740831295],[0.6853029735238937,52.08584123476094],[0.6813935600190582,52.0828690855976],[0.6355878997465328,52.085820196583306],[0.6343685810562465,52.08106171232083],[0.6221091874584667,52.0766156687322],[0.6073080038370691,52.08052307052944],[0.5798278470938086,52.073915150599014],[0.5754107094972575,52.0692069831025],[0.5530888920584861,52.068882200328446],[0.5545285134700637,52.062593539549624],[0.546282965525351,52.05757224907743],[0.5127747142278946,52.05945193003162],[0.5088069654622884,52.05328641271154],[0.48961594779549433,52.06260345501216],[0.49246039473184194,52.067498696084684],[0.4898293771516641,52.06952044546011],[0.47316407560777174,52.072820170486494],[0.4693062585513939,52.07785646700118],[0.46048964131141684,52.07612641422737],[0.4552199939978639,52.06850547677445],[0.44145601325386225,52.07319237895145],[0.42093149822634957,52.06511138568532],[0.4066181837411677,52.065939794597334],[0.408140280219847,52.07007299413571],[0.4023195310954406,52.07429247865019],[0.4038556665282895,52.08271114865991],[0.39179007101477387,52.088179556942045],[0.39649505785108513,52.09569064698815],[0.38764392480457505,52.09829745366608],[0.3833949252709278,52.104672873919554],[0.39057216098204806,52.117087884955914],[0.3983528483051052,52.11913531575912],[0.3981485244666361,52.122727173556555],[0.40856957404155886,52.12358517784965],[0.4102141753717213,52.13452882542141],[0.4181008754835006,52.13340105518115],[0.4195083132030335,52.15828330539573],[0.43380675714685013,52.15907229419282],[0.43567387243605504,52.16440875609856],[0.4414229450031642,52.164536607463376],[0.4487990776213468,52.17236931372958],[0.4611419330231916,52.17059775750621],[0.4698443340806623,52.16421768311407],[0.4753445269952274,52.16710477595955],[0.488527171259696,52.1646356451672],[0.49014292904874773,52.16718311053964],[0.48517743618008363,52.169134232873844],[0.49541735827553607,52.18929065252266],[0.504190685720207,52.19667304660111],[0.5066524760389648,52.20649245448309],[0.5177902070668193,52.214440072937215],[0.5182695902585946,52.22669495470532],[0.5026793114600988,52.236632671409495],[0.49444651273517026,52.23600885799887],[0.48849638786769656,52.23075556072618],[0.4624579344394907,52.24495400429701],[0.44850219936859015,52.24149025369256],[0.4311912810045258,52.252727420087346]]]]}},{"type":"Feature","properties":{"name":"West Sussex","code":"H10200186"},"geometry":{"type":"MultiPolygon","coordinates":[[[[-0.909552381029349,50.799549054611795],[-0.9060916498113915,50.79836364226125],[-0.910479106243499,50.8011972855986],[-0.909552381029349,50.799549054611795]]],[[[-0.8869122133012299,50.81028532622006],[-0.8873276798317216,50.81036482935079],[-0.8819129960735114,50.811756601540885],[-0.8869122133012299,50.81028532622006]]],[[[-0.9218234463482305,50.83003814471046],[-0.9087095711487401,50.82299364526049],[-0.9067178001085618,50.814708727650114],[-0.9117181449207423,50.803334120429945],[-0.9405136918693817,50.81466889100141],[-0.9371606348492135,50.83029578847704],[-0.9218234463482305,50.83003814471046]]],[[[-0.5276108474307873,50.86497412837158],[-0.536645476499612,50.864978041767905],[-0.5344297959303691,50.8724099319151],[-0.5244826513825366,50.868262429570386],[-0.5276108474307873,50.86497412837158]]],[[[-0.5427866451573711,50.895783065776634],[-0.5423074209302428,50.89641925576424],[-0.5421176298863314,50.896120981890355],[-0.5427866451573711,50.895783065776634]]],[[[-0.1856388551068796,51.13582781314483],[-0.18122975265377103,51.13518425552313],[-0.18001953130050763,51.12840205053725],[-0.18668424288907673,51.11539271806106],[-0.1817591445275737,51.10810453050074],[-0.20265548190490995,51.10432204428454],[-0.21218038696101435,51.092621402773645],[-0.21128258106099942,51.065384991850344],[-0.22306492131715241,51.0595615423935],[-0.21840608741425077,51.052446820699956],[-0.22663438439011077,51.042202419391195],[-0.21761506030478048,51.0383679615838],[-0.2447253077246356,51.033980036863014],[-0.24783873107953033,51.02576069579591],[-0.23650108178692433,51.02150789511562],[-0.24461360747418776,51.0127284894128],[-0.2313229153788618,51.01056588411416],[-0.23153001422318809,50.99775381907449],[-0.23864232888787923,50.986087219824185],[-0.2267143154392736,50.98869618404456],[-0.23683297749361037,50.975430267072376],[-0.2405053616701618,50.955160019026195],[-0.23790726136876433,50.949787827262945],[-0.22403391656463806,50.94765349573916],[-0.22747695375083762,50.93232719137409],[-0.22254100420993025,50.92844560033889],[-0.22793024112228427,50.92510591442114],[-0.2227870014505711,50.92556225352164],[-0.21835989047935145,50.910437624627306],[-0.23149019880135924,50.91097536040071],[-0.24164892447023809,50.906588195397276],[-0.24392504927333475,50.876246099135614],[-0.23644515564825475,50.86676070699484],[-0.24287139093026813,50.86321515447972],[-0.21537687173148848,50.82714416271252],[-0.27641594326034774,50.83123501618308],[-0.2934457922219231,50.85319857962851],[-0.29106555186187555,50.857675286910386],[-0.2990404873247779,50.86032910622369],[-0.29654346390345937,50.86688279719838],[-0.30794880884618414,50.888096206725066],[-0.3002137875388896,50.898824573168376],[-0.29054237925153004,50.90002346874945],[-0.29065170178875577,50.905232736310104],[-0.30828569462704813,50.925924482458974],[-0.30738993881427706,50.93111643647046],[-0.29155633252211566,50.94664092797009],[-0.27241377285653284,50.954095165948175],[-0.2905331688832903,50.94740304955397],[-0.301352359128569,50.93795337141845],[-0.307336312399864,50.945881398076835],[-0.319533906836633,50.94724841521132],[-0.30880548263092433,50.9465620603793],[-0.30027743611061514,50.93706079425435],[-0.3079844437062441,50.93077518034064],[-0.3077663794210106,50.925097584797705],[-0.29234033991849245,50.9084162286073],[-0.29066187602657584,50.90079962338859],[-0.30232769992905484,50.89791453302051],[-0.30705187242495974,50.884557453484646],[-0.2969288181852223,50.86699455457478],[-0.30071526299563034,50.860857188367696],[-0.29302009397662837,50.85898198722527],[-0.2866609198567377,50.83741843607201],[-0.27877245585342164,50.830801202841954],[-0.2838743367863762,50.829782653125584],[-0.24799632893025242,50.82741988215433],[-0.2890135679874951,50.82474575294585],[-0.38644374064802206,50.80611819744359],[-0.5394862505007731,50.80146925507865],[-0.5475491484047217,50.80934628033665],[-0.5585608528873588,50.8123322134506],[-0.5615157431196707,50.81882647389694],[-0.5711576351606366,50.81762103164549],[-0.5730449276646692,50.824780960815445],[-0.5646823974006803,50.82932293591724],[-0.5687401419685486,50.834974311762316],[-0.5632757243433002,50.836423555655024],[-0.5585303995243013,50.85107846048884],[-0.5388176005550138,50.85368800175966],[-0.5388389365388906,50.858415562645966],[-0.5439191395080349,50.85914462570541],[-0.5429381377368169,50.86522317030865],[-0.5313009257177721,50.86364453331001],[-0.523819273413714,50.8668104894162],[-0.5392110903746556,50.87438020766733],[-0.5385783318454425,50.88111153417885],[-0.5497772147308397,50.880287063033414],[-0.5585728286290591,50.886104536955294],[-0.5417601089699566,50.89718590599653],[-0.5532223992727497,50.90262331625081],[-0.5503084502592364,50.9117655480581],[-0.5359849777765229,50.91531119951532],[-0.5460263986373729,50.92358436760364],[-0.5457056127735679,50.92866914088741],[-0.5282194038378398,50.93736218969187],[-0.5099618232108988,50.935509903388024],[-0.5100207193210575,50.942662679070885],[-0.5026862897696208,50.944214757911894],[-0.5003933456792419,50.95109901233304],[-0.4842689830810849,50.95155368280893],[-0.4989638120932603,50.95087737205152],[-0.5069530238569709,50.95598765093133],[-0.5325264189690682,50.953692781111094],[-0.5260318782518565,50.96273804909042],[-0.528051917201394,50.97686961481315],[-0.5215318308188741,50.981563045049995],[-0.5282104985816607,50.976810454597924],[-0.5294521350608736,50.96663866902926],[-0.5262479081610278,50.96243678011461],[-0.5338583371229004,50.95539497794307],[-0.5270739246295579,50.9518990922427],[-0.5052588792436176,50.95579689128369],[-0.5020670317688056,50.94496680774801],[-0.5118533156642053,50.941846910597754],[-0.5121492197720637,50.93507460704511],[-0.5270582277628822,50.93784671311739],[-0.5448020903647056,50.92939271812811],[-0.546881473540999,50.92477682308984],[-0.5362379521325967,50.91654206967849],[-0.5493391104058393,50.913154771733794],[-0.5543649678315481,50.90357464757491],[-0.5437570604762716,50.89558471631557],[-0.5593716396324736,50.88777289827078],[-0.5541522699523015,50.88137296069673],[-0.5385896679268195,50.88074921573577],[-0.5403293929308679,50.87585033841315],[-0.5348770237793614,50.86852830024145],[-0.5436871293080426,50.865314365655834],[-0.545419411460283,50.86016077964867],[-0.538205901851431,50.8577555630474],[-0.539737443381994,50.852943113249495],[-0.5598733923932957,50.8505140255685],[-0.5641357349604292,50.843666283713034],[-0.5627666747989936,50.838291656122166],[-0.5694969136879845,50.834843284907684],[-0.5656173765212276,50.82884245710379],[-0.5741627679875309,50.82686866877095],[-0.5704279984575823,50.815338387666],[-0.5604480429147551,50.817671948816916],[-0.5595530970255181,50.8124730861118],[-0.5449888228506667,50.80681669622893],[-0.5405005178102895,50.799664228935434],[-0.6981611401930885,50.77752430861721],[-0.7295072217045102,50.76981759943978],[-0.7509639631687598,50.757605184180896],[-0.7487548600701812,50.763291838670405],[-0.7565613007086331,50.771809063156304],[-0.7652024542141588,50.77211673017931],[-0.7605833939213904,50.76940999195523],[-0.7652449472552505,50.76748614476885],[-0.7784886510217336,50.76829745805474],[-0.7841234968278511,50.759589136010874],[-0.7674922307304244,50.75968418876221],[-0.761089734177763,50.751528875852046],[-0.7527567615437059,50.75667909559765],[-0.7655161463412337,50.738640537391646],[-0.7860718711202153,50.721880000809605],[-0.8428061918456227,50.75361050443913],[-0.9142503228412513,50.779198261137765],[-0.9110512692006831,50.787524341516445],[-0.9078761528087971,50.78512599794367],[-0.9133504924516277,50.780625304965284],[-0.9030345743265253,50.78212516557204],[-0.8999828215205257,50.78902625415716],[-0.8926903671306751,50.790560864332335],[-0.8893615824657926,50.79912294515989],[-0.8763198388293137,50.80714293792075],[-0.8431350362146933,50.799320320101764],[-0.8236454955796666,50.804393162840356],[-0.8233574672038309,50.809361216855635],[-0.8133972723117155,50.813431736826644],[-0.8067761784708575,50.82980602405869],[-0.8113158665013585,50.829936005651014],[-0.8100400756899404,50.83235765732152],[-0.8163650806022685,50.82749601921384],[-0.8213836697079766,50.813562152606714],[-0.8430947797586112,50.80428367272944],[-0.8556301661333112,50.807259292837486],[-0.8489181631199838,50.80977901445569],[-0.8510441203310651,50.81130285776434],[-0.8661483081494873,50.812239401611606],[-0.8686220636452532,50.81672798823275],[-0.85182339534942,50.826994125004916],[-0.8595951063071698,50.827408516577066],[-0.8600972069498852,50.83851008803461],[-0.868471474223702,50.83958092258859],[-0.8724843260921553,50.832147650788905],[-0.8646789907283492,50.82804809604223],[-0.8763403854687509,50.810961045097784],[-0.8909309165153627,50.818196852354454],[-0.8939021545176262,50.827044474297296],[-0.8910701948772987,50.834192883662496],[-0.8946125631712923,50.838209894738874],[-0.9128721194048116,50.838304094625784],[-0.9138263755133758,50.82766874816061],[-0.9313319920825555,50.83740434207465],[-0.9204506245485754,50.8337749992537],[-0.9349272316396415,50.83021246609024],[-0.9315200511021496,50.84216740268995],[-0.9291152608510488,50.841107478441025],[-0.9310069951994755,50.85503296270326],[-0.9243264383627154,50.86322424463006],[-0.9546042089638447,50.89129075960695],[-0.9398520810528643,50.918528539370854],[-0.9241162782152063,50.92504072390335],[-0.9342919650356978,50.943574563580015],[-0.9400365844918345,50.94419921039913],[-0.9310773025969913,50.94830930453846],[-0.9264565098366316,50.9556442608404],[-0.9291400870914042,50.959598849020686],[-0.9140710153621543,50.97035321236859],[-0.915448949694009,50.979227639856504],[-0.9052843010953704,50.99448692395163],[-0.8896074744196965,51.00392111512863],[-0.8947125394000044,51.0096649398857],[-0.895050797311228,51.02128246086485],[-0.8488547273454742,51.045933471213566],[-0.8466382290923874,51.05931281912392],[-0.8396264605941606,51.06739636287761],[-0.827014618008999,51.06884308747814],[-0.8181318919689226,51.06222645062741],[-0.8125841766296448,51.067239298408914],[-0.7937024976152786,51.06562869128873],[-0.7839840172547123,51.068781559868526],[-0.77962163951319,51.080711971559566],[-0.7578617780557483,51.087380997393495],[-0.7321977478399129,51.08511213383761],[-0.7257950061158163,51.07854223975777],[-0.6963367865291887,51.07183852264495],[-0.6222507686766523,51.08797402097303],[-0.6049947096238475,51.078314870822375],[-0.580927192931566,51.085099003676525],[-0.5342070759088609,51.08249579122212],[-0.5304091553193507,51.086162529279264],[-0.5342897729622207,51.093008003231716],[-0.5089417716744788,51.0867193559495],[-0.4831759594183875,51.09738065676069],[-0.461304289891227,51.10054014603717],[-0.44176981864074155,51.09772307361052],[-0.3995176031554171,51.10739327457244],[-0.3931720882646551,51.113854316246766],[-0.3586622164128671,51.1200365674338],[-0.35390486410830674,51.11651561269787],[-0.324895970232117,51.124294489782805],[-0.2953353636465989,51.12503756495711],[-0.24169780396681886,51.141372365777116],[-0.1856388551068796,51.13582781314483]]]]}},{"type":"Feature","properties":{"name":"Westmorland","code":"H10200188"},"geometry":{"type":"Polygon","coordinates":[[[-2.4010879239961493,54.70400372490372],[-2.347841844277891,54.693921081341514],[-2.3486772511496516,54.686618955748614],[-2.3189425176722747,54.668067575106285],[-2.304861552125647,54.66896383681973],[-2.288823828707431,54.66271506943163],[-2.2848147324522836,54.65042311743896],[-2.3229245426304383,54.63131664253469],[-2.308080927827765,54.61250531744351],[-2.3029596549973608,54.59817504010842],[-2.2668926497875774,54.5814270664056],[-2.2466572653542523,54.566647295970846],[-2.2072963694943395,54.55164477088613],[-2.208702952225456,54.54369282721485],[-2.1973106601449,54.53312697919266],[-2.1802240719847252,54.536132015859174],[-2.1700863398548433,54.531191819143],[-2.174854452424264,54.52483982071162],[-2.1611511792166884,54.50604763463222],[-2.164243510479148,54.49267357979571],[-2.1583681587979675,54.47108971377109],[-2.1682193168212596,54.45952651045457],[-2.1760623220336432,54.46211681396565],[-2.1917037112172975,54.449583064302445],[-2.2206487675224524,54.45350190781321],[-2.230416193849767,54.459482642002655],[-2.2704162230902485,54.44913483467165],[-2.273257324529092,54.44779764729564],[-2.2661513536422544,54.44382308216931],[-2.270964999511241,54.44121876101607],[-2.289556836075788,54.439137871469555],[-2.2886157598057566,54.4336571043846],[-2.299893027911078,54.427266903702716],[-2.306926228294213,54.416744375155545],[-2.3050075021537055,54.40065428618635],[-2.289968598334062,54.39065099875762],[-2.2932763249939296,54.38271488406619],[-2.317410970573996,54.376971915187845],[-2.331697222437753,54.36671814149374],[-2.3643432139201748,54.35647519949952],[-2.3777824801063403,54.36647261830888],[-2.379346010234479,54.3724451622659],[-2.4046779615611977,54.372152249606685],[-2.4197201178504164,54.367946082458765],[-2.4420242229615394,54.377859713991946],[-2.4665973857833077,54.372850402383655],[-2.480616149502868,54.37833020494322],[-2.512031387223759,54.368512839756974],[-2.530432718119749,54.38095911208313],[-2.5274999667901183,54.38400943021044],[-2.535959795835078,54.39485133361933],[-2.5502409605891896,54.3875296517723],[-2.5766227783451243,54.39167401837043],[-2.5809410504329695,54.3880175641727],[-2.5747445245760194,54.38091838712715],[-2.578697315202025,54.37272521612098],[-2.576436460814063,54.3663933794507],[-2.5867543585982165,54.35808312614705],[-2.5716582479976866,54.350792440675505],[-2.5662114541448067,54.32701951059212],[-2.5793880511441465,54.31415807474615],[-2.5812872033848766,54.303152199733574],[-2.5733298253202723,54.300424944197154],[-2.568183703909362,54.30606254705554],[-2.5695896421228066,54.31044843078018],[-2.554392613735758,54.31377666709705],[-2.5539853895590383,54.31014077352765],[-2.5353693789005454,54.29760991107191],[-2.502564610779363,54.28311402535692],[-2.5016199687281984,54.276404746528094],[-2.519880450106019,54.262241143669534],[-2.471450097318796,54.244268725195155],[-2.4582589637004535,54.24455666217998],[-2.4580473792141198,54.240652833389596],[-2.4775774467038882,54.2278608998051],[-2.52273844157482,54.21430338153876],[-2.553268127988975,54.198281533162096],[-2.5890271087087937,54.194044971640295],[-2.6228831640805987,54.195390106008624],[-2.6349371968376536,54.199824846632225],[-2.6416184700709637,54.197280230160025],[-2.6496366370345625,54.18494590632693],[-2.672397135317777,54.172891967543706],[-2.6728629868471363,54.16191731030036],[-2.6769745009455015,54.160648495044214],[-2.688413238485005,54.164928267431705],[-2.70081214482913,54.16296688639122],[-2.7342385826458693,54.16851487659296],[-2.734372211447039,54.18432935850756],[-2.7483378758850416,54.18838746759484],[-2.765985375671914,54.185232754858916],[-2.795215669896308,54.19680785614111],[-2.8125779629013947,54.189805812413226],[-2.814164581273945,54.18140806488993],[-2.833181915328376,54.17377860285562],[-2.866339437336221,54.17539747673049],[-2.8676745813416993,54.17947427208281],[-2.856962233975282,54.178382424338054],[-2.862442755662624,54.182698361204466],[-2.861833727353705,54.19232068139199],[-2.8308341808035733,54.20457614326671],[-2.8201879795907967,54.20307606373629],[-2.8255929734753624,54.20301667678645],[-2.806245487040701,54.218546195692646],[-2.7857159701839724,54.22664753385942],[-2.798655853895989,54.2453873622333],[-2.8095890246989956,54.24409558120699],[-2.8128728168788486,54.24765724788859],[-2.79380209223834,54.25246380518217],[-2.8032863629965585,54.250444161364804],[-2.811927751740966,54.2558846074504],[-2.811071712272696,54.26029568667006],[-2.812669520996992,54.256444993352936],[-2.807225060571075,54.25169783091323],[-2.8140228618990304,54.24744454680913],[-2.80881182982994,54.24257363045258],[-2.8009856519893215,54.24498989656459],[-2.80231277303274,54.23246799770065],[-2.7938160214808483,54.22776657269194],[-2.7958517800180527,54.226009340912306],[-2.8293696440543954,54.2195667825963],[-2.8408808144324458,54.205734303709185],[-2.877584656938009,54.2038084622946],[-2.885706217200072,54.21194142343597],[-2.8850685748919775,54.216434854423035],[-2.872155618201193,54.22105819241814],[-2.872930905378779,54.22397559377082],[-2.883833393293525,54.23413988153521],[-2.8847812636994674,54.24509603933625],[-2.89346801759035,54.248437834741296],[-2.884165162823487,54.27412325856586],[-2.887102869246819,54.27912211712532],[-2.8808845942654355,54.286407756215176],[-2.9020672861248658,54.302093905495155],[-2.905231608396107,54.30873497386839],[-2.8987722878585678,54.33644871508493],[-2.9021031952853407,54.337578609347375],[-2.909987921104601,54.3355879917715],[-2.9159198405934004,54.33854473457385],[-2.9441298698393314,54.31761869426209],[-2.9522470024726584,54.27529161896127],[-2.9691684385315753,54.268062744959295],[-2.953850518476356,54.276721630513165],[-2.9540886781748936,54.29143337414194],[-2.9603545874603867,54.299924283114194],[-2.95840204891575,54.31049867189332],[-2.953574032758705,54.32374909773614],[-2.9447699179184337,54.32984606539788],[-2.948962277360894,54.33554340310777],[-2.9462026058014477,54.342970551450826],[-2.937108430530336,54.35133908959548],[-2.9413722017942394,54.354303315636095],[-2.9435767216613224,54.38378820252558],[-2.961208616660178,54.39639542394869],[-2.959410186922267,54.40374126577777],[-2.964398829071158,54.4082991560019],[-2.9789085403754965,54.409581823527375],[-2.968049811421124,54.42101395901763],[-3.016084258987212,54.421588530574525],[-3.025900322785579,54.428635719519086],[-3.032116647679912,54.41749876639357],[-3.0749338389972403,54.41914099732901],[-3.1158100703307965,54.41471783721342],[-3.118867306310199,54.423151512834416],[-3.1557672403224335,54.43113544721828],[-3.1521704915338775,54.44273987378488],[-3.1661162176630664,54.45209190588556],[-3.1326351528813268,54.46981340830682],[-3.13084803104624,54.46597151490293],[-3.114282622755676,54.460741512431674],[-3.111157322183541,54.462023632252546],[-3.113593634147992,54.46816455197979],[-3.107555482558291,54.47312722408504],[-3.095362584242864,54.47251700841638],[-3.091357785522514,54.47900840240934],[-3.0729328252730843,54.48999072799246],[-3.052051572049055,54.491049780858056],[-3.0441505434341787,54.4962001280058],[-3.012165020197255,54.50125650200427],[-3.015687822290997,54.52453276454583],[-3.0244666353029634,54.53462655210965],[-3.0232946659826903,54.543037791403904],[-3.016682531894996,54.54771383929317],[-3.0157981080505114,54.56174476773924],[-2.942117746901332,54.56007527731939],[-2.9167256361928624,54.57049669211169],[-2.8784269649035594,54.57902855032173],[-2.862161127759441,54.57737428267811],[-2.8499876671498776,54.592198165099184],[-2.8228107608633057,54.61080821321544],[-2.8076185356450347,54.632983247417],[-2.7997713203560406,54.6380315540099],[-2.7782291735158506,54.64398938654987],[-2.770443106292965,54.63841153749506],[-2.765538521929652,54.64211143315076],[-2.765953900179634,54.64707580705072],[-2.759027297498035,54.64990681215452],[-2.7512345931369055,54.646592756014314],[-2.7483229878743547,54.650928385739356],[-2.731916996926853,54.651853831168644],[-2.7275116286579175,54.65726247760539],[-2.7119354922328123,54.65528104249927],[-2.6979652662740072,54.661694344636246],[-2.681036725228264,54.654384627008234],[-2.6790023012912485,54.6561666709508],[-2.686373273625617,54.66197965201009],[-2.6825926103884825,54.664436740437225],[-2.668200136681841,54.66342999440243],[-2.6425056575641923,54.67164235893445],[-2.640660117011166,54.66280129750415],[-2.6211287753878936,54.66113688062749],[-2.6120147599311996,54.649498431172695],[-2.5990317689976807,54.64817525937082],[-2.532681523007242,54.6768429822972],[-2.504869519941198,54.67522964537149],[-2.466230420716573,54.699344210436976],[-2.4317376398589845,54.70117739886582],[-2.4148201452177354,54.70658642345131],[-2.4010879239961493,54.70400372490372]]]}},{"type":"Feature","properties":{"name":"Isle of Wight","code":"H10200189"},"geometry":{"type":"Polygon","coordinates":[[[-1.3043582998550922,50.76654873198732],[-1.2941268772768126,50.75952876437697],[-1.2879810358934158,50.73665884581538],[-1.2818690677687683,50.72956840513526],[-1.2918989489173083,50.70164807567724],[-1.2881185378152162,50.69897095935145],[-1.2895383677858794,50.70631772108171],[-1.2759168860420627,50.73033924132165],[-1.2890155797509077,50.74939229974778],[-1.2899824060572047,50.76391776404555],[-1.274336010895582,50.76569666756493],[-1.2454258813715866,50.750339762027785],[-1.237445531896584,50.742585540054584],[-1.2409334354929176,50.73945685699246],[-1.23461164527317,50.742870965766706],[-1.2121546857398957,50.73721807186663],[-1.222028001296131,50.73086005370596],[-1.2246386074900892,50.72457454545324],[-1.2160267253702837,50.7328893452333],[-1.2084107824156591,50.73441001790642],[-1.1754929290054557,50.733462393698574],[-1.1085419180635823,50.72101865388944],[-1.0967970253988617,50.70495894092007],[-1.0964809242338749,50.696021554218255],[-1.1013762768630533,50.69920638141782],[-1.1068872595603536,50.69335141143945],[-1.098070980595883,50.69019857118371],[-1.0886030964999907,50.69464802595922],[-1.0799877845288326,50.693431808917445],[-1.0683792458582806,50.68344171418259],[-1.0924795810630663,50.671853311265416],[-1.0985244895496413,50.66438932790389],[-1.1299532873380793,50.66182115584986],[-1.1585931245542402,50.649695381095384],[-1.1664560894714944,50.64114904733139],[-1.1731048753561448,50.623112114563035],[-1.1740048609354916,50.60587599881568],[-1.1838578917510372,50.59668965484704],[-1.2486985038371108,50.58031327732782],[-1.2944858730472157,50.57433974527329],[-1.3055659855495017,50.57665214991817],[-1.316736954227895,50.58886736194386],[-1.3888778267500304,50.62656532074345],[-1.4451739004189108,50.642691578214766],[-1.4859412163637664,50.66707250474431],[-1.509415661910142,50.669474780135566],[-1.5682064644790714,50.66061372836161],[-1.5828882954864012,50.662034261906506],[-1.5690354264994881,50.66465593348569],[-1.5667672319638226,50.67340032784494],[-1.5455536219306636,50.67871225166018],[-1.5403961913289421,50.688204796177125],[-1.53353165368688,50.6917076013968],[-1.5328149499717325,50.699432209113446],[-1.5206680647628534,50.70658513177608],[-1.5003646650468596,50.70618600514314],[-1.508356871572216,50.70525674663112],[-1.4998679933506494,50.698553532457844],[-1.5049322993881042,50.69529690455634],[-1.5022822727323917,50.68693036140965],[-1.5063211776941958,50.683986768151314],[-1.5015001367205403,50.68565439264409],[-1.5041766532687242,50.69269717857933],[-1.4991155594806105,50.69301460949077],[-1.5013747770521295,50.69414222615057],[-1.4953701923324456,50.70002712231399],[-1.5007072604468699,50.70380051846058],[-1.499149271348513,50.70620237528753],[-1.4696167319423583,50.70900014605343],[-1.4243006983691011,50.726139627643036],[-1.4108879451049807,50.72410208361521],[-1.419166020609374,50.72531191683969],[-1.411489836042185,50.72310682057658],[-1.4190908578894754,50.72417023006051],[-1.4114703448038604,50.71900734764915],[-1.4158147095992444,50.7125716414197],[-1.4332599354052666,50.703551645078456],[-1.4283378404437288,50.70305890048114],[-1.4121470734284622,50.714741401231386],[-1.4115459406968278,50.70527687226545],[-1.4108509437826182,50.71021636660934],[-1.405963715701922,50.70901697483817],[-1.410735815266328,50.71375035416253],[-1.398301213229896,50.710204438349294],[-1.4075456804260615,50.71442581144581],[-1.4029277456452216,50.72344462785748],[-1.4004485850550037,50.722860799999154],[-1.4076283845001893,50.71640576946661],[-1.4018720435413579,50.72000538306202],[-1.3785876081206974,50.71582470131613],[-1.3763619653140176,50.711349191994884],[-1.3776007685129006,50.71610364220681],[-1.3704905700746903,50.71875192352327],[-1.3863526429670343,50.716223782604224],[-1.393471763563014,50.718382674752476],[-1.3865083210680271,50.72155253640793],[-1.3984711703453563,50.72603172244068],[-1.4078373291066493,50.723432790551776],[-1.3518896524210953,50.738523631872326],[-1.3412943363990637,50.75191807035882],[-1.315876728359934,50.76586408462338],[-1.3043582998550922,50.76654873198732]]]}},{"type":"Feature","properties":{"name":"Wiltshire","code":"H10200190"},"geometry":{"type":"Polygon","coordinates":[[[-1.8172480255129866,51.702570795102545],[-1.7906308601779581,51.665527254017086],[-1.777148139498729,51.668695264299004],[-1.7648972935251055,51.66166204926046],[-1.7489996295201904,51.66153838622338],[-1.7125901580880014,51.67109592341519],[-1.7087596169932684,51.673047365359764],[-1.7091118064318431,51.68001485325614],[-1.6953707101137474,51.69129227635533],[-1.6825879409279503,51.690474565274116],[-1.6962868796670274,51.68053148621357],[-1.698131686381754,51.67345525500206],[-1.698710904537277,51.670352581975465],[-1.6861724348398306,51.66013865942316],[-1.6911389764851064,51.65103813037825],[-1.6792642862516913,51.6486224972902],[-1.6719745414543463,51.640717645221834],[-1.6602574504634147,51.640008783470975],[-1.6566766667389334,51.633218992166135],[-1.6713667691269847,51.62157715605758],[-1.6675075375882926,51.61703526661923],[-1.6701084243491702,51.61369013743386],[-1.6825902703785136,51.611749878124954],[-1.689320831016752,51.605342972794475],[-1.6862006165253247,51.59087140349673],[-1.6920439830116467,51.581715750534585],[-1.6776514440351056,51.56841876120872],[-1.6541914988550361,51.57561941486305],[-1.6478032556339393,51.571342080965536],[-1.6461043815718543,51.56409847674614],[-1.6139864207578014,51.53280063674025],[-1.6044995794454864,51.51834392205048],[-1.59479266963029,51.51830419208892],[-1.5859779982943738,51.524284357594894],[-1.5867325692898586,51.50283250670372],[-1.5803473158439378,51.49423584943201],[-1.572524371263944,51.49032758485178],[-1.5574115733591662,51.468675102029174],[-1.542296207284152,51.45787833800089],[-1.526200917977725,51.4541081727281],[-1.5218578627480333,51.44340867384033],[-1.5283251555307396,51.43138174085283],[-1.5234754631855163,51.4241310240649],[-1.5634888495958357,51.42118858903846],[-1.568603008469362,51.41378672551994],[-1.5629461439241408,51.41277235808439],[-1.5596067017441018,51.406784347121516],[-1.5540841924663664,51.40832679305831],[-1.5539526029692399,51.39515617597888],[-1.5358843072970085,51.38740087757454],[-1.5400895721501848,51.381450627496676],[-1.5282634647908895,51.38479739830281],[-1.5319681538198247,51.38027287982953],[-1.525072630487818,51.376623582087014],[-1.5156307917588392,51.37797150656676],[-1.50880696385116,51.37041910208002],[-1.493171925116996,51.368525295776664],[-1.4986636958887183,51.35634865066722],[-1.483758218400257,51.345952160004856],[-1.4960274986122664,51.33197831270354],[-1.5118166415497782,51.33987259544141],[-1.5244923253738207,51.33892076899514],[-1.5308765505752595,51.31864827285757],[-1.5240929331488164,51.30698807665382],[-1.5267854903451634,51.3010879982041],[-1.5184304795409815,51.29740184543141],[-1.5217257137052365,51.28799501210623],[-1.5421395764750487,51.2830467699469],[-1.5369708733616663,51.278679076686785],[-1.538995238094409,51.26050983570067],[-1.5296628912980765,51.26215102254511],[-1.5387549655336654,51.24795192381012],[-1.5446519360034703,51.24576808207347],[-1.5771685258881867,51.25632439466784],[-1.6023556093685352,51.25368330138158],[-1.62598430195106,51.23307248969708],[-1.650921622995795,51.2377252428627],[-1.663122026557126,51.23452732480328],[-1.6809387672673766,51.23872032278226],[-1.6990190650127,51.235954965264305],[-1.688494207595602,51.219406949876124],[-1.6913977599445404,51.20272058128009],[-1.6669253464723162,51.18999062835712],[-1.6701078952160524,51.177446364782114],[-1.6533988891909357,51.15477434037314],[-1.6606999970586422,51.125955455838564],[-1.6419415441632257,51.1250544575427],[-1.6254941700044865,51.11612503838283],[-1.624572892845376,51.10456926248801],[-1.6346822689116138,51.093438238549744],[-1.626694231670689,51.07900901865802],[-1.6320345297914833,51.03277847762521],[-1.59793037373366,51.024265205831306],[-1.6022033442542205,51.01600305112516],[-1.5962438452128722,51.007776571695594],[-1.606675970412948,51.00970981176021],[-1.6114012964107036,51.00581304150264],[-1.6052750936844835,51.00234019777585],[-1.6176401087560308,51.00420702989834],[-1.6263428892521143,50.99806689537163],[-1.6161662884004566,50.97800806356796],[-1.604632561574763,50.97726242519304],[-1.6131917416834152,50.97155711038233],[-1.6222225425871137,50.95436112237495],[-1.6326628767575242,50.958501167492024],[-1.660152798278244,50.944682441499666],[-1.688255616157784,50.95468791320342],[-1.7184708314187644,50.97578935285506],[-1.7531056679935846,50.9774821302914],[-1.7537196471043284,50.98074926904322],[-1.8069006348169836,50.99257563716077],[-1.8169463759548012,50.98845594416342],[-1.8344735310804012,51.008997252965024],[-1.852145164363375,51.004673686783995],[-1.8718639785675972,50.9837408520691],[-1.872189214633665,51.00490213954131],[-1.8842163109261367,51.00051422396524],[-1.9278584950251616,50.99768819231912],[-1.9485695960384066,50.98233136427756],[-1.9638892167389208,50.99217148455737],[-1.9841328213095337,50.98455789438992],[-1.9969311669422058,50.974205876108066],[-2.0357884971856066,50.97090628031849],[-2.05759529963193,50.963167868211045],[-2.067802727160722,50.949705674503335],[-2.0933824996498163,50.94861022656451],[-2.100376829306028,50.94429028026299],[-2.11942909800111,50.96209668645531],[-2.122101266567327,50.97066506099967],[-2.1192880431162338,50.9760064880989],[-2.136430931199321,50.980449112081416],[-2.1725108194849256,51.00026613016319],[-2.175603581884678,51.010632176180444],[-2.189113124920139,51.019266266745184],[-2.1863141631132637,51.02653098678678],[-2.189926816198176,51.03760301267605],[-2.2434580271911093,51.072005998735484],[-2.267469469830539,51.06977534978689],[-2.2834201090942616,51.07610972061379],[-2.325299441833187,51.079213296423546],[-2.3278262288695033,51.08442059743124],[-2.335252484275663,51.08640726532626],[-2.3393591880546527,51.08343441321753],[-2.3451659316201185,51.08738691888055],[-2.3559583759353386,51.08661262167567],[-2.3662933580510765,51.118519897703564],[-2.342118077387335,51.12474680520619],[-2.3426568775308025,51.13316460800345],[-2.3299421736584915,51.13909965639363],[-2.3286552887957996,51.14660730897845],[-2.297380480739308,51.17470352386763],[-2.287806353525826,51.19071185716725],[-2.2644073264615137,51.21540475630078],[-2.267638568180449,51.22004775683995],[-2.2638994799086327,51.23043678203283],[-2.2458059495262734,51.25226406193559],[-2.2486356641715957,51.25880548038195],[-2.243751742900497,51.26284512867204],[-2.2431358345200985,51.270569469680964],[-2.2545461227457992,51.29077115315957],[-2.2642451567345816,51.293890280270126],[-2.27513845251388,51.28600544005309],[-2.2853248715284176,51.28598485574586],[-2.2797287926183154,51.29048818212055],[-2.2754374564362276,51.30527134302638],[-2.283905163251486,51.30859350279577],[-2.270608285498284,51.31303328960862],[-2.27277662854362,51.31957755536095],[-2.2631905311088314,51.32321557802507],[-2.2869032559058873,51.32473981954185],[-2.2884425644937454,51.32973645629806],[-2.2973443967708227,51.33254158805215],[-2.2955405268901727,51.343144147173575],[-2.308511783961672,51.340256201086326],[-2.320675350153563,51.34729438987762],[-2.3408278901174158,51.34402384094609],[-2.3421288690780395,51.34657343625598],[-2.319823885534592,51.35738870734219],[-2.3082498331253536,51.357056225177935],[-2.3070028291610565,51.36435936371653],[-2.2982444275365363,51.36194087624746],[-2.287267121634425,51.37312997483134],[-2.2947176504075273,51.38525796618159],[-2.2950525120357725,51.39451763962143],[-2.282772805643091,51.39612092959764],[-2.289364239971521,51.405145721454026],[-2.278358305850224,51.416189798663645],[-2.293243586348099,51.428385059274575],[-2.285651324241018,51.454713827389206],[-2.2938962129684444,51.46038351869817],[-2.289034109987208,51.4851612941343],[-2.308871905025207,51.488012936245944],[-2.312837347007496,51.48166576213452],[-2.321166060672256,51.482395253748905],[-2.331038790716199,51.49586155678002],[-2.297429807524995,51.50569233476142],[-2.2907556157579574,51.51294748300212],[-2.254311733486634,51.52220646506724],[-2.2509492135282643,51.52683767127017],[-2.2658164590502805,51.53570327077188],[-2.2610848158684567,51.54242002782374],[-2.266613387715179,51.54947580902743],[-2.2655547675651406,51.559645152355856],[-2.258207213392676,51.57011088999972],[-2.272638575898576,51.573329435432065],[-2.26859155013779,51.57945318494757],[-2.2618280094942413,51.582465887982195],[-2.2435566668102687,51.58126946956447],[-2.23975879084265,51.591122553822416],[-2.2354037448384934,51.592972676201356],[-2.2340244539884417,51.605744172636285],[-2.2249311559001708,51.60888246935268],[-2.2036209339294794,51.603265812933735],[-2.2049796978506526,51.59665384400977],[-2.2014516575911727,51.59555798823354],[-2.1894684485921276,51.592774098578914],[-2.181925595048222,51.59448703147974],[-2.178336187829378,51.59966818558238],[-2.1738035211400755,51.59469728663114],[-2.1504947007490034,51.58987022908729],[-2.126587968395544,51.61642215899229],[-2.131764077993349,51.62040207567709],[-2.1468636147464153,51.62045631018966],[-2.1532342209098574,51.63618173632758],[-2.1163960480453046,51.65765671861661],[-2.0845257037628246,51.65053118720116],[-2.057691960198118,51.67150853422832],[-2.0286937117334762,51.655832908593155],[-2.024621627721303,51.65816873138796],[-2.019670482134464,51.6515308405729],[-2.0083483165375906,51.649103714493314],[-1.9924805862450181,51.6518939055738],[-1.9762142619651581,51.643431266079304],[-1.975810254422343,51.637894742237926],[-1.9493346196719477,51.63652088048886],[-1.9598591157037302,51.65905665358838],[-1.9387320420167846,51.668970488156006],[-1.9171473837040758,51.655074882659555],[-1.8995246986234515,51.654236369566306],[-1.8880544662626921,51.64822646100406],[-1.8775013593330672,51.65095323427444],[-1.8746436660831944,51.652251570753236],[-1.8850198835753438,51.65945769085163],[-1.898258650583178,51.67811941170849],[-1.89386800397477,51.67590329598002],[-1.875203163619351,51.6819395358009],[-1.851576508682888,51.65710749130034],[-1.833405909049116,51.65684328276136],[-1.8166377866270873,51.66265288214464],[-1.8242841188719736,51.67329173377026],[-1.8158449784524553,51.68333171396114],[-1.8224689498243563,51.695504036921385],[-1.8172480255129866,51.702570795102545]]]}},{"type":"Feature","properties":{"name":"City and County of York","code":"H10205618"},"geometry":{"type":"Polygon","coordinates":[[[-1.0460045705313508,53.95545350058001],[-1.0582093134278283,53.950079616570065],[-1.0569974593619207,53.94384511477792],[-1.0614667489693344,53.939686951491616],[-1.088857119227728,53.93960373017784],[-1.0924846577715457,53.930958907548906],[-1.0997852759819589,53.93259706348451],[-1.1037349890667834,53.93603742060921],[-1.1024842506538617,53.941365382795865],[-1.115240451905433,53.94466772991324],[-1.1149653622090738,53.950171819223854],[-1.1265499833745016,53.95747513395898],[-1.1016500153423383,53.974357333887575],[-1.072216594167715,53.97658096922757],[-1.070269589561504,53.97225199047018],[-1.0527374868404196,53.970539151899466],[-1.0460045705313508,53.95545350058001]]]}}]}